time,co2,voc
2025-08-19 10:14:38.245,588.65,100.44
2025-08-19 10:14:39.245,588.65,100.44
2025-08-19 10:14:40.246,588.65,100.44
2025-08-19 10:14:41.246,588.65,100.44
2025-08-19 10:14:42.246,588.65,104.80
2025-08-19 10:14:43.247,588.65,100.44
2025-08-19 10:14:44.247,588.65,100.44
2025-08-19 10:14:45.246,588.65,96.07
2025-08-19 10:14:46.247,588.65,91.70
2025-08-19 10:14:47.247,588.65,91.70
2025-08-19 10:14:48.247,588.65,91.70
2025-08-19 10:14:49.248,588.65,87.34
2025-08-19 10:14:50.248,588.65,87.34
2025-08-19 10:14:51.249,588.65,87.34
2025-08-19 10:14:52.249,588.65,87.34
2025-08-19 10:14:53.250,588.65,87.34
2025-08-19 10:14:54.251,588.65,91.70
2025-08-19 10:14:55.251,588.65,96.07
2025-08-19 10:14:56.253,588.65,100.44
2025-08-19 10:14:57.252,588.65,91.70
2025-08-19 10:14:58.253,588.65,91.70
2025-08-19 10:14:59.253,588.65,91.70
2025-08-19 10:15:00.254,588.65,91.70
2025-08-19 10:15:01.254,588.65,91.70
2025-08-19 10:15:02.255,588.65,91.70
2025-08-19 10:15:03.256,588.65,91.70
2025-08-19 10:15:04.257,588.65,91.70
2025-08-19 10:15:05.258,588.65,91.70
2025-08-19 10:15:06.258,588.65,96.07
2025-08-19 10:15:07.259,588.65,91.70
2025-08-19 10:15:08.259,588.65,91.70
2025-08-19 10:15:09.260,588.65,91.70
2025-08-19 10:15:10.260,588.65,96.07
2025-08-19 10:15:11.262,588.65,100.44
2025-08-19 10:15:12.261,588.65,96.07
2025-08-19 10:15:13.262,588.65,91.70
2025-08-19 10:15:14.262,588.65,96.07
2025-08-19 10:15:15.263,588.65,91.70
2025-08-19 10:15:16.263,588.65,91.70
2025-08-19 10:15:17.264,588.65,91.70
2025-08-19 10:15:18.264,588.65,91.70
2025-08-19 10:15:19.265,588.65,91.70
2025-08-19 10:15:20.265,588.65,91.70
2025-08-19 10:15:21.266,588.65,91.70
2025-08-19 10:15:22.267,588.65,91.70
2025-08-19 10:15:23.267,588.65,91.70
2025-08-19 10:15:24.268,588.65,91.70
2025-08-19 10:15:25.269,588.65,91.70
2025-08-19 10:15:26.270,588.65,87.34
2025-08-19 10:15:27.270,588.65,87.34
2025-08-19 10:15:28.271,588.65,87.34
2025-08-19 10:15:29.272,588.65,91.70
2025-08-19 10:15:30.273,588.65,91.70
2025-08-19 10:15:31.274,588.65,91.70
2025-08-19 10:15:32.275,588.65,91.70
2025-08-19 10:15:33.275,588.65,91.70
2025-08-19 10:15:34.276,588.65,91.70
2025-08-19 10:15:35.277,588.65,87.34
2025-08-19 10:15:36.277,588.65,91.70
2025-08-19 10:15:37.278,588.65,96.07
2025-08-19 10:15:38.279,588.65,96.07
2025-08-19 10:15:39.280,588.65,91.70
2025-08-19 10:15:40.281,588.65,91.70
2025-08-19 10:15:41.282,588.65,91.70
2025-08-19 10:15:42.282,588.65,87.34
2025-08-19 10:15:43.283,588.65,87.34
2025-08-19 10:15:44.284,588.65,87.34
2025-08-19 10:15:45.284,588.65,87.34
2025-08-19 10:15:46.285,588.65,87.34
2025-08-19 10:15:47.286,588.65,87.34
2025-08-19 10:15:48.286,588.65,91.70
2025-08-19 10:15:49.287,588.65,87.34
2025-08-19 10:15:50.288,588.65,87.34
2025-08-19 10:15:51.289,588.65,87.34
2025-08-19 10:15:52.290,588.65,91.70
2025-08-19 10:15:53.291,588.65,91.70
2025-08-19 10:15:54.292,588.65,91.70
2025-08-19 10:15:55.293,588.65,91.70
2025-08-19 10:15:56.293,588.65,91.70
2025-08-19 10:15:57.294,588.65,91.70
2025-08-19 10:15:58.294,588.65,91.70
2025-08-19 10:15:59.295,588.65,91.70
2025-08-19 10:16:00.296,588.65,91.70
2025-08-19 10:16:01.297,588.65,91.70
2025-08-19 10:16:02.298,588.65,91.70
2025-08-19 10:16:03.298,588.65,87.34
2025-08-19 10:16:04.299,588.65,87.34
2025-08-19 10:16:05.300,588.65,87.34
2025-08-19 10:16:06.300,588.65,87.34
2025-08-19 10:16:07.301,588.65,87.34
2025-08-19 10:16:08.301,588.65,87.34
2025-08-19 10:16:09.302,588.65,91.70
2025-08-19 10:16:10.302,588.65,91.70
2025-08-19 10:16:11.303,588.65,91.70
2025-08-19 10:16:12.304,588.65,91.70
2025-08-19 10:16:13.304,588.65,91.70
2025-08-19 10:16:14.305,588.65,91.70
2025-08-19 10:16:15.305,588.65,91.70
2025-08-19 10:16:16.306,588.65,87.34
2025-08-19 10:16:17.307,588.65,91.70
2025-08-19 10:16:18.307,588.65,91.70
2025-08-19 10:16:19.308,588.65,91.70
2025-08-19 10:16:20.308,588.65,91.70
2025-08-19 10:16:21.309,588.65,91.70
2025-08-19 10:16:22.309,588.65,91.70
2025-08-19 10:16:23.310,588.65,91.70
2025-08-19 10:16:24.310,588.65,91.70
2025-08-19 10:16:25.311,588.65,91.70
2025-08-19 10:16:26.312,588.65,91.70
2025-08-19 10:16:27.313,588.65,91.70
2025-08-19 10:16:28.313,588.65,91.70
2025-08-19 10:16:29.314,588.65,91.70
2025-08-19 10:16:30.315,588.65,91.70
2025-08-19 10:16:31.315,588.65,91.70
2025-08-19 10:16:32.316,588.65,91.70
2025-08-19 10:16:33.317,588.65,91.70
2025-08-19 10:16:34.319,588.65,100.44
2025-08-19 10:16:35.320,588.65,100.44
2025-08-19 10:16:36.320,588.65,96.07
2025-08-19 10:16:37.321,588.65,96.07
2025-08-19 10:16:38.322,588.65,91.70
2025-08-19 10:16:39.323,588.65,91.70
2025-08-19 10:16:40.324,588.65,91.70
2025-08-19 10:16:41.325,588.65,91.70
2025-08-19 10:16:42.326,588.65,91.70
2025-08-19 10:16:43.326,588.65,91.70
2025-08-19 10:16:44.327,588.65,91.70
2025-08-19 10:16:45.328,588.65,91.70
2025-08-19 10:16:46.329,588.65,91.70
2025-08-19 10:16:47.330,588.65,91.70
2025-08-19 10:16:48.331,588.65,91.70
2025-08-19 10:16:49.332,588.65,91.70
2025-08-19 10:16:50.332,588.65,91.70
2025-08-19 10:16:51.333,588.65,91.70
2025-08-19 10:16:52.334,588.65,91.70
2025-08-19 10:16:53.335,588.65,91.70
2025-08-19 10:16:54.335,588.65,91.70
2025-08-19 10:16:55.336,588.65,91.70
2025-08-19 10:16:56.337,588.65,91.70
2025-08-19 10:16:57.337,588.65,91.70
2025-08-19 10:16:58.338,588.65,91.70
2025-08-19 10:16:59.338,588.65,87.34
2025-08-19 10:17:00.339,588.65,91.70
2025-08-19 10:17:01.340,588.65,91.70
2025-08-19 10:17:02.340,588.65,91.70
2025-08-19 10:17:03.341,588.65,91.70
2025-08-19 10:17:04.341,588.65,91.70
2025-08-19 10:17:05.342,588.65,91.70
2025-08-19 10:17:06.342,588.65,91.70
2025-08-19 10:17:07.343,588.65,91.70
2025-08-19 10:17:08.343,588.65,91.70
2025-08-19 10:17:09.344,588.65,91.70
2025-08-19 10:17:10.344,588.65,91.70
2025-08-19 10:17:11.345,588.65,91.70
2025-08-19 10:17:12.345,588.65,91.70
2025-08-19 10:17:13.345,588.65,91.70
2025-08-19 10:17:14.346,588.65,91.70
2025-08-19 10:17:15.347,588.65,91.70
2025-08-19 10:17:16.347,588.65,91.70
2025-08-19 10:17:17.348,588.65,91.70
2025-08-19 10:17:18.348,588.65,91.70
2025-08-19 10:17:19.349,588.65,91.70
2025-08-19 10:17:20.349,588.65,91.70
2025-08-19 10:17:21.350,588.65,91.70
2025-08-19 10:17:22.350,588.65,91.70
2025-08-19 10:17:23.351,588.65,91.70
2025-08-19 10:17:24.351,588.65,91.70
2025-08-19 10:17:25.352,588.65,91.70
2025-08-19 10:17:26.352,588.65,91.70
2025-08-19 10:17:27.353,588.65,91.70
2025-08-19 10:17:28.353,588.65,96.07
2025-08-19 10:17:29.354,588.65,91.70
2025-08-19 10:17:30.355,588.65,91.70
2025-08-19 10:17:31.355,588.65,91.70
2025-08-19 10:17:32.356,588.65,87.34
2025-08-19 10:17:33.356,588.65,87.34
2025-08-19 10:17:34.357,588.65,91.70
2025-08-19 10:17:35.358,588.65,87.34
2025-08-19 10:17:36.358,588.65,91.70
2025-08-19 10:17:37.359,588.65,91.70
2025-08-19 10:17:38.360,588.65,91.70
2025-08-19 10:17:39.360,588.65,91.70
2025-08-19 10:17:40.361,588.65,91.70
2025-08-19 10:17:41.362,588.65,87.34
2025-08-19 10:17:42.362,588.65,87.34
2025-08-19 10:17:43.363,588.65,87.34
2025-08-19 10:17:44.364,588.65,91.70
2025-08-19 10:17:45.364,588.65,96.07
2025-08-19 10:17:46.366,588.65,131.00
2025-08-19 10:17:47.367,595.63,397.38
2025-08-19 10:17:48.368,595.63,209.61
2025-08-19 10:17:49.368,595.63,117.90
2025-08-19 10:17:50.368,595.63,91.70
2025-08-19 10:17:51.369,595.63,87.34
2025-08-19 10:17:52.369,595.63,82.97
2025-08-19 10:17:53.370,595.63,82.97
2025-08-19 10:17:54.371,588.65,82.97
2025-08-19 10:17:55.371,588.65,82.97
2025-08-19 10:17:56.372,588.65,82.97
2025-08-19 10:17:57.373,588.65,82.97
2025-08-19 10:17:58.374,588.65,82.97
2025-08-19 10:17:59.374,588.65,87.34
2025-08-19 10:18:00.375,588.65,82.97
2025-08-19 10:18:01.376,588.65,82.97
2025-08-19 10:18:02.377,588.65,82.97
2025-08-19 10:18:03.377,588.65,82.97
2025-08-19 10:18:04.378,588.65,87.34
2025-08-19 10:18:05.379,588.65,87.34
2025-08-19 10:18:06.380,588.65,100.44
2025-08-19 10:18:07.381,588.65,100.44
2025-08-19 10:18:08.382,595.63,213.97
2025-08-19 10:18:09.382,595.63,467.25
2025-08-19 10:18:10.383,595.63,484.72
2025-08-19 10:18:11.384,595.63,161.57
2025-08-19 10:18:12.384,595.63,126.64
2025-08-19 10:18:13.384,595.63,113.54
2025-08-19 10:18:14.385,595.63,109.17
2025-08-19 10:18:15.385,595.63,109.17
2025-08-19 10:18:16.386,595.63,109.17
2025-08-19 10:18:17.387,595.63,100.44
2025-08-19 10:18:18.387,595.63,100.44
2025-08-19 10:18:19.387,595.63,91.70
2025-08-19 10:18:20.388,595.63,82.97
2025-08-19 10:18:21.388,595.63,82.97
2025-08-19 10:18:22.389,595.63,87.34
2025-08-19 10:18:23.389,595.63,87.34
2025-08-19 10:18:24.390,595.63,87.34
2025-08-19 10:18:25.391,595.63,78.60
2025-08-19 10:18:26.392,595.63,82.97
2025-08-19 10:18:27.393,595.63,82.97
2025-08-19 10:18:28.393,595.63,78.60
2025-08-19 10:18:29.394,595.63,82.97
2025-08-19 10:18:30.395,595.63,87.34
2025-08-19 10:18:31.396,595.63,91.70
2025-08-19 10:18:32.396,595.63,91.70
2025-08-19 10:18:33.397,595.63,91.70
2025-08-19 10:18:34.398,595.63,96.07
2025-08-19 10:18:35.398,595.63,91.70
2025-08-19 10:18:36.399,595.63,91.70
2025-08-19 10:18:37.399,595.63,87.34
2025-08-19 10:18:38.400,595.63,87.34
2025-08-19 10:18:39.400,595.63,87.34
2025-08-19 10:18:40.400,595.63,87.34
2025-08-19 10:18:41.401,595.63,87.34
2025-08-19 10:18:42.401,595.63,91.70
2025-08-19 10:18:43.402,595.63,91.70
2025-08-19 10:18:44.402,595.63,87.34
2025-08-19 10:18:45.402,595.63,91.70
2025-08-19 10:18:46.403,595.63,91.70
2025-08-19 10:18:47.403,595.63,96.07
2025-08-19 10:18:48.404,595.63,91.70
2025-08-19 10:18:49.405,595.63,91.70
2025-08-19 10:18:50.406,595.63,87.34
2025-08-19 10:18:51.406,595.63,87.34
2025-08-19 10:18:52.407,595.63,82.97
2025-08-19 10:18:53.408,595.63,82.97
2025-08-19 10:18:54.408,595.63,82.97
2025-08-19 10:18:55.409,595.63,82.97
2025-08-19 10:18:56.410,595.63,82.97
2025-08-19 10:18:57.411,595.63,82.97
2025-08-19 10:18:58.411,595.63,82.97
2025-08-19 10:18:59.412,595.63,82.97
2025-08-19 10:19:00.412,595.63,82.97
2025-08-19 10:19:01.413,595.63,82.97
2025-08-19 10:19:02.413,595.63,82.97
2025-08-19 10:19:03.413,595.63,82.97
2025-08-19 10:19:04.413,595.63,82.97
2025-08-19 10:19:05.414,595.63,82.97
2025-08-19 10:19:06.414,595.63,82.97
2025-08-19 10:19:07.414,595.63,82.97
2025-08-19 10:19:08.415,595.63,82.97
2025-08-19 10:19:09.415,595.63,82.97
2025-08-19 10:19:10.415,595.63,82.97
2025-08-19 10:19:11.416,588.65,82.97
2025-08-19 10:19:12.416,588.65,82.97
2025-08-19 10:19:13.417,588.65,87.34
2025-08-19 10:19:14.417,588.65,87.34
2025-08-19 10:19:15.418,588.65,91.70
2025-08-19 10:19:16.418,588.65,87.34
2025-08-19 10:19:17.419,588.65,87.34
2025-08-19 10:19:18.419,588.65,82.97
2025-08-19 10:19:19.420,588.65,82.97
2025-08-19 10:19:20.420,588.65,82.97
2025-08-19 10:19:21.421,588.65,82.97
2025-08-19 10:19:22.422,588.65,82.97
2025-08-19 10:19:23.422,588.65,82.97
2025-08-19 10:19:24.423,588.65,82.97
2025-08-19 10:19:25.424,588.65,82.97
2025-08-19 10:19:26.424,588.65,82.97
2025-08-19 10:19:27.425,588.65,82.97
2025-08-19 10:19:28.425,588.65,82.97
2025-08-19 10:19:29.426,588.65,82.97
2025-08-19 10:19:30.426,588.65,82.97
2025-08-19 10:19:31.427,588.65,82.97
2025-08-19 10:19:32.428,588.65,82.97
2025-08-19 10:19:33.428,588.65,82.97
2025-08-19 10:19:34.428,588.65,82.97
2025-08-19 10:19:35.429,588.65,82.97
2025-08-19 10:19:36.429,588.65,82.97
2025-08-19 10:19:37.429,588.65,82.97
2025-08-19 10:19:38.430,588.65,82.97
2025-08-19 10:19:39.430,588.65,82.97
2025-08-19 10:19:40.431,588.65,82.97
2025-08-19 10:19:41.431,588.65,82.97
2025-08-19 10:19:42.431,588.65,82.97
2025-08-19 10:19:43.432,588.65,82.97
2025-08-19 10:19:44.432,588.65,82.97
2025-08-19 10:19:45.432,588.65,82.97
2025-08-19 10:19:46.433,588.65,82.97
2025-08-19 10:19:47.433,588.65,82.97
2025-08-19 10:19:48.434,588.65,82.97
2025-08-19 10:19:49.435,588.65,82.97
2025-08-19 10:19:50.435,588.65,82.97
2025-08-19 10:19:51.436,588.65,82.97
2025-08-19 10:19:52.437,588.65,82.97
2025-08-19 10:19:53.437,588.65,82.97
2025-08-19 10:19:54.438,588.65,82.97
2025-08-19 10:19:55.438,588.65,82.97
2025-08-19 10:19:56.438,588.65,82.97
2025-08-19 10:19:57.439,588.65,82.97
2025-08-19 10:19:58.439,588.65,82.97
2025-08-19 10:19:59.439,588.65,82.97
2025-08-19 10:20:00.439,588.65,82.97
2025-08-19 10:20:01.439,581.66,82.97
2025-08-19 10:20:02.440,581.66,82.97
2025-08-19 10:20:03.440,581.66,82.97
2025-08-19 10:20:04.440,581.66,82.97
2025-08-19 10:20:05.441,581.66,82.97
2025-08-19 10:20:06.441,581.66,82.97
2025-08-19 10:20:07.442,581.66,82.97
2025-08-19 10:20:08.442,581.66,82.97
2025-08-19 10:20:09.443,581.66,82.97
2025-08-19 10:20:10.444,581.66,82.97
2025-08-19 10:20:11.444,581.66,82.97
2025-08-19 10:20:12.445,581.66,82.97
2025-08-19 10:20:13.445,581.66,82.97
2025-08-19 10:20:14.446,581.66,82.97
2025-08-19 10:20:15.447,581.66,82.97
2025-08-19 10:20:16.447,581.66,87.34
2025-08-19 10:20:17.448,581.66,87.34
2025-08-19 10:20:18.448,581.66,87.34
2025-08-19 10:20:19.449,581.66,87.34
2025-08-19 10:20:20.449,581.66,82.97
2025-08-19 10:20:21.450,581.66,82.97
2025-08-19 10:20:22.450,581.66,82.97
2025-08-19 10:20:23.450,581.66,82.97
2025-08-19 10:20:24.451,581.66,82.97
2025-08-19 10:20:25.452,581.66,82.97
2025-08-19 10:20:26.452,581.66,82.97
2025-08-19 10:20:27.452,581.66,87.34
2025-08-19 10:20:28.453,581.66,87.34
2025-08-19 10:20:29.453,581.66,87.34
2025-08-19 10:20:30.454,581.66,87.34
2025-08-19 10:20:31.454,581.66,87.34
2025-08-19 10:20:32.455,581.66,87.34
2025-08-19 10:20:33.455,581.66,91.70
2025-08-19 10:20:34.456,581.66,87.34
2025-08-19 10:20:35.457,581.66,82.97
2025-08-19 10:20:36.457,581.66,82.97
2025-08-19 10:20:37.458,581.66,82.97
2025-08-19 10:20:38.459,581.66,82.97
2025-08-19 10:20:39.459,581.66,82.97
2025-08-19 10:20:40.460,581.66,82.97
2025-08-19 10:20:41.461,581.66,82.97
2025-08-19 10:20:42.462,581.66,82.97
2025-08-19 10:20:43.462,581.66,87.34
2025-08-19 10:20:44.463,581.66,87.34
2025-08-19 10:20:45.463,581.66,87.34
2025-08-19 10:20:46.464,581.66,87.34
2025-08-19 10:20:47.465,581.66,87.34
2025-08-19 10:20:48.465,581.66,87.34
2025-08-19 10:20:49.466,581.66,87.34
2025-08-19 10:20:50.467,581.66,87.34
2025-08-19 10:20:51.467,581.66,82.97
2025-08-19 10:20:52.468,581.66,82.97
2025-08-19 10:20:53.469,581.66,82.97
2025-08-19 10:20:54.470,581.66,87.34
2025-08-19 10:20:55.470,581.66,87.34
2025-08-19 10:20:56.471,581.66,87.34
2025-08-19 10:20:57.472,581.66,87.34
2025-08-19 10:20:58.472,581.66,87.34
2025-08-19 10:20:59.473,581.66,87.34
2025-08-19 10:21:00.474,581.66,87.34
2025-08-19 10:21:01.474,581.66,87.34
2025-08-19 10:21:02.475,581.66,87.34
2025-08-19 10:21:03.476,581.66,82.97
2025-08-19 10:21:04.476,581.66,82.97
2025-08-19 10:21:05.477,581.66,82.97
2025-08-19 10:21:06.478,581.66,82.97
2025-08-19 10:21:07.479,581.66,82.97
2025-08-19 10:21:08.479,581.66,82.97
2025-08-19 10:21:09.480,581.66,82.97
2025-08-19 10:21:10.481,574.67,82.97
2025-08-19 10:21:11.481,574.67,82.97
2025-08-19 10:21:12.482,574.67,82.97
2025-08-19 10:21:13.483,574.67,82.97
2025-08-19 10:21:14.483,574.67,82.97
2025-08-19 10:21:15.484,574.67,82.97
2025-08-19 10:21:16.485,574.67,82.97
2025-08-19 10:21:17.486,574.67,82.97
2025-08-19 10:21:18.487,574.67,82.97
2025-08-19 10:21:19.487,574.67,82.97
2025-08-19 10:21:20.488,574.67,82.97
2025-08-19 10:21:21.489,574.67,82.97
2025-08-19 10:21:22.490,574.67,82.97
2025-08-19 10:21:23.491,574.67,82.97
2025-08-19 10:21:24.491,574.67,82.97
2025-08-19 10:21:25.492,574.67,87.34
2025-08-19 10:21:26.493,574.67,96.07
2025-08-19 10:21:27.494,574.67,96.07
2025-08-19 10:21:28.494,574.67,91.70
2025-08-19 10:21:29.495,574.67,91.70
2025-08-19 10:21:30.496,574.67,87.34
2025-08-19 10:21:31.497,574.67,82.97
2025-08-19 10:21:32.498,574.67,87.34
2025-08-19 10:21:33.498,574.67,87.34
2025-08-19 10:21:34.499,574.67,91.70
2025-08-19 10:21:35.500,574.67,96.07
2025-08-19 10:21:36.501,574.67,96.07
2025-08-19 10:21:37.501,574.67,96.07
2025-08-19 10:21:38.502,574.67,96.07
2025-08-19 10:21:39.503,574.67,91.70
2025-08-19 10:21:40.504,574.67,91.70
2025-08-19 10:21:41.504,574.67,87.34
2025-08-19 10:21:42.505,574.67,87.34
2025-08-19 10:21:43.506,574.67,91.70
2025-08-19 10:21:44.507,574.67,91.70
2025-08-19 10:21:45.507,574.67,87.34
2025-08-19 10:21:46.508,574.67,87.34
2025-08-19 10:21:47.509,574.67,91.70
2025-08-19 10:21:48.510,574.67,100.44
2025-08-19 10:21:49.511,574.67,100.44
2025-08-19 10:21:50.511,574.67,96.07
2025-08-19 10:21:51.512,574.67,100.44
2025-08-19 10:21:52.512,574.67,96.07
2025-08-19 10:21:53.513,574.67,96.07
2025-08-19 10:21:54.513,574.67,91.70
2025-08-19 10:21:55.514,574.67,91.70
2025-08-19 10:21:56.515,574.67,87.34
2025-08-19 10:21:57.515,574.67,87.34
2025-08-19 10:21:58.516,574.67,87.34
2025-08-19 10:21:59.517,574.67,87.34
2025-08-19 10:22:00.518,574.67,87.34
2025-08-19 10:22:01.518,574.67,87.34
2025-08-19 10:22:02.519,574.67,87.34
2025-08-19 10:22:03.520,574.67,87.34
2025-08-19 10:22:04.521,574.67,87.34
2025-08-19 10:22:05.521,574.67,87.34
2025-08-19 10:22:06.522,574.67,87.34
2025-08-19 10:22:07.523,574.67,91.70
2025-08-19 10:22:08.523,574.67,91.70
2025-08-19 10:22:09.524,574.67,91.70
2025-08-19 10:22:10.525,574.67,91.70
2025-08-19 10:22:11.525,574.67,91.70
2025-08-19 10:22:12.526,574.67,96.07
2025-08-19 10:22:13.528,574.67,104.80
2025-08-19 10:22:14.528,574.67,104.80
2025-08-19 10:22:15.529,574.67,100.44
2025-08-19 10:22:16.530,574.67,104.80
2025-08-19 10:22:17.530,574.67,104.80
2025-08-19 10:22:18.531,574.67,100.44
2025-08-19 10:22:19.531,574.67,100.44
2025-08-19 10:22:20.531,574.67,96.07
2025-08-19 10:22:21.532,574.67,96.07
2025-08-19 10:22:22.532,574.67,96.07
2025-08-19 10:22:23.534,574.67,100.44
2025-08-19 10:22:24.535,574.67,100.44
2025-08-19 10:22:25.535,574.67,96.07
2025-08-19 10:22:26.536,574.67,96.07
2025-08-19 10:22:27.537,574.67,96.07
2025-08-19 10:22:28.537,574.67,91.70
2025-08-19 10:22:29.538,574.67,91.70
2025-08-19 10:22:30.539,574.67,87.34
2025-08-19 10:22:31.540,574.67,91.70
2025-08-19 10:22:32.541,574.67,91.70
2025-08-19 10:22:33.542,574.67,96.07
2025-08-19 10:22:34.543,574.67,91.70
2025-08-19 10:22:35.544,574.67,91.70
2025-08-19 10:22:36.546,574.67,87.34
2025-08-19 10:22:37.547,574.67,87.34
2025-08-19 10:22:38.548,574.67,87.34
2025-08-19 10:22:39.549,574.67,87.34
2025-08-19 10:22:40.550,574.67,87.34
2025-08-19 10:22:41.551,574.67,87.34
2025-08-19 10:22:42.552,574.67,87.34
2025-08-19 10:22:43.553,574.67,87.34
2025-08-19 10:22:44.554,574.67,87.34
2025-08-19 10:22:45.555,574.67,91.70
2025-08-19 10:22:46.556,574.67,91.70
2025-08-19 10:22:47.557,574.67,96.07
2025-08-19 10:22:48.558,574.67,96.07
2025-08-19 10:22:49.558,574.67,91.70
2025-08-19 10:22:50.559,574.67,91.70
2025-08-19 10:22:51.560,574.67,87.34
2025-08-19 10:22:52.561,574.67,87.34
2025-08-19 10:22:53.562,574.67,87.34
2025-08-19 10:22:54.563,574.67,96.07
2025-08-19 10:22:55.564,574.67,104.80
2025-08-19 10:22:56.565,574.67,100.44
2025-08-19 10:22:57.565,574.67,91.70
2025-08-19 10:22:58.566,574.67,91.70
2025-08-19 10:22:59.567,581.66,139.74
2025-08-19 10:23:00.568,581.66,388.65
2025-08-19 10:23:01.569,581.66,436.68
2025-08-19 10:23:02.569,581.66,441.05
2025-08-19 10:23:03.570,581.66,275.11
2025-08-19 10:23:04.571,581.66,222.71
2025-08-19 10:23:05.571,581.66,139.74
2025-08-19 10:23:06.572,581.66,117.90
2025-08-19 10:23:07.573,581.66,109.17
2025-08-19 10:23:08.572,581.66,91.70
2025-08-19 10:23:09.573,581.66,87.34
2025-08-19 10:23:10.575,581.66,100.44
2025-08-19 10:23:11.574,588.65,96.07
2025-08-19 10:23:12.575,588.65,96.07
2025-08-19 10:23:13.576,588.65,96.07
2025-08-19 10:23:14.578,588.65,100.44
2025-08-19 10:23:15.579,588.65,100.44
2025-08-19 10:23:16.578,588.65,96.07
2025-08-19 10:23:17.580,588.65,100.44
2025-08-19 10:23:18.580,588.65,96.07
2025-08-19 10:23:19.582,588.65,100.44
2025-08-19 10:23:20.582,588.65,96.07
2025-08-19 10:23:21.583,588.65,82.97
2025-08-19 10:23:22.583,581.66,78.60
2025-08-19 10:23:23.584,581.66,78.60
2025-08-19 10:23:24.585,581.66,78.60
2025-08-19 10:23:25.586,581.66,78.60
2025-08-19 10:23:26.587,581.66,82.97
2025-08-19 10:23:27.588,581.66,82.97
2025-08-19 10:23:28.589,581.66,82.97
2025-08-19 10:23:29.591,588.65,205.24
2025-08-19 10:23:30.591,588.65,401.75
2025-08-19 10:23:31.592,588.65,445.41
2025-08-19 10:23:32.593,588.65,445.41
2025-08-19 10:23:33.593,595.63,449.78
2025-08-19 10:23:34.594,595.63,458.52
2025-08-19 10:23:35.595,595.63,467.25
2025-08-19 10:23:36.595,595.63,484.72
2025-08-19 10:23:37.595,595.63,493.45
2025-08-19 10:23:38.596,602.62,423.58
2025-08-19 10:23:39.596,602.62,170.31
2025-08-19 10:23:40.597,602.62,157.21
2025-08-19 10:23:41.598,602.62,336.24
2025-08-19 10:23:42.598,602.62,397.38
2025-08-19 10:23:43.599,602.62,423.58
2025-08-19 10:23:44.600,609.61,436.68
2025-08-19 10:23:45.601,609.61,445.41
2025-08-19 10:23:46.601,609.61,414.85
2025-08-19 10:23:47.602,609.61,248.91
2025-08-19 10:23:48.603,609.61,161.57
2025-08-19 10:23:49.603,609.61,248.91
2025-08-19 10:23:50.604,616.59,314.41
2025-08-19 10:23:51.605,616.59,353.71
2025-08-19 10:23:52.605,616.59,371.18
2025-08-19 10:23:53.606,616.59,275.11
2025-08-19 10:23:54.607,616.59,170.31
2025-08-19 10:23:55.607,616.59,113.54
2025-08-19 10:23:56.608,616.59,109.17
2025-08-19 10:23:57.609,616.59,113.54
2025-08-19 10:23:58.608,616.59,91.70
2025-08-19 10:23:59.609,616.59,82.97
2025-08-19 10:24:00.610,616.59,74.24
2025-08-19 10:24:01.611,616.59,65.50
2025-08-19 10:24:02.612,616.59,135.37
2025-08-19 10:24:03.613,616.59,235.81
2025-08-19 10:24:04.614,616.59,131.00
2025-08-19 10:24:05.615,616.59,104.80
2025-08-19 10:24:06.615,616.59,104.80
2025-08-19 10:24:07.615,616.59,82.97
2025-08-19 10:24:08.616,616.59,96.07
2025-08-19 10:24:09.617,616.59,82.97
2025-08-19 10:24:10.618,616.59,69.87
2025-08-19 10:24:11.619,616.59,78.60
2025-08-19 10:24:12.619,616.59,78.60
2025-08-19 10:24:13.620,616.59,91.70
2025-08-19 10:24:14.621,616.59,82.97
2025-08-19 10:24:15.622,616.59,82.97
2025-08-19 10:24:16.623,616.59,91.70
2025-08-19 10:24:17.625,616.59,100.44
2025-08-19 10:24:18.625,616.59,96.07
2025-08-19 10:24:19.626,616.59,96.07
2025-08-19 10:24:20.627,616.59,96.07
2025-08-19 10:24:21.628,616.59,91.70
2025-08-19 10:24:22.629,616.59,91.70
2025-08-19 10:24:23.629,616.59,91.70
2025-08-19 10:24:24.630,616.59,87.34
2025-08-19 10:24:25.631,616.59,82.97
2025-08-19 10:24:26.632,616.59,74.24
2025-08-19 10:24:27.633,616.59,91.70
2025-08-19 10:24:28.634,616.59,310.04
2025-08-19 10:24:29.635,616.59,397.38
2025-08-19 10:24:30.636,616.59,349.34
2025-08-19 10:24:31.637,616.59,196.51
2025-08-19 10:24:32.638,616.59,104.80
2025-08-19 10:24:33.638,616.59,74.24
2025-08-19 10:24:34.639,616.59,74.24
2025-08-19 10:24:35.641,616.59,69.87
2025-08-19 10:24:36.642,616.59,78.60
2025-08-19 10:24:37.643,616.59,74.24
2025-08-19 10:24:38.644,616.59,91.70
2025-08-19 10:24:39.646,616.59,100.44
2025-08-19 10:24:40.646,616.59,96.07
2025-08-19 10:24:41.646,616.59,96.07
2025-08-19 10:24:42.647,616.59,96.07
2025-08-19 10:24:43.648,616.59,87.34
2025-08-19 10:24:44.649,616.59,87.34
2025-08-19 10:24:45.650,616.59,82.97
2025-08-19 10:24:46.650,616.59,87.34
2025-08-19 10:24:47.652,616.59,100.44
2025-08-19 10:24:48.652,616.59,96.07
2025-08-19 10:24:49.653,616.59,82.97
2025-08-19 10:24:50.654,616.59,74.24
2025-08-19 10:24:51.655,616.59,69.87
2025-08-19 10:24:52.655,616.59,69.87
2025-08-19 10:24:53.656,616.59,74.24
2025-08-19 10:24:54.657,616.59,74.24
2025-08-19 10:24:55.658,616.59,74.24
2025-08-19 10:24:56.659,616.59,74.24
2025-08-19 10:24:57.660,609.61,74.24
2025-08-19 10:24:58.660,609.61,74.24
2025-08-19 10:24:59.661,609.61,74.24
2025-08-19 10:25:00.662,609.61,74.24
2025-08-19 10:25:01.662,609.61,78.60
2025-08-19 10:25:02.663,609.61,74.24
2025-08-19 10:25:03.664,609.61,74.24
2025-08-19 10:25:04.665,609.61,74.24
2025-08-19 10:25:05.666,609.61,74.24
2025-08-19 10:25:06.666,609.61,74.24
2025-08-19 10:25:07.667,609.61,74.24
2025-08-19 10:25:08.668,609.61,74.24
2025-08-19 10:25:09.669,609.61,74.24
2025-08-19 10:25:10.670,609.61,74.24
2025-08-19 10:25:11.671,609.61,74.24
2025-08-19 10:25:12.671,609.61,74.24
2025-08-19 10:25:13.672,609.61,74.24
2025-08-19 10:25:14.673,609.61,78.60
2025-08-19 10:25:15.673,609.61,74.24
2025-08-19 10:25:16.674,609.61,74.24
2025-08-19 10:25:17.675,602.62,74.24
2025-08-19 10:25:18.676,602.62,74.24
2025-08-19 10:25:19.676,602.62,74.24
2025-08-19 10:25:20.677,602.62,74.24
2025-08-19 10:25:21.678,602.62,74.24
2025-08-19 10:25:22.678,602.62,82.97
2025-08-19 10:25:23.679,602.62,78.60
2025-08-19 10:25:24.680,602.62,82.97
2025-08-19 10:25:25.681,602.62,100.44
2025-08-19 10:25:26.681,602.62,82.97
2025-08-19 10:25:27.682,602.62,78.60
2025-08-19 10:25:28.682,602.62,74.24
2025-08-19 10:25:29.683,602.62,74.24
2025-08-19 10:25:30.684,602.62,74.24
2025-08-19 10:25:31.686,602.62,100.44
2025-08-19 10:25:32.687,602.62,113.54
2025-08-19 10:25:33.687,602.62,109.17
2025-08-19 10:25:34.688,602.62,113.54
2025-08-19 10:25:35.689,602.62,100.44
2025-08-19 10:25:36.688,602.62,91.70
2025-08-19 10:25:37.689,602.62,82.97
2025-08-19 10:25:38.690,602.62,74.24
2025-08-19 10:25:39.691,602.62,78.60
2025-08-19 10:25:40.691,602.62,74.24
2025-08-19 10:25:41.692,602.62,74.24
2025-08-19 10:25:42.693,602.62,74.24
2025-08-19 10:25:43.694,602.62,74.24
2025-08-19 10:25:44.695,602.62,74.24
2025-08-19 10:25:45.695,602.62,74.24
2025-08-19 10:25:46.696,602.62,74.24
2025-08-19 10:25:47.697,595.63,78.60
2025-08-19 10:25:48.697,595.63,78.60
2025-08-19 10:25:49.698,595.63,82.97
2025-08-19 10:25:50.699,595.63,87.34
2025-08-19 10:25:51.700,595.63,82.97
2025-08-19 10:25:52.700,595.63,78.60
2025-08-19 10:25:53.701,595.63,78.60
2025-08-19 10:25:54.702,595.63,82.97
2025-08-19 10:25:55.704,595.63,109.17
2025-08-19 10:25:56.704,595.63,109.17
2025-08-19 10:25:57.704,595.63,96.07
2025-08-19 10:25:58.705,595.63,96.07
2025-08-19 10:25:59.706,595.63,100.44
2025-08-19 10:26:00.707,595.63,100.44
2025-08-19 10:26:01.708,595.63,100.44
2025-08-19 10:26:02.709,595.63,104.80
2025-08-19 10:26:03.710,595.63,100.44
2025-08-19 10:26:04.709,595.63,87.34
2025-08-19 10:26:05.710,595.63,87.34
2025-08-19 10:26:06.712,595.63,100.44
2025-08-19 10:26:07.713,595.63,104.80
2025-08-19 10:26:08.714,595.63,100.44
2025-08-19 10:26:09.713,595.63,87.34
2025-08-19 10:26:10.714,595.63,78.60
2025-08-19 10:26:11.715,595.63,74.24
2025-08-19 10:26:12.716,595.63,74.24
2025-08-19 10:26:13.717,595.63,78.60
2025-08-19 10:26:14.718,595.63,78.60
2025-08-19 10:26:15.718,595.63,82.97
2025-08-19 10:26:16.719,595.63,78.60
2025-08-19 10:26:17.720,595.63,74.24
2025-08-19 10:26:18.721,595.63,74.24
2025-08-19 10:26:19.722,595.63,74.24
2025-08-19 10:26:20.723,595.63,74.24
2025-08-19 10:26:21.724,595.63,74.24
2025-08-19 10:26:22.725,595.63,74.24
2025-08-19 10:26:23.726,595.63,74.24
2025-08-19 10:26:24.727,595.63,74.24
2025-08-19 10:26:25.728,595.63,74.24
2025-08-19 10:26:26.729,595.63,74.24
2025-08-19 10:26:27.730,588.65,74.24
2025-08-19 10:26:28.731,588.65,74.24
2025-08-19 10:26:29.732,588.65,74.24
2025-08-19 10:26:30.733,588.65,78.60
2025-08-19 10:26:31.733,588.65,78.60
2025-08-19 10:26:32.735,588.65,78.60
2025-08-19 10:26:33.736,588.65,78.60
2025-08-19 10:26:34.736,588.65,78.60
2025-08-19 10:26:35.738,588.65,78.60
2025-08-19 10:26:36.738,588.65,78.60
2025-08-19 10:26:37.739,588.65,78.60
2025-08-19 10:26:38.741,588.65,78.60
2025-08-19 10:26:39.742,588.65,78.60
2025-08-19 10:26:40.743,588.65,82.97
2025-08-19 10:26:41.743,588.65,78.60
2025-08-19 10:26:42.744,588.65,82.97
2025-08-19 10:26:43.745,588.65,78.60
2025-08-19 10:26:44.746,588.65,78.60
2025-08-19 10:26:45.747,588.65,78.60
2025-08-19 10:26:46.748,588.65,78.60
2025-08-19 10:26:47.749,588.65,78.60
2025-08-19 10:26:48.750,588.65,78.60
2025-08-19 10:26:49.751,588.65,82.97
2025-08-19 10:26:50.752,588.65,78.60
2025-08-19 10:26:51.753,588.65,78.60
2025-08-19 10:26:52.754,581.66,78.60
2025-08-19 10:26:53.754,581.66,78.60
2025-08-19 10:26:54.755,581.66,78.60
2025-08-19 10:26:55.756,581.66,78.60
2025-08-19 10:26:56.756,581.66,78.60
2025-08-19 10:26:57.757,581.66,78.60
2025-08-19 10:26:58.758,581.66,78.60
2025-08-19 10:26:59.758,581.66,78.60
2025-08-19 10:27:00.759,581.66,78.60
2025-08-19 10:27:01.760,581.66,78.60
2025-08-19 10:27:02.761,581.66,78.60
2025-08-19 10:27:03.762,581.66,78.60
2025-08-19 10:27:04.762,581.66,78.60
2025-08-19 10:27:05.763,581.66,78.60
2025-08-19 10:27:06.764,581.66,78.60
2025-08-19 10:27:07.765,581.66,78.60
2025-08-19 10:27:08.766,581.66,78.60
2025-08-19 10:27:09.766,581.66,78.60
2025-08-19 10:27:10.767,581.66,78.60
2025-08-19 10:27:11.768,581.66,78.60
2025-08-19 10:27:12.769,581.66,78.60
2025-08-19 10:27:13.769,581.66,78.60
2025-08-19 10:27:14.770,581.66,78.60
2025-08-19 10:27:15.771,581.66,78.60
2025-08-19 10:27:16.772,581.66,78.60
2025-08-19 10:27:17.773,581.66,78.60
2025-08-19 10:27:18.774,574.67,78.60
2025-08-19 10:27:19.774,574.67,78.60
2025-08-19 10:27:20.775,574.67,78.60
2025-08-19 10:27:21.776,574.67,78.60
2025-08-19 10:27:22.777,574.67,78.60
2025-08-19 10:27:23.777,574.67,78.60
2025-08-19 10:27:24.778,574.67,78.60
2025-08-19 10:27:25.779,574.67,78.60
2025-08-19 10:27:26.780,574.67,78.60
2025-08-19 10:27:27.780,574.67,78.60
2025-08-19 10:27:28.781,574.67,78.60
2025-08-19 10:27:29.782,574.67,78.60
2025-08-19 10:27:30.783,574.67,82.97
2025-08-19 10:27:31.784,574.67,82.97
2025-08-19 10:27:32.785,574.67,82.97
2025-08-19 10:27:33.786,574.67,82.97
2025-08-19 10:27:34.787,574.67,82.97
2025-08-19 10:27:35.788,574.67,78.60
2025-08-19 10:27:36.789,574.67,78.60
2025-08-19 10:27:37.790,574.67,78.60
2025-08-19 10:27:38.792,574.67,78.60
2025-08-19 10:27:39.793,574.67,78.60
2025-08-19 10:27:40.794,574.67,78.60
2025-08-19 10:27:41.795,574.67,78.60
2025-08-19 10:27:42.797,574.67,78.60
2025-08-19 10:27:43.798,574.67,78.60
2025-08-19 10:27:44.799,574.67,78.60
2025-08-19 10:27:45.800,574.67,78.60
2025-08-19 10:27:46.801,574.67,78.60
2025-08-19 10:27:47.802,567.69,78.60
2025-08-19 10:27:48.803,567.69,78.60
2025-08-19 10:27:49.804,567.69,78.60
2025-08-19 10:27:50.805,567.69,82.97
2025-08-19 10:27:51.806,567.69,87.34
2025-08-19 10:27:52.807,567.69,82.97
2025-08-19 10:27:53.808,567.69,78.60
2025-08-19 10:27:54.808,567.69,78.60
2025-08-19 10:27:55.809,567.69,78.60
2025-08-19 10:27:56.810,567.69,82.97
2025-08-19 10:27:57.811,567.69,82.97
2025-08-19 10:27:58.812,567.69,78.60
2025-08-19 10:27:59.813,567.69,78.60
2025-08-19 10:28:00.814,567.69,78.60
2025-08-19 10:28:01.814,567.69,78.60
2025-08-19 10:28:02.815,567.69,78.60
2025-08-19 10:28:03.816,567.69,78.60
2025-08-19 10:28:04.817,567.69,82.97
2025-08-19 10:28:05.818,567.69,82.97
2025-08-19 10:28:06.819,567.69,82.97
2025-08-19 10:28:07.820,567.69,82.97
2025-08-19 10:28:08.821,567.69,82.97
2025-08-19 10:28:09.822,567.69,82.97
2025-08-19 10:28:10.823,567.69,78.60
2025-08-19 10:28:11.824,567.69,78.60
2025-08-19 10:28:12.825,567.69,78.60
2025-08-19 10:28:13.826,567.69,78.60
2025-08-19 10:28:14.827,567.69,78.60
2025-08-19 10:28:15.828,567.69,78.60
2025-08-19 10:28:16.829,567.69,78.60
2025-08-19 10:28:17.830,567.69,78.60
2025-08-19 10:28:18.831,567.69,82.97
2025-08-19 10:28:19.832,567.69,82.97
2025-08-19 10:28:20.833,560.70,78.60
2025-08-19 10:28:21.835,560.70,82.97
2025-08-19 10:28:22.836,560.70,82.97
2025-08-19 10:28:23.837,560.70,82.97
2025-08-19 10:28:24.838,560.70,78.60
2025-08-19 10:28:25.840,560.70,78.60
2025-08-19 10:28:26.841,560.70,82.97
2025-08-19 10:28:27.842,560.70,78.60
2025-08-19 10:28:28.843,560.70,78.60
2025-08-19 10:28:29.844,560.70,78.60
2025-08-19 10:28:30.845,560.70,82.97
2025-08-19 10:28:31.846,560.70,78.60
2025-08-19 10:28:32.847,560.70,78.60
2025-08-19 10:28:33.848,560.70,78.60
2025-08-19 10:28:34.849,560.70,78.60
2025-08-19 10:28:35.850,560.70,78.60
2025-08-19 10:28:36.851,560.70,78.60
2025-08-19 10:28:37.852,560.70,82.97
2025-08-19 10:28:38.853,560.70,82.97
2025-08-19 10:28:39.854,560.70,82.97
2025-08-19 10:28:40.855,560.70,82.97
2025-08-19 10:28:41.855,560.70,82.97
2025-08-19 10:28:42.856,560.70,87.34
2025-08-19 10:28:43.857,560.70,82.97
2025-08-19 10:28:44.858,560.70,82.97
2025-08-19 10:28:45.859,560.70,78.60
2025-08-19 10:28:46.860,560.70,78.60
2025-08-19 10:28:47.861,560.70,78.60
2025-08-19 10:28:48.862,560.70,78.60
2025-08-19 10:28:49.863,560.70,78.60
2025-08-19 10:28:50.864,560.70,78.60
2025-08-19 10:28:51.865,560.70,82.97
2025-08-19 10:28:52.865,560.70,82.97
2025-08-19 10:28:53.866,560.70,82.97
2025-08-19 10:28:54.867,553.71,82.97
2025-08-19 10:28:55.868,553.71,78.60
2025-08-19 10:28:56.869,553.71,78.60
2025-08-19 10:28:57.870,553.71,82.97
2025-08-19 10:28:58.871,553.71,87.34
2025-08-19 10:28:59.871,553.71,82.97
2025-08-19 10:29:00.872,553.71,82.97
2025-08-19 10:29:01.873,553.71,82.97
2025-08-19 10:29:02.874,553.71,78.60
2025-08-19 10:29:03.874,553.71,78.60
2025-08-19 10:29:04.875,553.71,78.60
2025-08-19 10:29:05.876,553.71,82.97
2025-08-19 10:29:06.877,553.71,82.97
2025-08-19 10:29:07.878,553.71,82.97
2025-08-19 10:29:08.880,553.71,82.97
2025-08-19 10:29:09.881,553.71,82.97
2025-08-19 10:29:10.882,553.71,87.34
2025-08-19 10:29:11.883,553.71,82.97
2025-08-19 10:29:12.883,553.71,82.97
2025-08-19 10:29:13.884,553.71,82.97
2025-08-19 10:29:14.885,553.71,82.97
2025-08-19 10:29:15.886,553.71,82.97
2025-08-19 10:29:16.887,553.71,82.97
2025-08-19 10:29:17.887,553.71,82.97
2025-08-19 10:29:18.888,553.71,82.97
2025-08-19 10:29:19.889,553.71,78.60
2025-08-19 10:29:20.890,553.71,78.60
2025-08-19 10:29:21.891,553.71,82.97
2025-08-19 10:29:22.892,553.71,82.97
2025-08-19 10:29:23.893,553.71,82.97
2025-08-19 10:29:24.894,553.71,82.97
2025-08-19 10:29:25.895,553.71,82.97
2025-08-19 10:29:26.896,553.71,82.97
2025-08-19 10:29:27.897,553.71,82.97
2025-08-19 10:29:28.898,553.71,82.97
2025-08-19 10:29:29.899,553.71,78.60
2025-08-19 10:29:30.900,553.71,78.60
2025-08-19 10:29:31.901,553.71,78.60
2025-08-19 10:29:32.901,546.72,78.60
2025-08-19 10:29:33.902,546.72,78.60
2025-08-19 10:29:34.903,546.72,78.60
2025-08-19 10:29:35.904,546.72,78.60
2025-08-19 10:29:36.905,546.72,78.60
2025-08-19 10:29:37.906,546.72,78.60
2025-08-19 10:29:38.906,546.72,82.97
2025-08-19 10:29:39.907,546.72,82.97
2025-08-19 10:29:40.908,546.72,82.97
2025-08-19 10:29:41.909,546.72,82.97
2025-08-19 10:29:42.910,546.72,82.97
2025-08-19 10:29:43.910,546.72,82.97
2025-08-19 10:29:44.911,546.72,82.97
2025-08-19 10:29:45.912,546.72,82.97
2025-08-19 10:29:46.913,546.72,82.97
2025-08-19 10:29:47.913,546.72,91.70
2025-08-19 10:29:48.915,546.72,100.44
2025-08-19 10:29:49.915,546.72,96.07
2025-08-19 10:29:50.915,546.72,87.34
2025-08-19 10:29:51.916,546.72,82.97
2025-08-19 10:29:52.916,546.72,91.70
2025-08-19 10:29:53.917,546.72,87.34
2025-08-19 10:29:54.917,546.72,82.97
2025-08-19 10:29:55.918,546.72,82.97
2025-08-19 10:29:56.919,546.72,82.97
2025-08-19 10:29:57.919,546.72,82.97
2025-08-19 10:29:58.920,546.72,82.97
2025-08-19 10:29:59.921,546.72,82.97
2025-08-19 10:30:00.922,546.72,82.97
2025-08-19 10:30:01.923,546.72,82.97
2025-08-19 10:30:02.923,546.72,82.97
2025-08-19 10:30:03.924,546.72,78.60
2025-08-19 10:30:04.925,546.72,82.97
2025-08-19 10:30:05.926,546.72,82.97
2025-08-19 10:30:06.927,546.72,82.97
2025-08-19 10:30:07.927,546.72,82.97
2025-08-19 10:30:08.928,546.72,82.97
2025-08-19 10:30:09.929,546.72,82.97
2025-08-19 10:30:10.930,546.72,82.97
2025-08-19 10:30:11.930,546.72,82.97
2025-08-19 10:30:12.931,546.72,82.97
2025-08-19 10:30:13.932,546.72,82.97
2025-08-19 10:30:14.933,546.72,82.97
2025-08-19 10:30:15.933,546.72,82.97
2025-08-19 10:30:16.934,539.74,82.97
2025-08-19 10:30:17.935,539.74,82.97
2025-08-19 10:30:18.936,539.74,82.97
2025-08-19 10:30:19.937,539.74,82.97
2025-08-19 10:30:20.937,539.74,82.97
2025-08-19 10:30:21.938,539.74,82.97
2025-08-19 10:30:22.939,539.74,82.97
2025-08-19 10:30:23.940,539.74,82.97
2025-08-19 10:30:24.940,539.74,82.97
2025-08-19 10:30:25.940,539.74,82.97
2025-08-19 10:30:26.941,539.74,82.97
2025-08-19 10:30:27.942,539.74,78.60
2025-08-19 10:30:28.943,539.74,78.60
2025-08-19 10:30:29.943,539.74,82.97
2025-08-19 10:30:30.944,539.74,82.97
2025-08-19 10:30:31.945,539.74,82.97
2025-08-19 10:30:32.946,539.74,82.97
2025-08-19 10:30:33.947,539.74,78.60
2025-08-19 10:30:34.948,539.74,82.97
2025-08-19 10:30:35.949,539.74,82.97
2025-08-19 10:30:36.950,539.74,78.60
2025-08-19 10:30:37.951,539.74,78.60
2025-08-19 10:30:38.952,539.74,78.60
2025-08-19 10:30:39.952,539.74,78.60
2025-08-19 10:30:40.953,539.74,78.60
2025-08-19 10:30:41.954,539.74,78.60
2025-08-19 10:30:42.955,539.74,82.97
2025-08-19 10:30:43.956,539.74,82.97
2025-08-19 10:30:44.957,539.74,91.70
2025-08-19 10:30:45.957,539.74,96.07
2025-08-19 10:30:46.958,539.74,96.07
2025-08-19 10:30:47.959,539.74,87.34
2025-08-19 10:30:48.960,539.74,87.34
2025-08-19 10:30:49.960,539.74,91.70
2025-08-19 10:30:50.961,539.74,96.07
2025-08-19 10:30:51.962,539.74,96.07
2025-08-19 10:30:52.963,539.74,96.07
2025-08-19 10:30:53.963,539.74,87.34
2025-08-19 10:30:54.964,539.74,82.97
2025-08-19 10:30:55.965,539.74,82.97
2025-08-19 10:30:56.966,539.74,82.97
2025-08-19 10:30:57.966,539.74,82.97
2025-08-19 10:30:58.967,539.74,82.97
2025-08-19 10:30:59.967,539.74,82.97
2025-08-19 10:31:00.968,539.74,82.97
2025-08-19 10:31:01.969,539.74,91.70
2025-08-19 10:31:02.969,539.74,91.70
2025-08-19 10:31:03.970,539.74,82.97
2025-08-19 10:31:04.971,539.74,82.97
2025-08-19 10:31:05.971,539.74,82.97
2025-08-19 10:31:06.972,539.74,91.70
2025-08-19 10:31:07.973,539.74,91.70
2025-08-19 10:31:08.974,539.74,91.70
2025-08-19 10:31:09.974,539.74,87.34
2025-08-19 10:31:10.975,539.74,82.97
2025-08-19 10:31:11.976,539.74,82.97
2025-08-19 10:31:12.976,532.75,82.97
2025-08-19 10:31:13.977,532.75,87.34
2025-08-19 10:31:14.978,532.75,87.34
2025-08-19 10:31:15.978,532.75,87.34
2025-08-19 10:31:16.979,532.75,87.34
2025-08-19 10:31:17.979,532.75,87.34
2025-08-19 10:31:18.980,532.75,87.34
2025-08-19 10:31:19.981,532.75,87.34
2025-08-19 10:31:20.981,532.75,82.97
2025-08-19 10:31:21.982,532.75,82.97
2025-08-19 10:31:22.982,532.75,82.97
2025-08-19 10:31:23.983,532.75,82.97
2025-08-19 10:31:24.983,532.75,82.97
2025-08-19 10:31:25.984,532.75,82.97
2025-08-19 10:31:26.985,532.75,82.97
2025-08-19 10:31:27.985,532.75,82.97
2025-08-19 10:31:28.986,532.75,82.97
2025-08-19 10:31:29.987,532.75,82.97
2025-08-19 10:31:30.988,532.75,82.97
2025-08-19 10:31:31.989,532.75,82.97
2025-08-19 10:31:32.990,532.75,82.97
2025-08-19 10:31:33.990,532.75,82.97
2025-08-19 10:31:34.991,532.75,82.97
2025-08-19 10:31:35.992,532.75,82.97
2025-08-19 10:31:36.993,532.75,82.97
2025-08-19 10:31:37.994,532.75,82.97
2025-08-19 10:31:38.994,532.75,82.97
2025-08-19 10:31:39.995,532.75,82.97
2025-08-19 10:31:40.996,532.75,82.97
2025-08-19 10:31:41.997,532.75,82.97
2025-08-19 10:31:42.997,532.75,82.97
2025-08-19 10:31:43.998,532.75,82.97
2025-08-19 10:31:44.999,532.75,82.97
2025-08-19 10:31:45.999,532.75,82.97
2025-08-19 10:31:47.000,532.75,87.34
2025-08-19 10:31:48.001,532.75,87.34
2025-08-19 10:31:49.002,532.75,87.34
2025-08-19 10:31:50.003,532.75,87.34
2025-08-19 10:31:51.004,532.75,87.34
2025-08-19 10:31:52.005,532.75,87.34
2025-08-19 10:31:53.006,532.75,82.97
2025-08-19 10:31:54.007,532.75,82.97
2025-08-19 10:31:55.008,532.75,82.97
2025-08-19 10:31:56.009,532.75,82.97
2025-08-19 10:31:57.010,532.75,82.97
2025-08-19 10:31:58.011,532.75,82.97
2025-08-19 10:31:59.012,532.75,82.97
2025-08-19 10:32:00.013,532.75,82.97
2025-08-19 10:32:01.013,532.75,82.97
2025-08-19 10:32:02.014,532.75,82.97
2025-08-19 10:32:03.015,532.75,82.97
2025-08-19 10:32:04.016,532.75,82.97
2025-08-19 10:32:05.017,532.75,82.97
2025-08-19 10:32:06.018,532.75,82.97
2025-08-19 10:32:07.019,532.75,82.97
2025-08-19 10:32:08.020,532.75,82.97
2025-08-19 10:32:09.021,532.75,82.97
2025-08-19 10:32:10.022,532.75,82.97
2025-08-19 10:32:11.023,525.76,82.97
2025-08-19 10:32:12.024,525.76,82.97
2025-08-19 10:32:13.025,525.76,82.97
2025-08-19 10:32:14.026,525.76,82.97
2025-08-19 10:32:15.027,525.76,82.97
2025-08-19 10:32:16.028,525.76,82.97
2025-08-19 10:32:17.028,525.76,82.97
2025-08-19 10:32:18.029,525.76,82.97
2025-08-19 10:32:19.030,525.76,82.97
2025-08-19 10:32:20.031,525.76,82.97
2025-08-19 10:32:21.032,525.76,82.97
2025-08-19 10:32:22.032,525.76,82.97
2025-08-19 10:32:23.033,525.76,82.97
2025-08-19 10:32:24.034,525.76,82.97
2025-08-19 10:32:25.035,525.76,82.97
2025-08-19 10:32:26.036,525.76,82.97
2025-08-19 10:32:27.036,525.76,82.97
2025-08-19 10:32:28.037,525.76,82.97
2025-08-19 10:32:29.038,525.76,82.97
2025-08-19 10:32:30.038,525.76,82.97
2025-08-19 10:32:31.039,525.76,82.97
2025-08-19 10:32:32.040,525.76,82.97
2025-08-19 10:32:33.041,525.76,82.97
2025-08-19 10:32:34.042,525.76,82.97
2025-08-19 10:32:35.042,525.76,82.97
2025-08-19 10:32:36.043,525.76,82.97
2025-08-19 10:32:37.044,525.76,82.97
2025-08-19 10:32:38.045,525.76,82.97
2025-08-19 10:32:39.046,525.76,82.97
2025-08-19 10:32:40.047,525.76,82.97
2025-08-19 10:32:41.048,525.76,82.97
2025-08-19 10:32:42.049,525.76,82.97
2025-08-19 10:32:43.049,525.76,82.97
2025-08-19 10:32:44.050,525.76,82.97
2025-08-19 10:32:45.051,525.76,82.97
2025-08-19 10:32:46.052,525.76,82.97
2025-08-19 10:32:47.053,525.76,82.97
2025-08-19 10:32:48.054,525.76,82.97
2025-08-19 10:32:49.055,525.76,82.97
2025-08-19 10:32:50.056,525.76,82.97
2025-08-19 10:32:51.057,525.76,82.97
2025-08-19 10:32:52.058,525.76,82.97
2025-08-19 10:32:53.059,525.76,82.97
2025-08-19 10:32:54.059,525.76,82.97
2025-08-19 10:32:55.060,525.76,82.97
2025-08-19 10:32:56.061,525.76,82.97
2025-08-19 10:32:57.062,525.76,82.97
2025-08-19 10:32:58.063,525.76,82.97
2025-08-19 10:32:59.064,525.76,82.97
2025-08-19 10:33:00.065,525.76,82.97
2025-08-19 10:33:01.066,518.78,82.97
2025-08-19 10:33:02.066,518.78,82.97
2025-08-19 10:33:03.067,518.78,82.97
2025-08-19 10:33:04.068,518.78,82.97
2025-08-19 10:33:05.069,518.78,82.97
2025-08-19 10:33:06.069,518.78,82.97
2025-08-19 10:33:07.070,518.78,82.97
2025-08-19 10:33:08.071,518.78,82.97
2025-08-19 10:33:09.072,518.78,82.97
2025-08-19 10:33:10.073,518.78,82.97
2025-08-19 10:33:11.074,518.78,82.97
2025-08-19 10:33:12.074,518.78,82.97
2025-08-19 10:33:13.076,518.78,82.97
2025-08-19 10:33:14.077,518.78,82.97
2025-08-19 10:33:15.078,518.78,82.97
2025-08-19 10:33:16.079,518.78,82.97
2025-08-19 10:33:17.080,518.78,82.97
2025-08-19 10:33:18.081,518.78,82.97
2025-08-19 10:33:19.082,518.78,82.97
2025-08-19 10:33:20.083,518.78,82.97
2025-08-19 10:33:21.084,518.78,82.97
2025-08-19 10:33:22.085,518.78,82.97
2025-08-19 10:33:23.085,518.78,82.97
2025-08-19 10:33:24.086,518.78,82.97
2025-08-19 10:33:25.087,518.78,82.97
2025-08-19 10:33:26.088,518.78,82.97
2025-08-19 10:33:27.089,518.78,82.97
2025-08-19 10:33:28.089,518.78,82.97
2025-08-19 10:33:29.090,518.78,82.97
2025-08-19 10:33:30.091,518.78,82.97
2025-08-19 10:33:31.092,518.78,82.97
2025-08-19 10:33:32.093,518.78,78.60
2025-08-19 10:33:33.094,518.78,78.60
2025-08-19 10:33:34.094,518.78,82.97
2025-08-19 10:33:35.095,518.78,82.97
2025-08-19 10:33:36.096,518.78,82.97
2025-08-19 10:33:37.097,518.78,82.97
2025-08-19 10:33:38.097,518.78,82.97
2025-08-19 10:33:39.098,518.78,82.97
2025-08-19 10:33:40.098,518.78,82.97
2025-08-19 10:33:41.099,518.78,82.97
2025-08-19 10:33:42.100,518.78,82.97
2025-08-19 10:33:43.101,518.78,82.97
2025-08-19 10:33:44.101,518.78,82.97
2025-08-19 10:33:45.102,511.79,82.97
2025-08-19 10:33:46.103,511.79,82.97
2025-08-19 10:33:47.103,511.79,82.97
2025-08-19 10:33:48.104,511.79,82.97
2025-08-19 10:33:49.104,511.79,82.97
2025-08-19 10:33:50.105,511.79,82.97
2025-08-19 10:33:51.106,511.79,82.97
2025-08-19 10:33:52.107,511.79,82.97
2025-08-19 10:33:53.108,511.79,82.97
2025-08-19 10:33:54.109,511.79,82.97
2025-08-19 10:33:55.109,511.79,82.97
2025-08-19 10:33:56.110,511.79,82.97
2025-08-19 10:33:57.111,511.79,82.97
2025-08-19 10:33:58.112,511.79,82.97
2025-08-19 10:33:59.112,511.79,82.97
2025-08-19 10:34:00.113,511.79,82.97
2025-08-19 10:34:01.114,511.79,82.97
2025-08-19 10:34:02.115,511.79,82.97
2025-08-19 10:34:03.115,511.79,82.97
2025-08-19 10:34:04.116,511.79,82.97
2025-08-19 10:34:05.117,511.79,82.97
2025-08-19 10:34:06.118,511.79,82.97
2025-08-19 10:34:07.119,511.79,82.97
2025-08-19 10:34:08.120,511.79,82.97
2025-08-19 10:34:09.120,511.79,82.97
2025-08-19 10:34:10.122,511.79,82.97
2025-08-19 10:34:11.123,511.79,82.97
2025-08-19 10:34:12.124,511.79,82.97
2025-08-19 10:34:13.125,511.79,82.97
2025-08-19 10:34:14.126,511.79,82.97
2025-08-19 10:34:15.127,511.79,82.97
2025-08-19 10:34:16.129,511.79,82.97
2025-08-19 10:34:17.130,511.79,82.97
2025-08-19 10:34:18.131,511.79,82.97
2025-08-19 10:34:19.131,511.79,82.97
2025-08-19 10:34:20.132,511.79,82.97
2025-08-19 10:34:21.133,511.79,82.97
2025-08-19 10:34:22.134,511.79,82.97
2025-08-19 10:34:23.135,511.79,82.97
2025-08-19 10:34:24.136,511.79,82.97
2025-08-19 10:34:25.137,511.79,82.97
2025-08-19 10:34:26.138,511.79,82.97
2025-08-19 10:34:27.139,511.79,82.97
2025-08-19 10:34:28.140,511.79,82.97
2025-08-19 10:34:29.141,511.79,82.97
2025-08-19 10:34:30.143,511.79,82.97
2025-08-19 10:34:31.144,511.79,82.97
2025-08-19 10:34:32.145,511.79,82.97
2025-08-19 10:34:33.146,511.79,82.97
2025-08-19 10:34:34.147,511.79,82.97
2025-08-19 10:34:35.148,511.79,82.97
2025-08-19 10:34:36.149,504.80,82.97
2025-08-19 10:34:37.150,504.80,82.97
2025-08-19 10:34:38.152,504.80,82.97
2025-08-19 10:34:39.153,504.80,82.97
2025-08-19 10:34:40.154,504.80,82.97
2025-08-19 10:34:41.155,504.80,82.97
2025-08-19 10:34:42.156,504.80,82.97
2025-08-19 10:34:43.157,504.80,82.97
2025-08-19 10:34:44.159,504.80,82.97
2025-08-19 10:34:45.159,504.80,82.97
2025-08-19 10:34:46.160,504.80,82.97
2025-08-19 10:34:47.161,504.80,82.97
2025-08-19 10:34:48.163,504.80,82.97
2025-08-19 10:34:49.164,504.80,82.97
2025-08-19 10:34:50.165,504.80,82.97
2025-08-19 10:34:51.166,504.80,91.70
2025-08-19 10:34:52.167,504.80,91.70
2025-08-19 10:34:53.168,504.80,91.70
2025-08-19 10:34:54.169,504.80,87.34
2025-08-19 10:34:55.170,504.80,82.97
2025-08-19 10:34:56.171,504.80,82.97
2025-08-19 10:34:57.172,504.80,87.34
2025-08-19 10:34:58.173,504.80,82.97
2025-08-19 10:34:59.173,504.80,82.97
2025-08-19 10:35:00.175,504.80,87.34
2025-08-19 10:35:01.175,504.80,87.34
2025-08-19 10:35:02.176,504.80,82.97
2025-08-19 10:35:03.178,504.80,82.97
2025-08-19 10:35:04.179,504.80,82.97
2025-08-19 10:35:05.180,504.80,82.97
2025-08-19 10:35:06.181,504.80,82.97
2025-08-19 10:35:07.182,504.80,82.97
2025-08-19 10:35:08.183,504.80,82.97
2025-08-19 10:35:09.184,504.80,82.97
2025-08-19 10:35:10.185,504.80,82.97
2025-08-19 10:35:11.186,504.80,82.97
2025-08-19 10:35:12.187,504.80,82.97
2025-08-19 10:35:13.188,504.80,82.97
2025-08-19 10:35:14.189,504.80,87.34
2025-08-19 10:35:15.190,504.80,87.34
2025-08-19 10:35:16.191,504.80,87.34
2025-08-19 10:35:17.192,504.80,87.34
2025-08-19 10:35:18.193,504.80,87.34
2025-08-19 10:35:19.194,504.80,87.34
2025-08-19 10:35:20.194,504.80,91.70
2025-08-19 10:35:21.195,504.80,91.70
2025-08-19 10:35:22.196,504.80,87.34
2025-08-19 10:35:23.197,504.80,87.34
2025-08-19 10:35:24.198,504.80,87.34
2025-08-19 10:35:25.199,504.80,91.70
2025-08-19 10:35:26.200,504.80,87.34
2025-08-19 10:35:27.201,504.80,87.34
2025-08-19 10:35:28.202,504.80,87.34
2025-08-19 10:35:29.203,504.80,82.97
2025-08-19 10:35:30.205,504.80,100.44
2025-08-19 10:35:31.205,504.80,109.17
2025-08-19 10:35:32.206,504.80,104.80
2025-08-19 10:35:33.207,504.80,100.44
2025-08-19 10:35:34.207,504.80,96.07
2025-08-19 10:35:35.208,504.80,91.70
2025-08-19 10:35:36.209,504.80,96.07
2025-08-19 10:35:37.210,504.80,96.07
2025-08-19 10:35:38.211,504.80,100.44
2025-08-19 10:35:39.212,504.80,100.44
2025-08-19 10:35:40.212,504.80,96.07
2025-08-19 10:35:41.213,504.80,91.70
2025-08-19 10:35:42.214,504.80,91.70
2025-08-19 10:35:43.215,504.80,96.07
2025-08-19 10:35:44.215,504.80,91.70
2025-08-19 10:35:45.216,504.80,91.70
2025-08-19 10:35:46.217,504.80,87.34
2025-08-19 10:35:47.218,504.80,87.34
2025-08-19 10:35:48.219,504.80,87.34
2025-08-19 10:35:49.220,504.80,87.34
2025-08-19 10:35:50.221,504.80,91.70
2025-08-19 10:35:51.222,504.80,91.70
2025-08-19 10:35:52.223,504.80,87.34
2025-08-19 10:35:53.224,504.80,87.34
2025-08-19 10:35:54.225,504.80,87.34
2025-08-19 10:35:55.226,504.80,87.34
2025-08-19 10:35:56.227,504.80,87.34
2025-08-19 10:35:57.229,504.80,87.34
2025-08-19 10:35:58.230,504.80,82.97
2025-08-19 10:35:59.231,504.80,82.97
2025-08-19 10:36:00.232,504.80,82.97
2025-08-19 10:36:01.233,504.80,82.97
2025-08-19 10:36:02.234,504.80,82.97
2025-08-19 10:36:03.235,504.80,82.97
2025-08-19 10:36:04.236,504.80,82.97
2025-08-19 10:36:05.237,504.80,82.97
2025-08-19 10:36:06.237,504.80,82.97
2025-08-19 10:36:07.238,504.80,82.97
2025-08-19 10:36:08.239,504.80,82.97
2025-08-19 10:36:09.240,504.80,82.97
2025-08-19 10:36:10.241,504.80,82.97
2025-08-19 10:36:11.241,504.80,82.97
2025-08-19 10:36:12.242,504.80,82.97
2025-08-19 10:36:13.243,504.80,82.97
2025-08-19 10:36:14.244,504.80,82.97
2025-08-19 10:36:15.245,504.80,82.97
2025-08-19 10:36:16.246,504.80,82.97
2025-08-19 10:36:17.246,504.80,82.97
2025-08-19 10:36:18.247,504.80,82.97
2025-08-19 10:36:19.248,504.80,82.97
2025-08-19 10:36:20.249,504.80,82.97
2025-08-19 10:36:21.249,504.80,96.07
2025-08-19 10:36:22.250,504.80,87.34
2025-08-19 10:36:23.251,504.80,82.97
2025-08-19 10:36:24.252,504.80,82.97
2025-08-19 10:36:25.253,504.80,82.97
2025-08-19 10:36:26.254,504.80,82.97
2025-08-19 10:36:27.255,504.80,82.97
2025-08-19 10:36:28.256,504.80,82.97
2025-08-19 10:36:29.257,504.80,82.97
2025-08-19 10:36:30.258,504.80,87.34
2025-08-19 10:36:31.259,504.80,87.34
2025-08-19 10:36:32.259,504.80,82.97
2025-08-19 10:36:33.260,497.82,82.97
2025-08-19 10:36:34.261,497.82,82.97
2025-08-19 10:36:35.262,497.82,87.34
2025-08-19 10:36:36.262,497.82,87.34
2025-08-19 10:36:37.263,497.82,82.97
2025-08-19 10:36:38.264,497.82,87.34
2025-08-19 10:36:39.265,497.82,82.97
2025-08-19 10:36:40.266,497.82,82.97
2025-08-19 10:36:41.266,497.82,82.97
2025-08-19 10:36:42.267,497.82,87.34
2025-08-19 10:36:43.268,497.82,87.34
2025-08-19 10:36:44.268,497.82,82.97
2025-08-19 10:36:45.269,497.82,87.34
2025-08-19 10:36:46.270,497.82,87.34
2025-08-19 10:36:47.270,497.82,82.97
2025-08-19 10:36:48.271,497.82,82.97
2025-08-19 10:36:49.272,497.82,82.97
2025-08-19 10:36:50.273,497.82,82.97
2025-08-19 10:36:51.274,497.82,82.97
2025-08-19 10:36:52.275,497.82,82.97
2025-08-19 10:36:53.275,497.82,82.97
2025-08-19 10:36:54.276,497.82,87.34
2025-08-19 10:36:55.277,497.82,87.34
2025-08-19 10:36:56.278,497.82,82.97
2025-08-19 10:36:57.278,497.82,82.97
2025-08-19 10:36:58.279,497.82,82.97
2025-08-19 10:36:59.280,497.82,82.97
2025-08-19 10:37:00.281,497.82,87.34
2025-08-19 10:37:01.282,497.82,91.70
2025-08-19 10:37:02.283,497.82,91.70
2025-08-19 10:37:03.284,497.82,91.70
2025-08-19 10:37:04.284,497.82,87.34
2025-08-19 10:37:05.286,497.82,82.97
2025-08-19 10:37:06.286,497.82,82.97
2025-08-19 10:37:07.287,497.82,82.97
2025-08-19 10:37:08.288,497.82,82.97
2025-08-19 10:37:09.289,497.82,82.97
2025-08-19 10:37:10.290,497.82,82.97
2025-08-19 10:37:11.291,497.82,82.97
2025-08-19 10:37:12.291,497.82,82.97
2025-08-19 10:37:13.292,497.82,82.97
2025-08-19 10:37:14.293,497.82,82.97
2025-08-19 10:37:15.294,497.82,82.97
2025-08-19 10:37:16.295,497.82,82.97
2025-08-19 10:37:17.296,497.82,82.97
2025-08-19 10:37:18.297,497.82,82.97
2025-08-19 10:37:19.298,497.82,82.97
2025-08-19 10:37:20.299,497.82,82.97
2025-08-19 10:37:21.300,497.82,87.34
2025-08-19 10:37:22.301,497.82,87.34
2025-08-19 10:37:23.301,497.82,82.97
2025-08-19 10:37:24.302,497.82,82.97
2025-08-19 10:37:25.303,497.82,82.97
2025-08-19 10:37:26.304,497.82,82.97
2025-08-19 10:37:27.305,497.82,82.97
2025-08-19 10:37:28.305,497.82,82.97
2025-08-19 10:37:29.307,497.82,82.97
2025-08-19 10:37:30.308,497.82,82.97
2025-08-19 10:37:31.309,497.82,82.97
2025-08-19 10:37:32.310,497.82,82.97
2025-08-19 10:37:33.311,497.82,82.97
2025-08-19 10:37:34.312,497.82,82.97
2025-08-19 10:37:35.312,497.82,82.97
2025-08-19 10:37:36.313,497.82,82.97
2025-08-19 10:37:37.314,497.82,82.97
2025-08-19 10:37:38.315,497.82,82.97
2025-08-19 10:37:39.316,497.82,82.97
2025-08-19 10:37:40.317,497.82,82.97
2025-08-19 10:37:41.318,497.82,82.97
2025-08-19 10:37:42.319,497.82,82.97
2025-08-19 10:37:43.319,497.82,82.97
2025-08-19 10:37:44.320,497.82,82.97
2025-08-19 10:37:45.321,497.82,82.97
2025-08-19 10:37:46.322,497.82,82.97
2025-08-19 10:37:47.323,497.82,82.97
2025-08-19 10:37:48.324,497.82,82.97
2025-08-19 10:37:49.324,497.82,82.97
2025-08-19 10:37:50.325,490.83,82.97
2025-08-19 10:37:51.326,490.83,82.97
2025-08-19 10:37:52.327,490.83,82.97
2025-08-19 10:37:53.328,490.83,82.97
2025-08-19 10:37:54.328,490.83,82.97
2025-08-19 10:37:55.329,490.83,82.97
2025-08-19 10:37:56.330,490.83,82.97
2025-08-19 10:37:57.330,490.83,82.97
2025-08-19 10:37:58.331,490.83,82.97
2025-08-19 10:37:59.332,490.83,82.97
2025-08-19 10:38:00.333,490.83,82.97
2025-08-19 10:38:01.333,490.83,82.97
2025-08-19 10:38:02.334,490.83,82.97
2025-08-19 10:38:03.335,490.83,82.97
2025-08-19 10:38:04.336,490.83,82.97
2025-08-19 10:38:05.337,490.83,82.97
2025-08-19 10:38:06.337,490.83,82.97
2025-08-19 10:38:07.338,490.83,82.97
2025-08-19 10:38:08.339,490.83,96.07
2025-08-19 10:38:09.339,490.83,91.70
2025-08-19 10:38:10.340,490.83,87.34
2025-08-19 10:38:11.341,490.83,87.34
2025-08-19 10:38:12.341,490.83,82.97
2025-08-19 10:38:13.342,490.83,82.97
2025-08-19 10:38:14.343,490.83,82.97
2025-08-19 10:38:15.344,490.83,82.97
2025-08-19 10:38:16.344,490.83,82.97
2025-08-19 10:38:17.345,490.83,82.97
2025-08-19 10:38:18.345,490.83,82.97
2025-08-19 10:38:19.346,490.83,82.97
2025-08-19 10:38:20.347,490.83,82.97
2025-08-19 10:38:21.347,490.83,82.97
2025-08-19 10:38:22.348,490.83,82.97
2025-08-19 10:38:23.349,490.83,82.97
2025-08-19 10:38:24.350,490.83,82.97
2025-08-19 10:38:25.351,490.83,82.97
2025-08-19 10:38:26.352,490.83,82.97
2025-08-19 10:38:27.353,490.83,82.97
2025-08-19 10:38:28.354,490.83,82.97
2025-08-19 10:38:29.355,490.83,82.97
2025-08-19 10:38:30.356,490.83,82.97
2025-08-19 10:38:31.357,490.83,82.97
2025-08-19 10:38:32.358,490.83,82.97
2025-08-19 10:38:33.359,490.83,82.97
2025-08-19 10:38:34.360,490.83,82.97
2025-08-19 10:38:35.361,490.83,82.97
2025-08-19 10:38:36.362,490.83,82.97
2025-08-19 10:38:37.363,490.83,82.97
2025-08-19 10:38:38.364,490.83,87.34
2025-08-19 10:38:39.364,490.83,82.97
2025-08-19 10:38:40.365,490.83,82.97
2025-08-19 10:38:41.366,490.83,82.97
2025-08-19 10:38:42.367,490.83,82.97
2025-08-19 10:38:43.368,490.83,82.97
2025-08-19 10:38:44.368,490.83,82.97
2025-08-19 10:38:45.369,490.83,87.34
2025-08-19 10:38:46.370,490.83,91.70
2025-08-19 10:38:47.370,490.83,96.07
2025-08-19 10:38:48.371,490.83,91.70
2025-08-19 10:38:49.372,490.83,87.34
2025-08-19 10:38:50.373,490.83,82.97
2025-08-19 10:38:51.374,490.83,87.34
2025-08-19 10:38:52.375,490.83,91.70
2025-08-19 10:38:53.376,490.83,91.70
2025-08-19 10:38:54.377,490.83,87.34
2025-08-19 10:38:55.378,490.83,87.34
2025-08-19 10:38:56.379,490.83,82.97
2025-08-19 10:38:57.380,490.83,87.34
2025-08-19 10:38:58.381,490.83,96.07
2025-08-19 10:38:59.382,490.83,87.34
2025-08-19 10:39:00.383,490.83,82.97
2025-08-19 10:39:01.384,490.83,82.97
2025-08-19 10:39:02.385,490.83,82.97
2025-08-19 10:39:03.386,490.83,82.97
2025-08-19 10:39:04.387,490.83,82.97
2025-08-19 10:39:05.388,490.83,82.97
2025-08-19 10:39:06.388,490.83,82.97
2025-08-19 10:39:07.389,490.83,82.97
2025-08-19 10:39:08.390,490.83,82.97
2025-08-19 10:39:09.390,490.83,82.97
2025-08-19 10:39:10.391,490.83,82.97
2025-08-19 10:39:11.392,490.83,87.34
2025-08-19 10:39:12.392,490.83,91.70
2025-08-19 10:39:13.393,490.83,96.07
2025-08-19 10:39:14.394,490.83,91.70
2025-08-19 10:39:15.395,490.83,82.97
2025-08-19 10:39:16.395,490.83,82.97
2025-08-19 10:39:17.396,483.84,82.97
2025-08-19 10:39:18.397,483.84,82.97
2025-08-19 10:39:19.398,483.84,82.97
2025-08-19 10:39:20.399,483.84,82.97
2025-08-19 10:39:21.400,483.84,82.97
2025-08-19 10:39:22.401,483.84,87.34
2025-08-19 10:39:23.401,483.84,87.34
2025-08-19 10:39:24.402,483.84,87.34
2025-08-19 10:39:25.403,483.84,87.34
2025-08-19 10:39:26.403,483.84,82.97
2025-08-19 10:39:27.404,483.84,82.97
2025-08-19 10:39:28.405,483.84,87.34
2025-08-19 10:39:29.405,483.84,96.07
2025-08-19 10:39:30.406,483.84,96.07
2025-08-19 10:39:31.407,483.84,96.07
2025-08-19 10:39:32.407,483.84,91.70
2025-08-19 10:39:33.408,483.84,82.97
2025-08-19 10:39:34.409,483.84,82.97
2025-08-19 10:39:35.410,483.84,82.97
2025-08-19 10:39:36.411,483.84,82.97
2025-08-19 10:39:37.411,483.84,82.97
2025-08-19 10:39:38.412,483.84,82.97
2025-08-19 10:39:39.413,483.84,82.97
2025-08-19 10:39:40.413,483.84,82.97
2025-08-19 10:39:41.414,483.84,82.97
2025-08-19 10:39:42.415,483.84,82.97
2025-08-19 10:39:43.415,483.84,82.97
2025-08-19 10:39:44.416,483.84,82.97
2025-08-19 10:39:45.417,483.84,82.97
2025-08-19 10:39:46.417,483.84,82.97
2025-08-19 10:39:47.418,483.84,82.97
2025-08-19 10:39:48.419,483.84,82.97
2025-08-19 10:39:49.420,483.84,82.97
2025-08-19 10:39:50.420,483.84,82.97
2025-08-19 10:39:51.421,483.84,91.70
2025-08-19 10:39:52.421,483.84,87.34
2025-08-19 10:39:53.422,483.84,91.70
2025-08-19 10:39:54.423,483.84,87.34
2025-08-19 10:39:55.424,483.84,82.97
2025-08-19 10:39:56.425,483.84,82.97
2025-08-19 10:39:57.426,483.84,82.97
2025-08-19 10:39:58.426,483.84,91.70
2025-08-19 10:39:59.427,483.84,91.70
2025-08-19 10:40:00.427,483.84,87.34
2025-08-19 10:40:01.428,483.84,82.97
2025-08-19 10:40:02.429,483.84,82.97
2025-08-19 10:40:03.429,483.84,82.97
2025-08-19 10:40:04.430,483.84,82.97
2025-08-19 10:40:05.430,483.84,82.97
2025-08-19 10:40:06.431,483.84,82.97
2025-08-19 10:40:07.432,483.84,82.97
2025-08-19 10:40:08.432,483.84,87.34
2025-08-19 10:40:09.433,483.84,82.97
2025-08-19 10:40:10.434,483.84,82.97
2025-08-19 10:40:11.434,483.84,82.97
2025-08-19 10:40:12.435,483.84,82.97
2025-08-19 10:40:13.436,483.84,82.97
2025-08-19 10:40:14.437,483.84,82.97
2025-08-19 10:40:15.437,483.84,82.97
2025-08-19 10:40:16.438,483.84,82.97
2025-08-19 10:40:17.439,483.84,82.97
2025-08-19 10:40:18.440,483.84,82.97
2025-08-19 10:40:19.441,483.84,82.97
2025-08-19 10:40:20.442,483.84,82.97
2025-08-19 10:40:21.443,483.84,82.97
2025-08-19 10:40:22.444,483.84,87.34
2025-08-19 10:40:23.445,483.84,87.34
2025-08-19 10:40:24.446,483.84,87.34
2025-08-19 10:40:25.447,483.84,82.97
2025-08-19 10:40:26.448,483.84,82.97
2025-08-19 10:40:27.449,483.84,82.97
2025-08-19 10:40:28.449,483.84,82.97
2025-08-19 10:40:29.450,483.84,87.34
2025-08-19 10:40:30.451,483.84,87.34
2025-08-19 10:40:31.452,483.84,87.34
2025-08-19 10:40:32.453,483.84,87.34
2025-08-19 10:40:33.454,483.84,87.34
2025-08-19 10:40:34.454,483.84,87.34
2025-08-19 10:40:35.455,483.84,87.34
2025-08-19 10:40:36.456,483.84,87.34
2025-08-19 10:40:37.457,483.84,82.97
2025-08-19 10:40:38.458,483.84,82.97
2025-08-19 10:40:39.459,483.84,82.97
2025-08-19 10:40:40.459,483.84,82.97
2025-08-19 10:40:41.460,483.84,82.97
2025-08-19 10:40:42.461,483.84,82.97
2025-08-19 10:40:43.462,483.84,82.97
2025-08-19 10:40:44.463,483.84,82.97
2025-08-19 10:40:45.464,483.84,82.97
2025-08-19 10:40:46.465,483.84,82.97
2025-08-19 10:40:47.466,483.84,82.97
2025-08-19 10:40:48.467,483.84,82.97
2025-08-19 10:40:49.467,483.84,82.97
2025-08-19 10:40:50.468,483.84,82.97
2025-08-19 10:40:51.469,483.84,82.97
2025-08-19 10:40:52.470,483.84,82.97
2025-08-19 10:40:53.471,483.84,82.97
2025-08-19 10:40:54.472,483.84,87.34
2025-08-19 10:40:55.473,483.84,91.70
2025-08-19 10:40:56.474,483.84,91.70
2025-08-19 10:40:57.475,483.84,91.70
2025-08-19 10:40:58.476,483.84,87.34
2025-08-19 10:40:59.477,483.84,87.34
2025-08-19 10:41:00.478,483.84,82.97
2025-08-19 10:41:01.479,476.86,82.97
2025-08-19 10:41:02.480,476.86,82.97
2025-08-19 10:41:03.481,476.86,82.97
2025-08-19 10:41:04.482,476.86,82.97
2025-08-19 10:41:05.483,476.86,82.97
2025-08-19 10:41:06.484,476.86,82.97
2025-08-19 10:41:07.485,476.86,82.97
2025-08-19 10:41:08.487,476.86,82.97
2025-08-19 10:41:09.488,476.86,82.97
2025-08-19 10:41:10.489,476.86,82.97
2025-08-19 10:41:11.490,476.86,82.97
2025-08-19 10:41:12.491,476.86,82.97
2025-08-19 10:41:13.492,476.86,82.97
2025-08-19 10:41:14.493,476.86,82.97
2025-08-19 10:41:15.494,476.86,82.97
2025-08-19 10:41:16.494,476.86,82.97
2025-08-19 10:41:17.495,476.86,82.97
2025-08-19 10:41:18.496,476.86,82.97
2025-08-19 10:41:19.497,476.86,82.97
2025-08-19 10:41:20.498,476.86,82.97
2025-08-19 10:41:21.499,476.86,91.70
2025-08-19 10:41:22.500,476.86,96.07
2025-08-19 10:41:23.500,476.86,91.70
2025-08-19 10:41:24.501,476.86,87.34
2025-08-19 10:41:25.502,476.86,82.97
2025-08-19 10:41:26.503,476.86,82.97
2025-08-19 10:41:27.503,476.86,82.97
2025-08-19 10:41:28.504,476.86,82.97
2025-08-19 10:41:29.505,476.86,82.97
2025-08-19 10:41:30.506,476.86,82.97
2025-08-19 10:41:31.507,476.86,82.97
2025-08-19 10:41:32.508,476.86,82.97
2025-08-19 10:41:33.509,476.86,82.97
2025-08-19 10:41:34.510,476.86,82.97
2025-08-19 10:41:35.511,476.86,82.97
2025-08-19 10:41:36.511,476.86,82.97
2025-08-19 10:41:37.512,476.86,82.97
2025-08-19 10:41:38.513,476.86,82.97
2025-08-19 10:41:39.514,476.86,82.97
2025-08-19 10:41:40.515,476.86,82.97
2025-08-19 10:41:41.516,476.86,82.97
2025-08-19 10:41:42.517,476.86,82.97
2025-08-19 10:41:43.518,476.86,82.97
2025-08-19 10:41:44.518,476.86,82.97
2025-08-19 10:41:45.519,476.86,82.97
2025-08-19 10:41:46.520,476.86,82.97
2025-08-19 10:41:47.521,476.86,82.97
2025-08-19 10:41:48.521,476.86,82.97
2025-08-19 10:41:49.522,476.86,82.97
2025-08-19 10:41:50.523,476.86,82.97
2025-08-19 10:41:51.524,476.86,82.97
2025-08-19 10:41:52.525,476.86,82.97
2025-08-19 10:41:53.526,476.86,82.97
2025-08-19 10:41:54.527,476.86,82.97
2025-08-19 10:41:55.528,476.86,82.97
2025-08-19 10:41:56.529,476.86,82.97
2025-08-19 10:41:57.529,476.86,82.97
2025-08-19 10:41:58.530,476.86,82.97
2025-08-19 10:41:59.531,476.86,82.97
2025-08-19 10:42:00.532,476.86,82.97
2025-08-19 10:42:01.533,476.86,82.97
2025-08-19 10:42:02.533,476.86,82.97
2025-08-19 10:42:03.534,476.86,82.97
2025-08-19 10:42:04.535,476.86,82.97
2025-08-19 10:42:05.535,476.86,82.97
2025-08-19 10:42:06.536,476.86,82.97
2025-08-19 10:42:07.537,476.86,82.97
2025-08-19 10:42:08.538,476.86,82.97
2025-08-19 10:42:09.538,476.86,82.97
2025-08-19 10:42:10.539,476.86,82.97
2025-08-19 10:42:11.540,476.86,82.97
2025-08-19 10:42:12.541,476.86,82.97
2025-08-19 10:42:13.542,476.86,82.97
2025-08-19 10:42:14.543,476.86,82.97
2025-08-19 10:42:15.544,476.86,82.97
2025-08-19 10:42:16.545,476.86,82.97
2025-08-19 10:42:17.545,476.86,82.97
2025-08-19 10:42:18.546,476.86,82.97
2025-08-19 10:42:19.547,476.86,82.97
2025-08-19 10:42:20.548,476.86,82.97
2025-08-19 10:42:21.549,476.86,87.34
2025-08-19 10:42:22.550,476.86,87.34
2025-08-19 10:42:23.551,476.86,87.34
2025-08-19 10:42:24.552,476.86,87.34
2025-08-19 10:42:25.552,476.86,87.34
2025-08-19 10:42:26.553,476.86,87.34
2025-08-19 10:42:27.554,476.86,82.97
2025-08-19 10:42:28.555,476.86,82.97
2025-08-19 10:42:29.555,476.86,82.97
2025-08-19 10:42:30.556,476.86,82.97
2025-08-19 10:42:31.557,476.86,82.97
2025-08-19 10:42:32.558,476.86,82.97
2025-08-19 10:42:33.558,476.86,82.97
2025-08-19 10:42:34.559,476.86,82.97
2025-08-19 10:42:35.560,476.86,82.97
2025-08-19 10:42:36.561,476.86,82.97
2025-08-19 10:42:37.562,476.86,82.97
2025-08-19 10:42:38.563,476.86,82.97
2025-08-19 10:42:39.563,469.87,82.97
2025-08-19 10:42:40.564,469.87,82.97
2025-08-19 10:42:41.565,469.87,82.97
2025-08-19 10:42:42.566,469.87,82.97
2025-08-19 10:42:43.567,469.87,82.97
2025-08-19 10:42:44.567,469.87,82.97
2025-08-19 10:42:45.568,469.87,82.97
2025-08-19 10:42:46.569,469.87,82.97
2025-08-19 10:42:47.569,469.87,82.97
2025-08-19 10:42:48.570,469.87,82.97
2025-08-19 10:42:49.570,469.87,87.34
2025-08-19 10:42:50.571,469.87,87.34
2025-08-19 10:42:51.572,469.87,87.34
2025-08-19 10:42:52.573,469.87,82.97
2025-08-19 10:42:53.573,469.87,87.34
2025-08-19 10:42:54.574,469.87,96.07
2025-08-19 10:42:55.575,469.87,96.07
2025-08-19 10:42:56.576,469.87,96.07
2025-08-19 10:42:57.576,469.87,96.07
2025-08-19 10:42:58.577,469.87,96.07
2025-08-19 10:42:59.578,469.87,91.70
2025-08-19 10:43:00.578,469.87,91.70
2025-08-19 10:43:01.579,469.87,91.70
2025-08-19 10:43:02.580,469.87,87.34
2025-08-19 10:43:03.581,469.87,87.34
2025-08-19 10:43:04.581,469.87,87.34
2025-08-19 10:43:05.582,469.87,87.34
2025-08-19 10:43:06.583,469.87,87.34
2025-08-19 10:43:07.584,469.87,91.70
2025-08-19 10:43:08.584,469.87,96.07
2025-08-19 10:43:09.586,469.87,100.44
2025-08-19 10:43:10.586,476.86,96.07
2025-08-19 10:43:11.586,476.86,96.07
2025-08-19 10:43:12.587,476.86,91.70
2025-08-19 10:43:13.587,476.86,91.70
2025-08-19 10:43:14.588,476.86,91.70
2025-08-19 10:43:15.589,476.86,91.70
2025-08-19 10:43:16.590,476.86,91.70
2025-08-19 10:43:17.591,476.86,91.70
2025-08-19 10:43:18.592,476.86,91.70
2025-08-19 10:43:19.593,476.86,91.70
2025-08-19 10:43:20.594,476.86,96.07
2025-08-19 10:43:21.594,476.86,96.07
2025-08-19 10:43:22.595,476.86,96.07
2025-08-19 10:43:23.596,476.86,91.70
2025-08-19 10:43:24.597,476.86,91.70
2025-08-19 10:43:25.598,476.86,91.70
2025-08-19 10:43:26.598,476.86,91.70
2025-08-19 10:43:27.599,476.86,91.70
2025-08-19 10:43:28.600,476.86,91.70
2025-08-19 10:43:29.601,476.86,87.34
2025-08-19 10:43:30.602,476.86,87.34
2025-08-19 10:43:31.603,476.86,87.34
2025-08-19 10:43:32.603,476.86,87.34
2025-08-19 10:43:33.604,476.86,87.34
2025-08-19 10:43:34.605,476.86,87.34
2025-08-19 10:43:35.605,476.86,87.34
2025-08-19 10:43:36.605,476.86,87.34
2025-08-19 10:43:37.606,476.86,91.70
2025-08-19 10:43:38.608,476.86,104.80
2025-08-19 10:43:39.608,476.86,104.80
2025-08-19 10:43:40.609,476.86,104.80
2025-08-19 10:43:41.610,476.86,104.80
2025-08-19 10:43:42.610,476.86,100.44
2025-08-19 10:43:43.610,476.86,96.07
2025-08-19 10:43:44.612,476.86,100.44
2025-08-19 10:43:45.613,476.86,100.44
2025-08-19 10:43:46.613,476.86,113.54
2025-08-19 10:43:47.614,476.86,109.17
2025-08-19 10:43:48.615,476.86,104.80
2025-08-19 10:43:49.616,476.86,100.44
2025-08-19 10:43:50.616,476.86,100.44
2025-08-19 10:43:51.617,476.86,100.44
2025-08-19 10:43:52.618,476.86,100.44
2025-08-19 10:43:53.619,476.86,100.44
2025-08-19 10:43:54.619,476.86,100.44
2025-08-19 10:43:55.620,476.86,100.44
2025-08-19 10:43:56.621,476.86,100.44
2025-08-19 10:43:57.621,476.86,91.70
2025-08-19 10:43:58.621,476.86,87.34
2025-08-19 10:43:59.622,476.86,87.34
2025-08-19 10:44:00.623,476.86,87.34
2025-08-19 10:44:01.624,476.86,87.34
2025-08-19 10:44:02.625,476.86,87.34
2025-08-19 10:44:03.626,476.86,87.34
2025-08-19 10:44:04.627,476.86,87.34
2025-08-19 10:44:05.628,476.86,87.34
2025-08-19 10:44:06.629,476.86,87.34
2025-08-19 10:44:07.630,476.86,91.70
2025-08-19 10:44:08.631,476.86,87.34
2025-08-19 10:44:09.631,476.86,87.34
2025-08-19 10:44:10.632,476.86,87.34
2025-08-19 10:44:11.633,476.86,87.34
2025-08-19 10:44:12.634,476.86,96.07
2025-08-19 10:44:13.634,476.86,96.07
2025-08-19 10:44:14.635,476.86,96.07
2025-08-19 10:44:15.635,476.86,91.70
2025-08-19 10:44:16.636,476.86,91.70
2025-08-19 10:44:17.637,476.86,91.70
2025-08-19 10:44:18.637,476.86,87.34
2025-08-19 10:44:19.638,476.86,87.34
2025-08-19 10:44:20.638,476.86,87.34
2025-08-19 10:44:21.639,476.86,87.34
2025-08-19 10:44:22.640,476.86,82.97
2025-08-19 10:44:23.640,476.86,82.97
2025-08-19 10:44:24.641,476.86,82.97
2025-08-19 10:44:25.641,476.86,82.97
2025-08-19 10:44:26.642,476.86,82.97
2025-08-19 10:44:27.642,476.86,82.97
2025-08-19 10:44:28.642,476.86,82.97
2025-08-19 10:44:29.643,476.86,82.97
2025-08-19 10:44:30.644,476.86,82.97
2025-08-19 10:44:31.645,476.86,82.97
2025-08-19 10:44:32.646,476.86,82.97
2025-08-19 10:44:33.646,476.86,82.97
2025-08-19 10:44:34.647,476.86,82.97
2025-08-19 10:44:35.648,476.86,82.97
2025-08-19 10:44:36.649,476.86,82.97
2025-08-19 10:44:37.650,476.86,82.97
2025-08-19 10:44:38.650,476.86,82.97
2025-08-19 10:44:39.651,476.86,82.97
2025-08-19 10:44:40.652,476.86,82.97
2025-08-19 10:44:41.653,476.86,82.97
2025-08-19 10:44:42.653,476.86,82.97
2025-08-19 10:44:43.654,476.86,82.97
2025-08-19 10:44:44.654,476.86,82.97
2025-08-19 10:44:45.655,476.86,87.34
2025-08-19 10:44:46.656,476.86,82.97
2025-08-19 10:44:47.656,476.86,87.34
2025-08-19 10:44:48.657,476.86,91.70
2025-08-19 10:44:49.658,476.86,91.70
2025-08-19 10:44:50.658,476.86,91.70
2025-08-19 10:44:51.659,476.86,87.34
2025-08-19 10:44:52.660,476.86,87.34
2025-08-19 10:44:53.661,476.86,87.34
2025-08-19 10:44:54.662,476.86,104.80
2025-08-19 10:44:55.663,476.86,100.44
2025-08-19 10:44:56.663,476.86,96.07
2025-08-19 10:44:57.663,476.86,96.07
2025-08-19 10:44:58.664,476.86,96.07
2025-08-19 10:44:59.665,476.86,91.70
2025-08-19 10:45:00.665,476.86,91.70
2025-08-19 10:45:01.666,476.86,91.70
2025-08-19 10:45:02.667,476.86,87.34
2025-08-19 10:45:03.668,476.86,87.34
2025-08-19 10:45:04.669,476.86,87.34
2025-08-19 10:45:05.669,476.86,87.34
2025-08-19 10:45:06.670,476.86,82.97
2025-08-19 10:45:07.671,476.86,87.34
2025-08-19 10:45:08.672,476.86,87.34
2025-08-19 10:45:09.673,476.86,87.34
2025-08-19 10:45:10.673,476.86,87.34
2025-08-19 10:45:11.674,476.86,87.34
2025-08-19 10:45:12.675,476.86,87.34
2025-08-19 10:45:13.676,476.86,87.34
2025-08-19 10:45:14.677,476.86,87.34
2025-08-19 10:45:15.678,476.86,87.34
2025-08-19 10:45:16.679,476.86,87.34
2025-08-19 10:45:17.680,476.86,87.34
2025-08-19 10:45:18.680,476.86,87.34
2025-08-19 10:45:19.681,476.86,87.34
2025-08-19 10:45:20.682,476.86,87.34
2025-08-19 10:45:21.683,476.86,87.34
2025-08-19 10:45:22.684,476.86,87.34
2025-08-19 10:45:23.685,476.86,87.34
2025-08-19 10:45:24.686,476.86,87.34
2025-08-19 10:45:25.687,476.86,87.34
2025-08-19 10:45:26.688,476.86,87.34
2025-08-19 10:45:27.688,476.86,87.34
2025-08-19 10:45:28.689,476.86,87.34
2025-08-19 10:45:29.690,476.86,87.34
2025-08-19 10:45:30.691,476.86,87.34
2025-08-19 10:45:31.692,476.86,87.34
2025-08-19 10:45:32.692,476.86,87.34
2025-08-19 10:45:33.693,476.86,87.34
2025-08-19 10:45:34.694,476.86,87.34
2025-08-19 10:45:35.695,476.86,87.34
2025-08-19 10:45:36.696,476.86,87.34
2025-08-19 10:45:37.697,476.86,87.34
2025-08-19 10:45:38.698,476.86,87.34
2025-08-19 10:45:39.699,476.86,87.34
2025-08-19 10:45:40.700,476.86,87.34
2025-08-19 10:45:41.701,476.86,87.34
2025-08-19 10:45:42.702,476.86,87.34
2025-08-19 10:45:43.703,476.86,87.34
2025-08-19 10:45:44.704,476.86,87.34
2025-08-19 10:45:45.706,476.86,87.34
2025-08-19 10:45:46.707,476.86,87.34
2025-08-19 10:45:47.708,476.86,87.34
2025-08-19 10:45:48.709,476.86,87.34
2025-08-19 10:45:49.709,476.86,87.34
2025-08-19 10:45:50.710,476.86,87.34
2025-08-19 10:45:51.711,476.86,87.34
2025-08-19 10:45:52.712,476.86,87.34
2025-08-19 10:45:53.713,476.86,87.34
2025-08-19 10:45:54.714,476.86,87.34
2025-08-19 10:45:55.715,476.86,87.34
2025-08-19 10:45:56.716,476.86,87.34
2025-08-19 10:45:57.716,476.86,87.34
2025-08-19 10:45:58.717,476.86,87.34
2025-08-19 10:45:59.718,476.86,87.34
2025-08-19 10:46:00.719,476.86,87.34
2025-08-19 10:46:01.720,476.86,87.34
2025-08-19 10:46:02.721,476.86,87.34
2025-08-19 10:46:03.722,476.86,87.34
2025-08-19 10:46:04.723,476.86,87.34
2025-08-19 10:46:05.724,476.86,87.34
2025-08-19 10:46:06.725,476.86,87.34
2025-08-19 10:46:07.726,476.86,87.34
2025-08-19 10:46:08.726,476.86,87.34
2025-08-19 10:46:09.727,476.86,87.34
2025-08-19 10:46:10.728,476.86,87.34
2025-08-19 10:46:11.729,476.86,87.34
2025-08-19 10:46:12.730,476.86,87.34
2025-08-19 10:46:13.731,476.86,87.34
2025-08-19 10:46:14.731,476.86,87.34
2025-08-19 10:46:15.732,476.86,82.97
2025-08-19 10:46:16.733,469.87,82.97
2025-08-19 10:46:17.734,469.87,82.97
2025-08-19 10:46:18.735,469.87,87.34
2025-08-19 10:46:19.735,469.87,87.34
2025-08-19 10:46:20.736,469.87,87.34
2025-08-19 10:46:21.737,469.87,87.34
2025-08-19 10:46:22.738,469.87,87.34
2025-08-19 10:46:23.739,469.87,82.97
2025-08-19 10:46:24.740,469.87,82.97
2025-08-19 10:46:25.740,469.87,82.97
2025-08-19 10:46:26.741,469.87,82.97
2025-08-19 10:46:27.743,469.87,82.97
2025-08-19 10:46:28.744,469.87,82.97
2025-08-19 10:46:29.745,469.87,82.97
2025-08-19 10:46:30.746,469.87,82.97
2025-08-19 10:46:31.747,469.87,82.97
2025-08-19 10:46:32.748,469.87,82.97
2025-08-19 10:46:33.749,469.87,82.97
2025-08-19 10:46:34.750,469.87,87.34
2025-08-19 10:46:35.751,469.87,87.34
2025-08-19 10:46:36.752,469.87,87.34
2025-08-19 10:46:37.752,469.87,82.97
2025-08-19 10:46:38.753,469.87,82.97
2025-08-19 10:46:39.754,469.87,82.97
2025-08-19 10:46:40.755,469.87,82.97
2025-08-19 10:46:41.756,469.87,82.97
2025-08-19 10:46:42.757,469.87,82.97
2025-08-19 10:46:43.757,469.87,82.97
2025-08-19 10:46:44.758,469.87,82.97
2025-08-19 10:46:45.759,469.87,87.34
2025-08-19 10:46:46.760,469.87,82.97
2025-08-19 10:46:47.761,469.87,82.97
2025-08-19 10:46:48.761,469.87,82.97
2025-08-19 10:46:49.762,469.87,87.34
2025-08-19 10:46:50.763,469.87,87.34
2025-08-19 10:46:51.764,469.87,82.97
2025-08-19 10:46:52.765,469.87,82.97
2025-08-19 10:46:53.766,469.87,82.97
2025-08-19 10:46:54.766,469.87,82.97
2025-08-19 10:46:55.767,469.87,82.97
2025-08-19 10:46:56.767,469.87,82.97
2025-08-19 10:46:57.768,469.87,82.97
2025-08-19 10:46:58.769,469.87,82.97
2025-08-19 10:46:59.769,469.87,82.97
2025-08-19 10:47:00.770,469.87,82.97
2025-08-19 10:47:01.771,469.87,82.97
2025-08-19 10:47:02.771,469.87,82.97
2025-08-19 10:47:03.772,469.87,82.97
2025-08-19 10:47:04.773,469.87,82.97
2025-08-19 10:47:05.774,469.87,82.97
2025-08-19 10:47:06.775,469.87,82.97
2025-08-19 10:47:07.776,469.87,82.97
2025-08-19 10:47:08.776,469.87,87.34
2025-08-19 10:47:09.777,469.87,82.97
2025-08-19 10:47:10.778,469.87,82.97
2025-08-19 10:47:11.779,469.87,82.97
2025-08-19 10:47:12.780,469.87,82.97
2025-08-19 10:47:13.781,469.87,82.97
2025-08-19 10:47:14.783,469.87,82.97
2025-08-19 10:47:15.784,469.87,82.97
2025-08-19 10:47:16.785,469.87,82.97
2025-08-19 10:47:17.786,469.87,82.97
2025-08-19 10:47:18.787,469.87,82.97
2025-08-19 10:47:19.789,469.87,82.97
2025-08-19 10:47:20.789,469.87,82.97
2025-08-19 10:47:21.790,469.87,82.97
2025-08-19 10:47:22.791,469.87,82.97
2025-08-19 10:47:23.792,469.87,82.97
2025-08-19 10:47:24.793,469.87,82.97
2025-08-19 10:47:25.794,469.87,82.97
2025-08-19 10:47:26.795,469.87,82.97
2025-08-19 10:47:27.796,469.87,82.97
2025-08-19 10:47:28.797,469.87,82.97
2025-08-19 10:47:29.798,469.87,82.97
2025-08-19 10:47:30.799,469.87,82.97
2025-08-19 10:47:31.801,469.87,82.97
2025-08-19 10:47:32.802,469.87,82.97
2025-08-19 10:47:33.803,469.87,82.97
2025-08-19 10:47:34.804,469.87,82.97
2025-08-19 10:47:35.805,469.87,82.97
2025-08-19 10:47:36.806,469.87,82.97
2025-08-19 10:47:37.807,469.87,82.97
2025-08-19 10:47:38.808,469.87,82.97
2025-08-19 10:47:39.809,469.87,82.97
2025-08-19 10:47:40.810,469.87,82.97
2025-08-19 10:47:41.811,469.87,82.97
2025-08-19 10:47:42.813,469.87,82.97
2025-08-19 10:47:43.814,469.87,82.97
2025-08-19 10:47:44.815,469.87,82.97
2025-08-19 10:47:45.816,469.87,82.97
2025-08-19 10:47:46.817,469.87,82.97
2025-08-19 10:47:47.817,469.87,82.97
2025-08-19 10:47:48.818,469.87,82.97
2025-08-19 10:47:49.819,469.87,82.97
2025-08-19 10:47:50.820,469.87,82.97
2025-08-19 10:47:51.821,469.87,82.97
2025-08-19 10:47:52.822,469.87,82.97
2025-08-19 10:47:53.824,469.87,82.97
2025-08-19 10:47:54.825,469.87,82.97
2025-08-19 10:47:55.826,469.87,82.97
2025-08-19 10:47:56.827,469.87,82.97
2025-08-19 10:47:57.829,469.87,82.97
2025-08-19 10:47:58.830,469.87,82.97
2025-08-19 10:47:59.831,469.87,82.97
2025-08-19 10:48:00.832,469.87,82.97
2025-08-19 10:48:01.833,469.87,82.97
2025-08-19 10:48:02.834,462.88,82.97
2025-08-19 10:48:03.835,462.88,82.97
2025-08-19 10:48:04.836,462.88,82.97
2025-08-19 10:48:05.837,462.88,82.97
2025-08-19 10:48:06.839,462.88,82.97
2025-08-19 10:48:07.840,462.88,82.97
2025-08-19 10:48:08.841,462.88,82.97
2025-08-19 10:48:09.842,462.88,82.97
2025-08-19 10:48:10.844,462.88,82.97
2025-08-19 10:48:11.845,462.88,82.97
2025-08-19 10:48:12.847,462.88,82.97
2025-08-19 10:48:13.848,462.88,82.97
2025-08-19 10:48:14.849,462.88,82.97
2025-08-19 10:48:15.850,462.88,82.97
2025-08-19 10:48:16.851,462.88,82.97
2025-08-19 10:48:17.852,462.88,82.97
2025-08-19 10:48:18.854,462.88,82.97
2025-08-19 10:48:19.855,462.88,82.97
2025-08-19 10:48:20.856,462.88,82.97
2025-08-19 10:48:21.858,462.88,82.97
2025-08-19 10:48:22.859,462.88,82.97
2025-08-19 10:48:23.860,462.88,82.97
2025-08-19 10:48:24.862,462.88,82.97
2025-08-19 10:48:25.862,462.88,82.97
2025-08-19 10:48:26.863,462.88,82.97
2025-08-19 10:48:27.865,462.88,82.97
2025-08-19 10:48:28.866,462.88,82.97
2025-08-19 10:48:29.867,462.88,82.97
2025-08-19 10:48:30.868,462.88,82.97
2025-08-19 10:48:31.869,462.88,87.34
2025-08-19 10:48:32.870,462.88,87.34
2025-08-19 10:48:33.871,462.88,87.34
2025-08-19 10:48:34.873,462.88,82.97
2025-08-19 10:48:35.874,462.88,82.97
2025-08-19 10:48:36.875,462.88,82.97
2025-08-19 10:48:37.876,462.88,82.97
2025-08-19 10:48:38.877,462.88,82.97
2025-08-19 10:48:39.879,462.88,82.97
2025-08-19 10:48:40.880,462.88,82.97
2025-08-19 10:48:41.881,462.88,82.97
2025-08-19 10:48:42.882,462.88,82.97
2025-08-19 10:48:43.883,462.88,82.97
2025-08-19 10:48:44.884,462.88,82.97
2025-08-19 10:48:45.885,462.88,82.97
2025-08-19 10:48:46.886,462.88,82.97
2025-08-19 10:48:47.888,462.88,82.97
2025-08-19 10:48:48.889,462.88,82.97
2025-08-19 10:48:49.890,462.88,82.97
2025-08-19 10:48:50.891,462.88,82.97
2025-08-19 10:48:51.892,462.88,82.97
2025-08-19 10:48:52.893,462.88,82.97
2025-08-19 10:48:53.895,462.88,82.97
2025-08-19 10:48:54.896,462.88,82.97
2025-08-19 10:48:55.897,462.88,82.97
2025-08-19 10:48:56.898,462.88,82.97
2025-08-19 10:48:57.898,462.88,91.70
2025-08-19 10:48:58.899,462.88,87.34
2025-08-19 10:48:59.900,462.88,82.97
2025-08-19 10:49:00.901,462.88,82.97
2025-08-19 10:49:01.902,462.88,82.97
2025-08-19 10:49:02.903,462.88,82.97
2025-08-19 10:49:03.904,462.88,82.97
2025-08-19 10:49:04.905,462.88,82.97
2025-08-19 10:49:05.906,462.88,82.97
2025-08-19 10:49:06.907,462.88,82.97
2025-08-19 10:49:07.908,462.88,82.97
2025-08-19 10:49:08.909,462.88,82.97
2025-08-19 10:49:09.910,462.88,82.97
2025-08-19 10:49:10.911,462.88,82.97
2025-08-19 10:49:11.912,462.88,82.97
2025-08-19 10:49:12.913,462.88,82.97
2025-08-19 10:49:13.915,462.88,82.97
2025-08-19 10:49:14.916,462.88,82.97
2025-08-19 10:49:15.917,462.88,82.97
2025-08-19 10:49:16.919,462.88,82.97
2025-08-19 10:49:17.920,462.88,78.60
2025-08-19 10:49:18.921,462.88,78.60
2025-08-19 10:49:19.922,462.88,82.97
2025-08-19 10:49:20.923,462.88,82.97
2025-08-19 10:49:21.924,462.88,82.97
2025-08-19 10:49:22.925,455.90,82.97
2025-08-19 10:49:23.926,455.90,82.97
2025-08-19 10:49:24.927,455.90,82.97
2025-08-19 10:49:25.928,455.90,78.60
2025-08-19 10:49:26.929,455.90,78.60
2025-08-19 10:49:27.930,455.90,78.60
2025-08-19 10:49:28.931,455.90,78.60
2025-08-19 10:49:29.931,455.90,78.60
2025-08-19 10:49:30.932,455.90,78.60
2025-08-19 10:49:31.933,455.90,78.60
2025-08-19 10:49:32.934,455.90,78.60
2025-08-19 10:49:33.935,455.90,78.60
2025-08-19 10:49:34.936,455.90,78.60
2025-08-19 10:49:35.937,455.90,78.60
2025-08-19 10:49:36.938,455.90,78.60
2025-08-19 10:49:37.939,455.90,78.60
2025-08-19 10:49:38.940,455.90,78.60
2025-08-19 10:49:39.940,455.90,78.60
2025-08-19 10:49:40.941,455.90,78.60
2025-08-19 10:49:41.941,455.90,78.60
2025-08-19 10:49:42.942,455.90,78.60
2025-08-19 10:49:43.943,455.90,78.60
2025-08-19 10:49:44.944,455.90,78.60
2025-08-19 10:49:45.945,455.90,78.60
2025-08-19 10:49:46.946,455.90,78.60
2025-08-19 10:49:47.947,455.90,82.97
2025-08-19 10:49:48.947,455.90,82.97
2025-08-19 10:49:49.948,455.90,82.97
2025-08-19 10:49:50.949,455.90,78.60
2025-08-19 10:49:51.950,455.90,82.97
2025-08-19 10:49:52.951,455.90,82.97
2025-08-19 10:49:53.952,455.90,82.97
2025-08-19 10:49:54.952,455.90,82.97
2025-08-19 10:49:55.953,455.90,82.97
2025-08-19 10:49:56.954,455.90,82.97
2025-08-19 10:49:57.955,455.90,82.97
2025-08-19 10:49:58.955,455.90,82.97
2025-08-19 10:49:59.956,455.90,82.97
2025-08-19 10:50:00.957,455.90,82.97
2025-08-19 10:50:01.958,455.90,82.97
2025-08-19 10:50:02.959,455.90,82.97
2025-08-19 10:50:03.960,455.90,82.97
2025-08-19 10:50:04.961,455.90,82.97
2025-08-19 10:50:05.962,455.90,82.97
2025-08-19 10:50:06.963,455.90,82.97
2025-08-19 10:50:07.963,455.90,82.97
2025-08-19 10:50:08.964,455.90,82.97
2025-08-19 10:50:09.965,455.90,82.97
2025-08-19 10:50:10.966,455.90,82.97
2025-08-19 10:50:11.967,455.90,82.97
2025-08-19 10:50:12.968,455.90,82.97
2025-08-19 10:50:13.969,455.90,82.97
2025-08-19 10:50:14.970,455.90,82.97
2025-08-19 10:50:15.970,455.90,82.97
2025-08-19 10:50:16.971,455.90,82.97
2025-08-19 10:50:17.972,455.90,82.97
2025-08-19 10:50:18.973,455.90,82.97
2025-08-19 10:50:19.974,455.90,82.97
2025-08-19 10:50:20.976,455.90,82.97
2025-08-19 10:50:21.976,455.90,82.97
2025-08-19 10:50:22.977,455.90,82.97
2025-08-19 10:50:23.978,455.90,82.97
2025-08-19 10:50:24.979,455.90,82.97
2025-08-19 10:50:25.980,455.90,82.97
2025-08-19 10:50:26.980,455.90,82.97
2025-08-19 10:50:27.981,448.91,82.97
2025-08-19 10:50:28.982,448.91,82.97
2025-08-19 10:50:29.983,448.91,82.97
2025-08-19 10:50:30.984,448.91,82.97
2025-08-19 10:50:31.985,448.91,82.97
2025-08-19 10:50:32.986,448.91,82.97
2025-08-19 10:50:33.986,448.91,82.97
2025-08-19 10:50:34.987,448.91,82.97
2025-08-19 10:50:35.988,448.91,82.97
2025-08-19 10:50:36.989,448.91,82.97
2025-08-19 10:50:37.990,448.91,82.97
2025-08-19 10:50:38.991,448.91,82.97
2025-08-19 10:50:39.992,448.91,82.97
2025-08-19 10:50:40.993,448.91,82.97
2025-08-19 10:50:41.994,448.91,82.97
2025-08-19 10:50:42.995,448.91,82.97
2025-08-19 10:50:43.996,448.91,82.97
2025-08-19 10:50:44.997,448.91,82.97
2025-08-19 10:50:45.998,448.91,82.97
2025-08-19 10:50:46.999,448.91,82.97
2025-08-19 10:50:48.000,448.91,82.97
2025-08-19 10:50:49.001,448.91,82.97
2025-08-19 10:50:50.002,448.91,82.97
2025-08-19 10:50:51.003,448.91,82.97
2025-08-19 10:50:52.004,448.91,82.97
2025-08-19 10:50:53.006,448.91,82.97
2025-08-19 10:50:54.007,448.91,82.97
2025-08-19 10:50:55.008,448.91,82.97
2025-08-19 10:50:56.009,448.91,82.97
2025-08-19 10:50:57.010,448.91,82.97
2025-08-19 10:50:58.011,448.91,82.97
2025-08-19 10:50:59.012,448.91,82.97
2025-08-19 10:51:00.013,448.91,82.97
2025-08-19 10:51:01.014,448.91,82.97
2025-08-19 10:51:02.015,448.91,82.97
2025-08-19 10:51:03.015,448.91,82.97
2025-08-19 10:51:04.017,448.91,82.97
2025-08-19 10:51:05.018,448.91,82.97
2025-08-19 10:51:06.019,448.91,82.97
2025-08-19 10:51:07.020,448.91,82.97
2025-08-19 10:51:08.021,448.91,82.97
2025-08-19 10:51:09.022,448.91,82.97
2025-08-19 10:51:10.023,448.91,82.97
2025-08-19 10:51:11.024,448.91,82.97
2025-08-19 10:51:12.025,448.91,82.97
2025-08-19 10:51:13.026,448.91,82.97
2025-08-19 10:51:14.027,448.91,82.97
2025-08-19 10:51:15.028,448.91,82.97
2025-08-19 10:51:16.029,448.91,82.97
2025-08-19 10:51:17.030,448.91,82.97
2025-08-19 10:51:18.031,448.91,82.97
2025-08-19 10:51:19.033,448.91,82.97
2025-08-19 10:51:20.034,448.91,82.97
2025-08-19 10:51:21.035,448.91,82.97
2025-08-19 10:51:22.035,448.91,82.97
2025-08-19 10:51:23.036,448.91,82.97
2025-08-19 10:51:24.038,448.91,82.97
2025-08-19 10:51:25.039,448.91,82.97
2025-08-19 10:51:26.040,448.91,82.97
2025-08-19 10:51:27.041,448.91,82.97
2025-08-19 10:51:28.042,448.91,82.97
2025-08-19 10:51:29.043,448.91,82.97
2025-08-19 10:51:30.044,448.91,82.97
2025-08-19 10:51:31.045,448.91,82.97
2025-08-19 10:51:32.047,448.91,82.97
2025-08-19 10:51:33.048,448.91,82.97
2025-08-19 10:51:34.049,448.91,82.97
2025-08-19 10:51:35.050,448.91,82.97
2025-08-19 10:51:36.051,448.91,82.97
2025-08-19 10:51:37.052,448.91,82.97
2025-08-19 10:51:38.053,448.91,82.97
2025-08-19 10:51:39.054,448.91,82.97
2025-08-19 10:51:40.055,448.91,82.97
2025-08-19 10:51:41.056,448.91,78.60
2025-08-19 10:51:42.057,448.91,82.97
2025-08-19 10:51:43.057,448.91,82.97
2025-08-19 10:51:44.058,448.91,82.97
2025-08-19 10:51:45.059,448.91,82.97
2025-08-19 10:51:46.060,448.91,82.97
2025-08-19 10:51:47.060,448.91,82.97
2025-08-19 10:51:48.061,448.91,82.97
2025-08-19 10:51:49.062,441.92,82.97
2025-08-19 10:51:50.063,441.92,82.97
2025-08-19 10:51:51.063,441.92,82.97
2025-08-19 10:51:52.064,441.92,82.97
2025-08-19 10:51:53.065,441.92,82.97
2025-08-19 10:51:54.066,441.92,82.97
2025-08-19 10:51:55.067,441.92,82.97
2025-08-19 10:51:56.067,441.92,82.97
2025-08-19 10:51:57.068,441.92,82.97
2025-08-19 10:51:58.069,441.92,82.97
2025-08-19 10:51:59.070,441.92,82.97
2025-08-19 10:52:00.071,441.92,82.97
2025-08-19 10:52:01.072,441.92,82.97
2025-08-19 10:52:02.073,441.92,82.97
2025-08-19 10:52:03.074,441.92,82.97
2025-08-19 10:52:04.075,441.92,82.97
2025-08-19 10:52:05.076,441.92,82.97
2025-08-19 10:52:06.077,441.92,82.97
2025-08-19 10:52:07.078,441.92,82.97
2025-08-19 10:52:08.079,441.92,82.97
2025-08-19 10:52:09.079,441.92,82.97
2025-08-19 10:52:10.080,441.92,82.97
2025-08-19 10:52:11.081,441.92,82.97
2025-08-19 10:52:12.082,441.92,82.97
2025-08-19 10:52:13.083,441.92,82.97
2025-08-19 10:52:14.083,441.92,82.97
2025-08-19 10:52:15.084,441.92,82.97
2025-08-19 10:52:16.085,441.92,82.97
2025-08-19 10:52:17.086,441.92,82.97
2025-08-19 10:52:18.087,441.92,82.97
2025-08-19 10:52:19.088,441.92,82.97
2025-08-19 10:52:20.088,441.92,82.97
2025-08-19 10:52:21.089,441.92,82.97
2025-08-19 10:52:22.090,441.92,82.97
2025-08-19 10:52:23.091,441.92,82.97
2025-08-19 10:52:24.092,441.92,82.97
2025-08-19 10:52:25.093,441.92,82.97
2025-08-19 10:52:26.094,441.92,82.97
2025-08-19 10:52:27.095,441.92,82.97
2025-08-19 10:52:28.096,441.92,82.97
2025-08-19 10:52:29.096,441.92,82.97
2025-08-19 10:52:30.098,441.92,82.97
2025-08-19 10:52:31.098,441.92,82.97
2025-08-19 10:52:32.099,441.92,82.97
2025-08-19 10:52:33.100,441.92,82.97
2025-08-19 10:52:34.101,441.92,82.97
2025-08-19 10:52:35.101,441.92,82.97
2025-08-19 10:52:36.102,441.92,82.97
2025-08-19 10:52:37.103,441.92,82.97
2025-08-19 10:52:38.105,441.92,82.97
2025-08-19 10:52:39.105,441.92,82.97
2025-08-19 10:52:40.107,441.92,82.97
2025-08-19 10:52:41.108,441.92,82.97
2025-08-19 10:52:42.109,441.92,82.97
2025-08-19 10:52:43.110,441.92,82.97
2025-08-19 10:52:44.111,441.92,82.97
2025-08-19 10:52:45.112,441.92,82.97
2025-08-19 10:52:46.113,441.92,82.97
2025-08-19 10:52:47.114,441.92,82.97
2025-08-19 10:52:48.115,441.92,82.97
2025-08-19 10:52:49.116,441.92,82.97
2025-08-19 10:52:50.117,441.92,82.97
2025-08-19 10:52:51.118,441.92,82.97
2025-08-19 10:52:52.119,441.92,82.97
2025-08-19 10:52:53.120,441.92,82.97
2025-08-19 10:52:54.120,441.92,82.97
2025-08-19 10:52:55.121,441.92,82.97
2025-08-19 10:52:56.122,441.92,82.97
2025-08-19 10:52:57.123,441.92,82.97
2025-08-19 10:52:58.123,441.92,82.97
2025-08-19 10:52:59.124,441.92,82.97
2025-08-19 10:53:00.125,441.92,82.97
2025-08-19 10:53:01.126,441.92,82.97
2025-08-19 10:53:02.127,441.92,82.97
2025-08-19 10:53:03.128,441.92,82.97
2025-08-19 10:53:04.129,441.92,82.97
2025-08-19 10:53:05.130,441.92,82.97
2025-08-19 10:53:06.131,441.92,82.97
2025-08-19 10:53:07.131,441.92,82.97
2025-08-19 10:53:08.132,441.92,82.97
2025-08-19 10:53:09.133,441.92,82.97
2025-08-19 10:53:10.133,441.92,82.97
2025-08-19 10:53:11.134,441.92,82.97
2025-08-19 10:53:12.135,441.92,82.97
2025-08-19 10:53:13.135,441.92,82.97
2025-08-19 10:53:14.136,441.92,82.97
2025-08-19 10:53:15.137,441.92,82.97
2025-08-19 10:53:16.137,441.92,82.97
2025-08-19 10:53:17.138,441.92,82.97
2025-08-19 10:53:18.139,441.92,82.97
2025-08-19 10:53:19.140,441.92,82.97
2025-08-19 10:53:20.141,441.92,82.97
2025-08-19 10:53:21.142,441.92,82.97
2025-08-19 10:53:22.143,441.92,82.97
2025-08-19 10:53:23.144,441.92,82.97
2025-08-19 10:53:24.145,441.92,82.97
2025-08-19 10:53:25.146,441.92,82.97
2025-08-19 10:53:26.147,441.92,82.97
2025-08-19 10:53:27.148,441.92,82.97
2025-08-19 10:53:28.148,441.92,82.97
2025-08-19 10:53:29.149,441.92,87.34
2025-08-19 10:53:30.150,441.92,87.34
2025-08-19 10:53:31.151,441.92,82.97
2025-08-19 10:53:32.152,441.92,82.97
2025-08-19 10:53:33.152,441.92,82.97
2025-08-19 10:53:34.153,441.92,82.97
2025-08-19 10:53:35.154,441.92,82.97
2025-08-19 10:53:36.155,434.93,82.97
2025-08-19 10:53:37.156,434.93,82.97
2025-08-19 10:53:38.157,434.93,82.97
2025-08-19 10:53:39.157,434.93,82.97
2025-08-19 10:53:40.158,434.93,82.97
2025-08-19 10:53:41.159,434.93,82.97
2025-08-19 10:53:42.160,434.93,82.97
2025-08-19 10:53:43.160,434.93,82.97
2025-08-19 10:53:44.161,434.93,82.97
2025-08-19 10:53:45.162,434.93,82.97
2025-08-19 10:53:46.163,434.93,82.97
2025-08-19 10:53:47.163,434.93,82.97
2025-08-19 10:53:48.164,434.93,82.97
2025-08-19 10:53:49.165,434.93,82.97
2025-08-19 10:53:50.166,434.93,82.97
2025-08-19 10:53:51.166,434.93,82.97
2025-08-19 10:53:52.167,434.93,82.97
2025-08-19 10:53:53.168,434.93,82.97
2025-08-19 10:53:54.169,434.93,82.97
2025-08-19 10:53:55.170,434.93,82.97
2025-08-19 10:53:56.171,434.93,82.97
2025-08-19 10:53:57.172,434.93,82.97
2025-08-19 10:53:58.173,434.93,82.97
2025-08-19 10:53:59.174,434.93,82.97
2025-08-19 10:54:00.175,434.93,87.34
2025-08-19 10:54:01.176,434.93,82.97
2025-08-19 10:54:02.177,434.93,82.97
2025-08-19 10:54:03.178,434.93,82.97
2025-08-19 10:54:04.179,434.93,82.97
2025-08-19 10:54:05.179,434.93,82.97
2025-08-19 10:54:06.180,434.93,82.97
2025-08-19 10:54:07.181,434.93,82.97
2025-08-19 10:54:08.182,434.93,82.97
2025-08-19 10:54:09.183,434.93,82.97
2025-08-19 10:54:10.183,434.93,82.97
2025-08-19 10:54:11.184,434.93,82.97
2025-08-19 10:54:12.185,434.93,82.97
2025-08-19 10:54:13.186,434.93,82.97
2025-08-19 10:54:14.186,434.93,82.97
2025-08-19 10:54:15.187,434.93,82.97
2025-08-19 10:54:16.188,434.93,82.97
2025-08-19 10:54:17.189,434.93,82.97
2025-08-19 10:54:18.190,434.93,82.97
2025-08-19 10:54:19.190,434.93,82.97
2025-08-19 10:54:20.191,434.93,82.97
2025-08-19 10:54:21.192,434.93,82.97
2025-08-19 10:54:22.193,434.93,82.97
2025-08-19 10:54:23.194,434.93,82.97
2025-08-19 10:54:24.195,434.93,82.97
2025-08-19 10:54:25.196,434.93,82.97
2025-08-19 10:54:26.197,434.93,82.97
2025-08-19 10:54:27.198,434.93,82.97
2025-08-19 10:54:28.199,434.93,82.97
2025-08-19 10:54:29.199,434.93,82.97
2025-08-19 10:54:30.200,434.93,82.97
2025-08-19 10:54:31.201,434.93,82.97
2025-08-19 10:54:32.202,434.93,82.97
2025-08-19 10:54:33.203,434.93,82.97
2025-08-19 10:54:34.204,434.93,82.97
2025-08-19 10:54:35.205,434.93,82.97
2025-08-19 10:54:36.206,434.93,82.97
2025-08-19 10:54:37.206,434.93,82.97
2025-08-19 10:54:38.207,434.93,82.97
2025-08-19 10:54:39.208,434.93,82.97
2025-08-19 10:54:40.209,434.93,82.97
2025-08-19 10:54:41.210,434.93,82.97
2025-08-19 10:54:42.210,434.93,82.97
2025-08-19 10:54:43.211,434.93,82.97
2025-08-19 10:54:44.212,434.93,82.97
2025-08-19 10:54:45.213,434.93,82.97
2025-08-19 10:54:46.214,434.93,82.97
2025-08-19 10:54:47.215,434.93,82.97
2025-08-19 10:54:48.215,434.93,87.34
2025-08-19 10:54:49.216,434.93,82.97
2025-08-19 10:54:50.217,434.93,82.97
2025-08-19 10:54:51.217,434.93,82.97
2025-08-19 10:54:52.218,434.93,82.97
2025-08-19 10:54:53.219,434.93,82.97
2025-08-19 10:54:54.220,434.93,82.97
2025-08-19 10:54:55.221,434.93,82.97
2025-08-19 10:54:56.222,434.93,82.97
2025-08-19 10:54:57.223,434.93,82.97
2025-08-19 10:54:58.224,434.93,82.97
2025-08-19 10:54:59.225,434.93,82.97
2025-08-19 10:55:00.225,434.93,82.97
2025-08-19 10:55:01.226,434.93,82.97
2025-08-19 10:55:02.227,434.93,82.97
2025-08-19 10:55:03.228,434.93,82.97
2025-08-19 10:55:04.229,434.93,82.97
2025-08-19 10:55:05.230,434.93,82.97
2025-08-19 10:55:06.231,434.93,82.97
2025-08-19 10:55:07.232,434.93,82.97
2025-08-19 10:55:08.232,434.93,82.97
2025-08-19 10:55:09.233,434.93,82.97
2025-08-19 10:55:10.234,434.93,82.97
2025-08-19 10:55:11.235,434.93,82.97
2025-08-19 10:55:12.236,434.93,82.97
2025-08-19 10:55:13.237,434.93,82.97
2025-08-19 10:55:14.237,434.93,82.97
2025-08-19 10:55:15.238,434.93,82.97
2025-08-19 10:55:16.239,434.93,82.97
2025-08-19 10:55:17.240,434.93,82.97
2025-08-19 10:55:18.240,434.93,82.97
2025-08-19 10:55:19.241,434.93,82.97
2025-08-19 10:55:20.242,434.93,82.97
2025-08-19 10:55:21.243,434.93,82.97
2025-08-19 10:55:22.243,434.93,82.97
2025-08-19 10:55:23.244,434.93,82.97
2025-08-19 10:55:24.244,434.93,82.97
2025-08-19 10:55:25.245,434.93,82.97
2025-08-19 10:55:26.246,434.93,82.97
2025-08-19 10:55:27.247,434.93,82.97
2025-08-19 10:55:28.247,434.93,82.97
2025-08-19 10:55:29.248,434.93,82.97
2025-08-19 10:55:30.249,434.93,82.97
2025-08-19 10:55:31.249,434.93,82.97
2025-08-19 10:55:32.251,434.93,82.97
2025-08-19 10:55:33.251,434.93,82.97
2025-08-19 10:55:34.252,434.93,82.97
2025-08-19 10:55:35.252,434.93,82.97
2025-08-19 10:55:36.253,434.93,82.97
2025-08-19 10:55:37.254,434.93,82.97
2025-08-19 10:55:38.255,434.93,82.97
2025-08-19 10:55:39.256,434.93,82.97
2025-08-19 10:55:40.257,434.93,82.97
2025-08-19 10:55:41.258,434.93,82.97
2025-08-19 10:55:42.259,434.93,82.97
2025-08-19 10:55:43.260,434.93,82.97
2025-08-19 10:55:44.261,434.93,82.97
2025-08-19 10:55:45.262,434.93,82.97
2025-08-19 10:55:46.263,434.93,82.97
2025-08-19 10:55:47.264,434.93,82.97
2025-08-19 10:55:48.265,434.93,82.97
2025-08-19 10:55:49.266,434.93,82.97
2025-08-19 10:55:50.267,434.93,82.97
2025-08-19 10:55:51.267,434.93,82.97
2025-08-19 10:55:52.268,434.93,82.97
2025-08-19 10:55:53.269,434.93,82.97
2025-08-19 10:55:54.269,434.93,82.97
2025-08-19 10:55:55.270,434.93,82.97
2025-08-19 10:55:56.271,434.93,82.97
2025-08-19 10:55:57.272,434.93,82.97
2025-08-19 10:55:58.272,434.93,82.97
2025-08-19 10:55:59.273,434.93,82.97
2025-08-19 10:56:00.275,434.93,82.97
2025-08-19 10:56:01.276,434.93,82.97
2025-08-19 10:56:02.277,434.93,82.97
2025-08-19 10:56:03.278,434.93,82.97
2025-08-19 10:56:04.279,434.93,82.97
2025-08-19 10:56:05.281,434.93,82.97
2025-08-19 10:56:06.282,434.93,82.97
2025-08-19 10:56:07.283,434.93,82.97
2025-08-19 10:56:08.284,434.93,82.97
2025-08-19 10:56:09.285,434.93,82.97
2025-08-19 10:56:10.287,434.93,82.97
2025-08-19 10:56:11.288,434.93,82.97
2025-08-19 10:56:12.289,434.93,82.97
2025-08-19 10:56:13.290,434.93,82.97
2025-08-19 10:56:14.291,434.93,82.97
2025-08-19 10:56:15.292,434.93,82.97
2025-08-19 10:56:16.293,434.93,82.97
2025-08-19 10:56:17.294,427.95,82.97
2025-08-19 10:56:18.295,427.95,82.97
2025-08-19 10:56:19.296,427.95,82.97
2025-08-19 10:56:20.297,427.95,82.97
2025-08-19 10:56:21.297,427.95,82.97
2025-08-19 10:56:22.298,427.95,82.97
2025-08-19 10:56:23.299,427.95,82.97
2025-08-19 10:56:24.300,427.95,82.97
2025-08-19 10:56:25.301,427.95,82.97
2025-08-19 10:56:26.301,427.95,82.97
2025-08-19 10:56:27.302,427.95,82.97
2025-08-19 10:56:28.303,427.95,82.97
2025-08-19 10:56:29.304,427.95,82.97
2025-08-19 10:56:30.304,427.95,82.97
2025-08-19 10:56:31.305,427.95,82.97
2025-08-19 10:56:32.306,427.95,82.97
2025-08-19 10:56:33.307,427.95,82.97
2025-08-19 10:56:34.308,427.95,82.97
2025-08-19 10:56:35.309,427.95,82.97
2025-08-19 10:56:36.309,427.95,82.97
2025-08-19 10:56:37.310,427.95,82.97
2025-08-19 10:56:38.311,427.95,82.97
2025-08-19 10:56:39.312,427.95,82.97
2025-08-19 10:56:40.312,427.95,82.97
2025-08-19 10:56:41.313,427.95,82.97
2025-08-19 10:56:42.314,427.95,82.97
2025-08-19 10:56:43.315,427.95,82.97
2025-08-19 10:56:44.315,427.95,82.97
2025-08-19 10:56:45.316,427.95,82.97
2025-08-19 10:56:46.317,427.95,82.97
2025-08-19 10:56:47.318,427.95,82.97
2025-08-19 10:56:48.318,427.95,82.97
2025-08-19 10:56:49.319,427.95,82.97
2025-08-19 10:56:50.320,427.95,82.97
2025-08-19 10:56:51.320,427.95,82.97
2025-08-19 10:56:52.321,427.95,82.97
2025-08-19 10:56:53.322,427.95,82.97
2025-08-19 10:56:54.322,427.95,82.97
2025-08-19 10:56:55.323,427.95,82.97
2025-08-19 10:56:56.324,427.95,82.97
2025-08-19 10:56:57.324,427.95,82.97
2025-08-19 10:56:58.325,427.95,82.97
2025-08-19 10:56:59.326,427.95,82.97
2025-08-19 10:57:00.327,427.95,87.34
2025-08-19 10:57:01.328,427.95,87.34
2025-08-19 10:57:02.328,427.95,87.34
2025-08-19 10:57:03.329,427.95,87.34
2025-08-19 10:57:04.330,427.95,87.34
2025-08-19 10:57:05.331,427.95,87.34
2025-08-19 10:57:06.331,427.95,87.34
2025-08-19 10:57:07.332,427.95,87.34
2025-08-19 10:57:08.333,427.95,82.97
2025-08-19 10:57:09.334,427.95,82.97
2025-08-19 10:57:10.335,427.95,82.97
2025-08-19 10:57:11.335,427.95,82.97
2025-08-19 10:57:12.336,427.95,82.97
2025-08-19 10:57:13.337,427.95,82.97
2025-08-19 10:57:14.338,427.95,82.97
2025-08-19 10:57:15.338,427.95,82.97
2025-08-19 10:57:16.339,427.95,82.97
2025-08-19 10:57:17.340,427.95,82.97
2025-08-19 10:57:18.341,427.95,82.97
2025-08-19 10:57:19.342,427.95,82.97
2025-08-19 10:57:20.343,427.95,82.97
2025-08-19 10:57:21.344,427.95,82.97
2025-08-19 10:57:22.345,427.95,82.97
2025-08-19 10:57:23.346,427.95,82.97
2025-08-19 10:57:24.346,427.95,82.97
2025-08-19 10:57:25.347,427.95,82.97
2025-08-19 10:57:26.348,427.95,82.97
2025-08-19 10:57:27.348,427.95,82.97
2025-08-19 10:57:28.349,427.95,82.97
2025-08-19 10:57:29.350,427.95,82.97
2025-08-19 10:57:30.350,427.95,82.97
2025-08-19 10:57:31.351,427.95,82.97
2025-08-19 10:57:32.351,427.95,82.97
2025-08-19 10:57:33.352,427.95,82.97
2025-08-19 10:57:34.353,427.95,82.97
2025-08-19 10:57:35.354,427.95,82.97
2025-08-19 10:57:36.355,427.95,82.97
2025-08-19 10:57:37.355,427.95,82.97
2025-08-19 10:57:38.356,427.95,82.97
2025-08-19 10:57:39.357,427.95,82.97
2025-08-19 10:57:40.358,427.95,82.97
2025-08-19 10:57:41.359,427.95,82.97
2025-08-19 10:57:42.359,427.95,82.97
2025-08-19 10:57:43.360,427.95,82.97
2025-08-19 10:57:44.361,427.95,82.97
2025-08-19 10:57:45.362,427.95,82.97
2025-08-19 10:57:46.363,427.95,82.97
2025-08-19 10:57:47.363,427.95,82.97
2025-08-19 10:57:48.364,427.95,82.97
2025-08-19 10:57:49.365,427.95,82.97
2025-08-19 10:57:50.366,427.95,82.97
2025-08-19 10:57:51.366,427.95,82.97
2025-08-19 10:57:52.367,427.95,82.97
2025-08-19 10:57:53.368,427.95,82.97
2025-08-19 10:57:54.369,427.95,82.97
2025-08-19 10:57:55.369,427.95,82.97
2025-08-19 10:57:56.370,427.95,82.97
2025-08-19 10:57:57.371,427.95,82.97
2025-08-19 10:57:58.371,427.95,82.97
2025-08-19 10:57:59.372,427.95,82.97
2025-08-19 10:58:00.373,427.95,82.97
2025-08-19 10:58:01.373,427.95,82.97
2025-08-19 10:58:02.374,427.95,82.97
2025-08-19 10:58:03.375,427.95,82.97
2025-08-19 10:58:04.376,427.95,82.97
2025-08-19 10:58:05.377,427.95,82.97
2025-08-19 10:58:06.378,427.95,82.97
2025-08-19 10:58:07.379,427.95,82.97
2025-08-19 10:58:08.379,427.95,82.97
2025-08-19 10:58:09.380,427.95,82.97
2025-08-19 10:58:10.381,427.95,82.97
2025-08-19 10:58:11.382,427.95,82.97
2025-08-19 10:58:12.383,427.95,82.97
2025-08-19 10:58:13.385,427.95,82.97
2025-08-19 10:58:14.386,427.95,82.97
2025-08-19 10:58:15.387,427.95,82.97
2025-08-19 10:58:16.389,427.95,82.97
2025-08-19 10:58:17.390,427.95,82.97
2025-08-19 10:58:18.391,427.95,82.97
2025-08-19 10:58:19.392,427.95,82.97
2025-08-19 10:58:20.393,427.95,82.97
2025-08-19 10:58:21.394,427.95,82.97
2025-08-19 10:58:22.395,427.95,82.97
2025-08-19 10:58:23.396,427.95,82.97
2025-08-19 10:58:24.397,427.95,82.97
2025-08-19 10:58:25.399,427.95,82.97
2025-08-19 10:58:26.400,427.95,82.97
2025-08-19 10:58:27.401,427.95,82.97
2025-08-19 10:58:28.402,427.95,82.97
2025-08-19 10:58:29.403,427.95,82.97
2025-08-19 10:58:30.404,427.95,82.97
2025-08-19 10:58:31.406,427.95,82.97
2025-08-19 10:58:32.407,427.95,82.97
2025-08-19 10:58:33.408,427.95,82.97
2025-08-19 10:58:34.409,427.95,82.97
2025-08-19 10:58:35.410,427.95,82.97
2025-08-19 10:58:36.411,427.95,82.97
2025-08-19 10:58:37.412,427.95,82.97
2025-08-19 10:58:38.414,427.95,82.97
2025-08-19 10:58:39.415,427.95,82.97
2025-08-19 10:58:40.416,427.95,82.97
2025-08-19 10:58:41.417,427.95,82.97
2025-08-19 10:58:42.418,427.95,82.97
2025-08-19 10:58:43.419,427.95,82.97
2025-08-19 10:58:44.420,427.95,82.97
2025-08-19 10:58:45.421,427.95,82.97
2025-08-19 10:58:46.422,427.95,82.97
2025-08-19 10:58:47.423,427.95,82.97
2025-08-19 10:58:48.424,427.95,82.97
2025-08-19 10:58:49.425,427.95,82.97
2025-08-19 10:58:50.426,427.95,82.97
2025-08-19 10:58:51.427,427.95,82.97
2025-08-19 10:58:52.428,427.95,82.97
2025-08-19 10:58:53.430,427.95,82.97
2025-08-19 10:58:54.431,427.95,82.97
2025-08-19 10:58:55.432,427.95,82.97
2025-08-19 10:58:56.433,427.95,82.97
2025-08-19 10:58:57.434,427.95,82.97
2025-08-19 10:58:58.435,427.95,87.34
2025-08-19 10:58:59.436,427.95,82.97
2025-08-19 10:59:00.437,427.95,82.97
2025-08-19 10:59:01.438,427.95,82.97
2025-08-19 10:59:02.439,427.95,82.97
2025-08-19 10:59:03.440,427.95,82.97
2025-08-19 10:59:04.441,427.95,82.97
2025-08-19 10:59:05.442,427.95,82.97
2025-08-19 10:59:06.443,427.95,82.97
2025-08-19 10:59:07.443,427.95,82.97
2025-08-19 10:59:08.445,427.95,82.97
2025-08-19 10:59:09.446,427.95,82.97
2025-08-19 10:59:10.447,427.95,82.97
2025-08-19 10:59:11.447,427.95,82.97
2025-08-19 10:59:12.448,427.95,82.97
2025-08-19 10:59:13.449,427.95,82.97
2025-08-19 10:59:14.450,427.95,82.97
2025-08-19 10:59:15.451,427.95,82.97
2025-08-19 10:59:16.452,427.95,82.97
2025-08-19 10:59:17.453,427.95,82.97
2025-08-19 10:59:18.454,427.95,82.97
2025-08-19 10:59:19.455,427.95,82.97
2025-08-19 10:59:20.457,427.95,82.97
2025-08-19 10:59:21.458,427.95,82.97
2025-08-19 10:59:22.459,427.95,82.97
2025-08-19 10:59:23.460,427.95,82.97
2025-08-19 10:59:24.461,427.95,82.97
2025-08-19 10:59:25.462,427.95,82.97
2025-08-19 10:59:26.463,427.95,82.97
2025-08-19 10:59:27.464,427.95,82.97
2025-08-19 10:59:28.465,427.95,82.97
2025-08-19 10:59:29.466,427.95,82.97
2025-08-19 10:59:30.468,427.95,82.97
2025-08-19 10:59:31.469,427.95,82.97
2025-08-19 10:59:32.470,427.95,82.97
2025-08-19 10:59:33.471,427.95,82.97
2025-08-19 10:59:34.472,427.95,82.97
2025-08-19 10:59:35.473,427.95,82.97
2025-08-19 10:59:36.474,427.95,82.97
2025-08-19 10:59:37.475,427.95,82.97
2025-08-19 10:59:38.476,427.95,82.97
2025-08-19 10:59:39.477,427.95,82.97
2025-08-19 10:59:40.478,427.95,82.97
2025-08-19 10:59:41.480,427.95,82.97
2025-08-19 10:59:42.481,427.95,87.34
2025-08-19 10:59:43.482,427.95,82.97
2025-08-19 10:59:44.482,427.95,82.97
2025-08-19 10:59:45.484,427.95,82.97
2025-08-19 10:59:46.485,427.95,87.34
2025-08-19 10:59:47.486,427.95,82.97
2025-08-19 10:59:48.487,427.95,82.97
2025-08-19 10:59:49.488,427.95,82.97
2025-08-19 10:59:50.489,427.95,82.97
2025-08-19 10:59:51.490,427.95,82.97
2025-08-19 10:59:52.491,427.95,82.97
2025-08-19 10:59:53.492,427.95,82.97
2025-08-19 10:59:54.493,427.95,82.97
2025-08-19 10:59:55.493,427.95,82.97
2025-08-19 10:59:56.494,427.95,82.97
2025-08-19 10:59:57.495,427.95,82.97
2025-08-19 10:59:58.496,427.95,87.34
2025-08-19 10:59:59.497,427.95,87.34
2025-08-19 11:00:00.498,427.95,87.34
2025-08-19 11:00:01.499,427.95,87.34
2025-08-19 11:00:02.500,427.95,87.34
2025-08-19 11:00:03.500,427.95,87.34
2025-08-19 11:00:04.501,427.95,82.97
2025-08-19 11:00:05.502,427.95,82.97
2025-08-19 11:00:06.503,427.95,82.97
2025-08-19 11:00:07.504,427.95,82.97
2025-08-19 11:00:08.505,427.95,82.97
2025-08-19 11:00:09.506,427.95,82.97
2025-08-19 11:00:10.507,427.95,87.34
2025-08-19 11:00:11.508,427.95,82.97
2025-08-19 11:00:12.509,427.95,82.97
2025-08-19 11:00:13.510,427.95,82.97
2025-08-19 11:00:14.511,427.95,87.34
2025-08-19 11:00:15.512,427.95,87.34
2025-08-19 11:00:16.513,427.95,87.34
2025-08-19 11:00:17.514,427.95,87.34
2025-08-19 11:00:18.516,427.95,82.97
2025-08-19 11:00:19.517,427.95,82.97
2025-08-19 11:00:20.518,427.95,87.34
2025-08-19 11:00:21.519,427.95,82.97
2025-08-19 11:00:22.520,427.95,82.97
2025-08-19 11:00:23.521,427.95,82.97
2025-08-19 11:00:24.522,427.95,87.34
2025-08-19 11:00:25.524,427.95,82.97
2025-08-19 11:00:26.524,427.95,87.34
2025-08-19 11:00:27.525,427.95,82.97
2025-08-19 11:00:28.526,427.95,82.97
2025-08-19 11:00:29.527,427.95,82.97
2025-08-19 11:00:30.528,427.95,82.97
2025-08-19 11:00:31.529,427.95,82.97
2025-08-19 11:00:32.529,427.95,82.97
2025-08-19 11:00:33.530,427.95,82.97
2025-08-19 11:00:34.531,427.95,82.97
2025-08-19 11:00:35.532,427.95,82.97
2025-08-19 11:00:36.533,427.95,82.97
2025-08-19 11:00:37.533,427.95,82.97
2025-08-19 11:00:38.534,427.95,82.97
2025-08-19 11:00:39.535,427.95,82.97
2025-08-19 11:00:40.536,427.95,82.97
2025-08-19 11:00:41.537,427.95,82.97
2025-08-19 11:00:42.538,427.95,82.97
2025-08-19 11:00:43.539,427.95,82.97
2025-08-19 11:00:44.540,427.95,82.97
2025-08-19 11:00:45.541,427.95,87.34
2025-08-19 11:00:46.542,427.95,87.34
2025-08-19 11:00:47.542,427.95,87.34
2025-08-19 11:00:48.543,427.95,87.34
2025-08-19 11:00:49.544,427.95,87.34
2025-08-19 11:00:50.544,427.95,87.34
2025-08-19 11:00:51.545,427.95,87.34
2025-08-19 11:00:52.546,427.95,87.34
2025-08-19 11:00:53.547,427.95,87.34
2025-08-19 11:00:54.548,427.95,87.34
2025-08-19 11:00:55.550,427.95,87.34
2025-08-19 11:00:56.551,427.95,87.34
2025-08-19 11:00:57.552,427.95,87.34
2025-08-19 11:00:58.553,427.95,87.34
2025-08-19 11:00:59.554,427.95,87.34
2025-08-19 11:01:00.555,427.95,87.34
2025-08-19 11:01:01.556,427.95,87.34
2025-08-19 11:01:02.557,427.95,87.34
2025-08-19 11:01:03.558,427.95,87.34
2025-08-19 11:01:04.559,427.95,87.34
2025-08-19 11:01:05.560,427.95,87.34
2025-08-19 11:01:06.560,427.95,87.34
2025-08-19 11:01:07.561,427.95,82.97
2025-08-19 11:01:08.562,427.95,87.34
2025-08-19 11:01:09.563,427.95,87.34
2025-08-19 11:01:10.564,427.95,87.34
2025-08-19 11:01:11.564,427.95,87.34
2025-08-19 11:01:12.565,427.95,87.34
2025-08-19 11:01:13.566,427.95,87.34
2025-08-19 11:01:14.567,427.95,87.34
2025-08-19 11:01:15.567,427.95,87.34
2025-08-19 11:01:16.568,427.95,87.34
2025-08-19 11:01:17.569,427.95,87.34
2025-08-19 11:01:18.569,427.95,82.97
2025-08-19 11:01:19.570,427.95,87.34
2025-08-19 11:01:20.570,427.95,87.34
2025-08-19 11:01:21.571,427.95,87.34
2025-08-19 11:01:22.572,427.95,87.34
2025-08-19 11:01:23.572,427.95,87.34
2025-08-19 11:01:24.573,427.95,87.34
2025-08-19 11:01:25.573,427.95,87.34
2025-08-19 11:01:26.574,427.95,87.34
2025-08-19 11:01:27.575,427.95,87.34
2025-08-19 11:01:28.575,427.95,82.97
2025-08-19 11:01:29.576,427.95,82.97
2025-08-19 11:01:30.577,427.95,82.97
2025-08-19 11:01:31.577,427.95,82.97
2025-08-19 11:01:32.578,427.95,82.97
2025-08-19 11:01:33.579,427.95,82.97
2025-08-19 11:01:34.579,427.95,82.97
2025-08-19 11:01:35.580,427.95,82.97
2025-08-19 11:01:36.581,427.95,82.97
2025-08-19 11:01:37.582,427.95,87.34
2025-08-19 11:01:38.582,427.95,87.34
2025-08-19 11:01:39.583,427.95,82.97
2025-08-19 11:01:40.584,427.95,82.97
2025-08-19 11:01:41.584,427.95,82.97
2025-08-19 11:01:42.585,427.95,82.97
2025-08-19 11:01:43.586,427.95,82.97
2025-08-19 11:01:44.586,427.95,82.97
2025-08-19 11:01:45.587,427.95,82.97
2025-08-19 11:01:46.588,427.95,82.97
2025-08-19 11:01:47.589,427.95,82.97
2025-08-19 11:01:48.590,427.95,82.97
2025-08-19 11:01:49.590,427.95,82.97
2025-08-19 11:01:50.591,427.95,82.97
2025-08-19 11:01:51.592,427.95,82.97
2025-08-19 11:01:52.593,427.95,82.97
2025-08-19 11:01:53.593,427.95,82.97
2025-08-19 11:01:54.594,427.95,82.97
2025-08-19 11:01:55.595,427.95,82.97
2025-08-19 11:01:56.596,427.95,82.97
2025-08-19 11:01:57.597,427.95,82.97
2025-08-19 11:01:58.597,427.95,82.97
2025-08-19 11:01:59.598,427.95,87.34
2025-08-19 11:02:00.599,427.95,87.34
2025-08-19 11:02:01.600,427.95,87.34
2025-08-19 11:02:02.601,427.95,82.97
2025-08-19 11:02:03.601,427.95,82.97
2025-08-19 11:02:04.602,427.95,82.97
2025-08-19 11:02:05.603,427.95,82.97
2025-08-19 11:02:06.604,427.95,82.97
2025-08-19 11:02:07.605,427.95,82.97
2025-08-19 11:02:08.606,427.95,82.97
2025-08-19 11:02:09.607,427.95,82.97
2025-08-19 11:02:10.608,427.95,82.97
2025-08-19 11:02:11.609,427.95,82.97
2025-08-19 11:02:12.609,427.95,82.97
2025-08-19 11:02:13.610,427.95,82.97
2025-08-19 11:02:14.611,427.95,87.34
2025-08-19 11:02:15.612,427.95,87.34
2025-08-19 11:02:16.613,427.95,87.34
2025-08-19 11:02:17.614,427.95,82.97
2025-08-19 11:02:18.615,427.95,82.97
2025-08-19 11:02:19.615,427.95,82.97
2025-08-19 11:02:20.616,427.95,87.34
2025-08-19 11:02:21.617,427.95,91.70
2025-08-19 11:02:22.618,427.95,87.34
2025-08-19 11:02:23.619,427.95,87.34
2025-08-19 11:02:24.620,427.95,87.34
2025-08-19 11:02:25.621,427.95,82.97
2025-08-19 11:02:26.622,427.95,82.97
2025-08-19 11:02:27.622,427.95,82.97
2025-08-19 11:02:28.623,427.95,82.97
2025-08-19 11:02:29.624,427.95,82.97
2025-08-19 11:02:30.625,427.95,82.97
2025-08-19 11:02:31.626,427.95,82.97
2025-08-19 11:02:32.627,427.95,82.97
2025-08-19 11:02:33.628,427.95,82.97
2025-08-19 11:02:34.629,427.95,82.97
2025-08-19 11:02:35.629,427.95,82.97
2025-08-19 11:02:36.630,427.95,82.97
2025-08-19 11:02:37.631,427.95,82.97
2025-08-19 11:02:38.632,427.95,82.97
2025-08-19 11:02:39.633,427.95,82.97
2025-08-19 11:02:40.634,427.95,82.97
2025-08-19 11:02:41.635,427.95,82.97
2025-08-19 11:02:42.636,427.95,82.97
2025-08-19 11:02:43.637,427.95,82.97
2025-08-19 11:02:44.638,427.95,82.97
2025-08-19 11:02:45.639,427.95,82.97
2025-08-19 11:02:46.640,427.95,82.97
2025-08-19 11:02:47.641,427.95,82.97
2025-08-19 11:02:48.642,427.95,82.97
2025-08-19 11:02:49.643,427.95,82.97
2025-08-19 11:02:50.645,427.95,82.97
2025-08-19 11:02:51.646,427.95,82.97
2025-08-19 11:02:52.647,427.95,82.97
2025-08-19 11:02:53.648,427.95,82.97
2025-08-19 11:02:54.649,427.95,82.97
2025-08-19 11:02:55.650,427.95,82.97
2025-08-19 11:02:56.651,427.95,82.97
2025-08-19 11:02:57.652,427.95,82.97
2025-08-19 11:02:58.654,427.95,87.34
2025-08-19 11:02:59.654,427.95,87.34
2025-08-19 11:03:00.656,427.95,87.34
2025-08-19 11:03:01.657,427.95,82.97
2025-08-19 11:03:02.657,427.95,82.97
2025-08-19 11:03:03.658,427.95,82.97
2025-08-19 11:03:04.659,427.95,82.97
2025-08-19 11:03:05.660,427.95,82.97
2025-08-19 11:03:06.661,427.95,82.97
2025-08-19 11:03:07.662,427.95,82.97
2025-08-19 11:03:08.663,427.95,82.97
2025-08-19 11:03:09.664,427.95,82.97
2025-08-19 11:03:10.665,427.95,82.97
2025-08-19 11:03:11.666,427.95,82.97
2025-08-19 11:03:12.667,427.95,82.97
2025-08-19 11:03:13.668,427.95,82.97
2025-08-19 11:03:14.669,427.95,82.97
2025-08-19 11:03:15.669,427.95,82.97
2025-08-19 11:03:16.670,427.95,82.97
2025-08-19 11:03:17.671,427.95,82.97
2025-08-19 11:03:18.672,427.95,82.97
2025-08-19 11:03:19.673,427.95,82.97
2025-08-19 11:03:20.674,427.95,82.97
2025-08-19 11:03:21.675,427.95,82.97
2025-08-19 11:03:22.675,427.95,82.97
2025-08-19 11:03:23.676,427.95,82.97
2025-08-19 11:03:24.677,427.95,82.97
2025-08-19 11:03:25.678,427.95,82.97
2025-08-19 11:03:26.679,427.95,82.97
2025-08-19 11:03:27.679,427.95,82.97
2025-08-19 11:03:28.680,427.95,82.97
2025-08-19 11:03:29.681,427.95,82.97
2025-08-19 11:03:30.681,427.95,82.97
2025-08-19 11:03:31.682,427.95,82.97
2025-08-19 11:03:32.683,427.95,82.97
2025-08-19 11:03:33.684,427.95,82.97
2025-08-19 11:03:34.685,427.95,82.97
2025-08-19 11:03:35.686,427.95,82.97
2025-08-19 11:03:36.686,427.95,87.34
2025-08-19 11:03:37.687,427.95,82.97
2025-08-19 11:03:38.688,427.95,82.97
2025-08-19 11:03:39.689,427.95,82.97
2025-08-19 11:03:40.690,427.95,82.97
2025-08-19 11:03:41.691,427.95,82.97
2025-08-19 11:03:42.692,427.95,82.97
2025-08-19 11:03:43.693,427.95,82.97
2025-08-19 11:03:44.693,427.95,82.97
2025-08-19 11:03:45.694,427.95,82.97
2025-08-19 11:03:46.695,427.95,82.97
2025-08-19 11:03:47.696,427.95,82.97
2025-08-19 11:03:48.697,427.95,82.97
2025-08-19 11:03:49.698,427.95,82.97
2025-08-19 11:03:50.699,427.95,82.97
2025-08-19 11:03:51.700,427.95,82.97
2025-08-19 11:03:52.701,427.95,82.97
2025-08-19 11:03:53.702,427.95,82.97
2025-08-19 11:03:54.702,427.95,82.97
2025-08-19 11:03:55.703,427.95,82.97
2025-08-19 11:03:56.704,427.95,82.97
2025-08-19 11:03:57.705,427.95,82.97
2025-08-19 11:03:58.706,427.95,82.97
2025-08-19 11:03:59.707,427.95,87.34
2025-08-19 11:04:00.708,427.95,87.34
2025-08-19 11:04:01.709,427.95,87.34
2025-08-19 11:04:02.710,427.95,87.34
2025-08-19 11:04:03.711,427.95,87.34
2025-08-19 11:04:04.712,427.95,87.34
2025-08-19 11:04:05.713,427.95,82.97
2025-08-19 11:04:06.713,427.95,82.97
2025-08-19 11:04:07.714,427.95,82.97
2025-08-19 11:04:08.715,427.95,87.34
2025-08-19 11:04:09.717,427.95,87.34
2025-08-19 11:04:10.718,427.95,82.97
2025-08-19 11:04:11.719,427.95,82.97
2025-08-19 11:04:12.720,427.95,82.97
2025-08-19 11:04:13.721,427.95,82.97
2025-08-19 11:04:14.721,427.95,82.97
2025-08-19 11:04:15.722,427.95,82.97
2025-08-19 11:04:16.723,427.95,82.97
2025-08-19 11:04:17.724,427.95,82.97
2025-08-19 11:04:18.725,427.95,82.97
2025-08-19 11:04:19.727,427.95,82.97
2025-08-19 11:04:20.728,427.95,82.97
2025-08-19 11:04:21.729,427.95,82.97
2025-08-19 11:04:22.730,427.95,87.34
2025-08-19 11:04:23.731,427.95,87.34
2025-08-19 11:04:24.732,427.95,87.34
2025-08-19 11:04:25.733,427.95,87.34
2025-08-19 11:04:26.734,427.95,82.97
2025-08-19 11:04:27.734,427.95,82.97
2025-08-19 11:04:28.735,427.95,82.97
2025-08-19 11:04:29.736,427.95,87.34
2025-08-19 11:04:30.737,427.95,82.97
2025-08-19 11:04:31.738,427.95,82.97
2025-08-19 11:04:32.738,427.95,82.97
2025-08-19 11:04:33.739,427.95,82.97
2025-08-19 11:04:34.740,427.95,82.97
2025-08-19 11:04:35.741,427.95,82.97
2025-08-19 11:04:36.742,427.95,82.97
2025-08-19 11:04:37.743,427.95,82.97
2025-08-19 11:04:38.744,427.95,82.97
2025-08-19 11:04:39.745,427.95,82.97
2025-08-19 11:04:40.746,427.95,82.97
2025-08-19 11:04:41.747,427.95,82.97
2025-08-19 11:04:42.748,427.95,82.97
2025-08-19 11:04:43.749,427.95,87.34
2025-08-19 11:04:44.749,427.95,87.34
2025-08-19 11:04:45.750,427.95,87.34
2025-08-19 11:04:46.751,427.95,87.34
2025-08-19 11:04:47.752,427.95,87.34
2025-08-19 11:04:48.753,427.95,87.34
2025-08-19 11:04:49.754,427.95,87.34
2025-08-19 11:04:50.755,427.95,87.34
2025-08-19 11:04:51.756,427.95,87.34
2025-08-19 11:04:52.757,427.95,87.34
2025-08-19 11:04:53.758,427.95,87.34
2025-08-19 11:04:54.759,427.95,82.97
2025-08-19 11:04:55.760,427.95,82.97
2025-08-19 11:04:56.761,427.95,82.97
2025-08-19 11:04:57.762,427.95,82.97
2025-08-19 11:04:58.763,427.95,82.97
2025-08-19 11:04:59.764,427.95,82.97
2025-08-19 11:05:00.765,427.95,87.34
2025-08-19 11:05:01.766,427.95,87.34
2025-08-19 11:05:02.767,427.95,82.97
2025-08-19 11:05:03.768,427.95,82.97
2025-08-19 11:05:04.769,427.95,82.97
2025-08-19 11:05:05.770,427.95,82.97
2025-08-19 11:05:06.771,427.95,82.97
2025-08-19 11:05:07.772,427.95,82.97
2025-08-19 11:05:08.773,427.95,82.97
2025-08-19 11:05:09.774,427.95,82.97
2025-08-19 11:05:10.775,427.95,82.97
2025-08-19 11:05:11.776,427.95,82.97
2025-08-19 11:05:12.776,427.95,82.97
2025-08-19 11:05:13.777,427.95,82.97
2025-08-19 11:05:14.778,427.95,82.97
2025-08-19 11:05:15.779,427.95,82.97
2025-08-19 11:05:16.780,427.95,82.97
2025-08-19 11:05:17.781,427.95,82.97
2025-08-19 11:05:18.783,427.95,82.97
2025-08-19 11:05:19.784,427.95,82.97
2025-08-19 11:05:20.785,427.95,82.97
2025-08-19 11:05:21.786,427.95,82.97
2025-08-19 11:05:22.787,427.95,82.97
2025-08-19 11:05:23.788,427.95,82.97
2025-08-19 11:05:24.789,427.95,82.97
2025-08-19 11:05:25.790,427.95,82.97
2025-08-19 11:05:26.791,427.95,82.97
2025-08-19 11:05:27.792,427.95,82.97
2025-08-19 11:05:28.793,427.95,82.97
2025-08-19 11:05:29.794,427.95,82.97
2025-08-19 11:05:30.795,427.95,82.97
2025-08-19 11:05:31.796,427.95,82.97
2025-08-19 11:05:32.797,427.95,82.97
2025-08-19 11:05:33.798,427.95,82.97
2025-08-19 11:05:34.799,427.95,82.97
2025-08-19 11:05:35.800,427.95,82.97
2025-08-19 11:05:36.801,427.95,82.97
2025-08-19 11:05:37.802,427.95,82.97
2025-08-19 11:05:38.803,427.95,82.97
2025-08-19 11:05:39.804,427.95,82.97
2025-08-19 11:05:40.805,427.95,82.97
2025-08-19 11:05:41.806,427.95,82.97
2025-08-19 11:05:42.807,427.95,82.97
2025-08-19 11:05:43.807,427.95,82.97
2025-08-19 11:05:44.808,427.95,82.97
2025-08-19 11:05:45.809,427.95,82.97
2025-08-19 11:05:46.810,427.95,82.97
2025-08-19 11:05:47.811,427.95,82.97
2025-08-19 11:05:48.812,427.95,82.97
2025-08-19 11:05:49.813,427.95,82.97
2025-08-19 11:05:50.814,427.95,82.97
2025-08-19 11:05:51.814,427.95,87.34
2025-08-19 11:05:52.815,427.95,87.34
2025-08-19 11:05:53.816,427.95,87.34
2025-08-19 11:05:54.817,427.95,87.34
2025-08-19 11:05:55.818,427.95,87.34
2025-08-19 11:05:56.819,427.95,87.34
2025-08-19 11:05:57.820,427.95,87.34
2025-08-19 11:05:58.820,427.95,87.34
2025-08-19 11:05:59.821,427.95,87.34
2025-08-19 11:06:00.822,427.95,87.34
2025-08-19 11:06:01.823,427.95,87.34
2025-08-19 11:06:02.824,427.95,87.34
2025-08-19 11:06:03.825,427.95,87.34
2025-08-19 11:06:04.826,427.95,87.34
2025-08-19 11:06:05.827,427.95,87.34
2025-08-19 11:06:06.828,427.95,87.34
2025-08-19 11:06:07.829,427.95,82.97
2025-08-19 11:06:08.830,427.95,82.97
2025-08-19 11:06:09.831,427.95,82.97
2025-08-19 11:06:10.832,427.95,82.97
2025-08-19 11:06:11.833,427.95,82.97
2025-08-19 11:06:12.834,427.95,82.97
2025-08-19 11:06:13.835,427.95,82.97
2025-08-19 11:06:14.836,427.95,82.97
2025-08-19 11:06:15.837,427.95,82.97
2025-08-19 11:06:16.838,427.95,82.97
2025-08-19 11:06:17.839,427.95,82.97
2025-08-19 11:06:18.840,427.95,82.97
2025-08-19 11:06:19.840,427.95,82.97
2025-08-19 11:06:20.841,427.95,82.97
2025-08-19 11:06:21.842,427.95,82.97
2025-08-19 11:06:22.843,427.95,82.97
2025-08-19 11:06:23.844,427.95,82.97
2025-08-19 11:06:24.845,427.95,87.34
2025-08-19 11:06:25.846,427.95,87.34
2025-08-19 11:06:26.847,427.95,87.34
2025-08-19 11:06:27.848,427.95,87.34
2025-08-19 11:06:28.849,427.95,87.34
2025-08-19 11:06:29.850,427.95,87.34
2025-08-19 11:06:30.851,427.95,82.97
2025-08-19 11:06:31.852,427.95,87.34
2025-08-19 11:06:32.853,427.95,82.97
2025-08-19 11:06:33.854,427.95,87.34
2025-08-19 11:06:34.855,427.95,87.34
2025-08-19 11:06:35.856,427.95,87.34
2025-08-19 11:06:36.858,427.95,87.34
2025-08-19 11:06:37.859,427.95,87.34
2025-08-19 11:06:38.859,427.95,87.34
2025-08-19 11:06:39.860,427.95,87.34
2025-08-19 11:06:40.861,427.95,87.34
2025-08-19 11:06:41.862,427.95,87.34
2025-08-19 11:06:42.863,427.95,87.34
2025-08-19 11:06:43.864,427.95,87.34
2025-08-19 11:06:44.865,427.95,87.34
2025-08-19 11:06:45.866,427.95,87.34
2025-08-19 11:06:46.867,427.95,87.34
2025-08-19 11:06:47.867,427.95,87.34
2025-08-19 11:06:48.868,427.95,87.34
2025-08-19 11:06:49.869,427.95,87.34
2025-08-19 11:06:50.870,427.95,87.34
2025-08-19 11:06:51.870,427.95,87.34
2025-08-19 11:06:52.871,427.95,87.34
2025-08-19 11:06:53.872,427.95,87.34
2025-08-19 11:06:54.872,427.95,87.34
2025-08-19 11:06:55.873,427.95,87.34
2025-08-19 11:06:56.874,427.95,87.34
2025-08-19 11:06:57.875,427.95,87.34
2025-08-19 11:06:58.876,427.95,87.34
2025-08-19 11:06:59.877,427.95,87.34
2025-08-19 11:07:00.878,427.95,87.34
2025-08-19 11:07:01.878,427.95,87.34
2025-08-19 11:07:02.879,427.95,87.34
2025-08-19 11:07:03.880,427.95,87.34
2025-08-19 11:07:04.880,427.95,87.34
2025-08-19 11:07:05.881,427.95,87.34
2025-08-19 11:07:06.882,427.95,87.34
2025-08-19 11:07:07.882,427.95,87.34
2025-08-19 11:07:08.883,427.95,87.34
2025-08-19 11:07:09.884,427.95,87.34
2025-08-19 11:07:10.885,427.95,87.34
2025-08-19 11:07:11.885,427.95,87.34
2025-08-19 11:07:12.886,427.95,87.34
2025-08-19 11:07:13.887,427.95,87.34
2025-08-19 11:07:14.888,427.95,87.34
2025-08-19 11:07:15.889,427.95,87.34
2025-08-19 11:07:16.889,427.95,87.34
2025-08-19 11:07:17.890,427.95,87.34
2025-08-19 11:07:18.891,427.95,87.34
2025-08-19 11:07:19.891,427.95,87.34
2025-08-19 11:07:20.892,427.95,87.34
2025-08-19 11:07:21.893,427.95,87.34
2025-08-19 11:07:22.893,427.95,87.34
2025-08-19 11:07:23.894,427.95,87.34
2025-08-19 11:07:24.895,427.95,87.34
2025-08-19 11:07:25.895,427.95,87.34
2025-08-19 11:07:26.896,427.95,87.34
2025-08-19 11:07:27.896,427.95,87.34
2025-08-19 11:07:28.897,427.95,87.34
2025-08-19 11:07:29.898,427.95,87.34
2025-08-19 11:07:30.898,427.95,87.34
2025-08-19 11:07:31.899,427.95,87.34
2025-08-19 11:07:32.900,427.95,87.34
2025-08-19 11:07:33.900,427.95,87.34
2025-08-19 11:07:34.901,427.95,87.34
2025-08-19 11:07:35.902,427.95,87.34
2025-08-19 11:07:36.902,427.95,87.34
2025-08-19 11:07:37.903,427.95,87.34
2025-08-19 11:07:38.904,427.95,87.34
2025-08-19 11:07:39.905,427.95,87.34
2025-08-19 11:07:40.905,427.95,87.34
2025-08-19 11:07:41.906,427.95,87.34
2025-08-19 11:07:42.907,427.95,87.34
2025-08-19 11:07:43.908,427.95,87.34
2025-08-19 11:07:44.908,427.95,87.34
2025-08-19 11:07:45.909,427.95,87.34
2025-08-19 11:07:46.910,427.95,87.34
2025-08-19 11:07:47.911,427.95,87.34
2025-08-19 11:07:48.912,427.95,87.34
2025-08-19 11:07:49.912,427.95,87.34
2025-08-19 11:07:50.913,427.95,87.34
2025-08-19 11:07:51.913,427.95,87.34
2025-08-19 11:07:52.914,427.95,87.34
2025-08-19 11:07:53.915,427.95,87.34
2025-08-19 11:07:54.916,427.95,87.34
2025-08-19 11:07:55.917,427.95,87.34
2025-08-19 11:07:56.918,427.95,87.34
2025-08-19 11:07:57.918,427.95,87.34
2025-08-19 11:07:58.919,427.95,87.34
2025-08-19 11:07:59.920,427.95,87.34
2025-08-19 11:08:00.921,427.95,87.34
2025-08-19 11:08:01.922,427.95,87.34
2025-08-19 11:08:02.923,427.95,87.34
2025-08-19 11:08:03.925,427.95,87.34
2025-08-19 11:08:04.926,427.95,87.34
2025-08-19 11:08:05.927,427.95,87.34
2025-08-19 11:08:06.928,427.95,87.34
2025-08-19 11:08:07.929,427.95,87.34
2025-08-19 11:08:08.931,427.95,87.34
2025-08-19 11:08:09.932,427.95,87.34
2025-08-19 11:08:10.933,427.95,87.34
2025-08-19 11:08:11.934,427.95,87.34
2025-08-19 11:08:12.936,427.95,87.34
2025-08-19 11:08:13.937,427.95,87.34
2025-08-19 11:08:14.938,427.95,87.34
2025-08-19 11:08:15.939,427.95,87.34
2025-08-19 11:08:16.939,427.95,87.34
2025-08-19 11:08:17.940,427.95,87.34
2025-08-19 11:08:18.941,427.95,87.34
2025-08-19 11:08:19.942,427.95,87.34
2025-08-19 11:08:20.943,427.95,87.34
2025-08-19 11:08:21.944,427.95,87.34
2025-08-19 11:08:22.945,427.95,87.34
2025-08-19 11:08:23.945,427.95,87.34
2025-08-19 11:08:24.946,427.95,87.34
2025-08-19 11:08:25.947,427.95,87.34
2025-08-19 11:08:26.948,427.95,87.34
2025-08-19 11:08:27.949,427.95,87.34
2025-08-19 11:08:28.950,427.95,87.34
2025-08-19 11:08:29.951,427.95,87.34
2025-08-19 11:08:30.952,427.95,87.34
2025-08-19 11:08:31.953,427.95,87.34
2025-08-19 11:08:32.954,427.95,87.34
2025-08-19 11:08:33.955,427.95,87.34
2025-08-19 11:08:34.956,427.95,87.34
2025-08-19 11:08:35.957,427.95,87.34
2025-08-19 11:08:36.958,427.95,87.34
2025-08-19 11:08:37.959,427.95,87.34
2025-08-19 11:08:38.960,427.95,87.34
2025-08-19 11:08:39.962,427.95,87.34
2025-08-19 11:08:40.963,427.95,87.34
2025-08-19 11:08:41.964,427.95,87.34
2025-08-19 11:08:42.965,427.95,87.34
2025-08-19 11:08:43.966,427.95,87.34
2025-08-19 11:08:44.967,427.95,87.34
2025-08-19 11:08:45.968,427.95,87.34
2025-08-19 11:08:46.969,427.95,87.34
2025-08-19 11:08:47.970,427.95,87.34
2025-08-19 11:08:48.971,427.95,87.34
2025-08-19 11:08:49.971,427.95,87.34
2025-08-19 11:08:50.972,427.95,87.34
2025-08-19 11:08:51.973,427.95,87.34
2025-08-19 11:08:52.974,427.95,87.34
2025-08-19 11:08:53.975,427.95,87.34
2025-08-19 11:08:54.976,427.95,87.34
2025-08-19 11:08:55.977,427.95,87.34
2025-08-19 11:08:56.978,427.95,87.34
2025-08-19 11:08:57.979,427.95,87.34
2025-08-19 11:08:58.980,427.95,87.34
2025-08-19 11:08:59.981,427.95,87.34
2025-08-19 11:09:00.982,427.95,87.34
2025-08-19 11:09:01.983,427.95,87.34
2025-08-19 11:09:02.984,427.95,87.34
2025-08-19 11:09:03.985,427.95,87.34
2025-08-19 11:09:04.986,427.95,87.34
2025-08-19 11:09:05.988,427.95,87.34
2025-08-19 11:09:06.989,427.95,87.34
2025-08-19 11:09:07.990,427.95,87.34
2025-08-19 11:09:08.991,427.95,87.34
2025-08-19 11:09:09.992,427.95,87.34
2025-08-19 11:09:10.993,427.95,87.34
2025-08-19 11:09:11.994,427.95,87.34
2025-08-19 11:09:12.995,427.95,87.34
2025-08-19 11:09:13.996,427.95,87.34
2025-08-19 11:09:14.997,427.95,87.34
2025-08-19 11:09:15.997,427.95,87.34
2025-08-19 11:09:16.998,427.95,87.34
2025-08-19 11:09:17.999,427.95,87.34
2025-08-19 11:09:19.000,427.95,87.34
2025-08-19 11:09:20.001,427.95,87.34
2025-08-19 11:09:21.002,427.95,87.34
2025-08-19 11:09:22.002,427.95,87.34
2025-08-19 11:09:23.003,427.95,87.34
2025-08-19 11:09:24.004,427.95,87.34
2025-08-19 11:09:25.004,427.95,87.34
2025-08-19 11:09:26.005,427.95,87.34
2025-08-19 11:09:27.006,427.95,87.34
2025-08-19 11:09:28.007,427.95,87.34
2025-08-19 11:09:29.007,427.95,87.34
2025-08-19 11:09:30.008,427.95,87.34
2025-08-19 11:09:31.009,427.95,87.34
2025-08-19 11:09:32.010,427.95,91.70
2025-08-19 11:09:33.011,427.95,91.70
2025-08-19 11:09:34.011,427.95,91.70
2025-08-19 11:09:35.012,427.95,87.34
2025-08-19 11:09:36.013,427.95,87.34
2025-08-19 11:09:37.014,427.95,87.34
2025-08-19 11:09:38.015,427.95,87.34
2025-08-19 11:09:39.015,427.95,87.34
2025-08-19 11:09:40.016,427.95,87.34
2025-08-19 11:09:41.017,427.95,87.34
2025-08-19 11:09:42.018,427.95,87.34
2025-08-19 11:09:43.019,427.95,87.34
2025-08-19 11:09:44.020,427.95,87.34
2025-08-19 11:09:45.020,427.95,87.34
2025-08-19 11:09:46.022,427.95,87.34
2025-08-19 11:09:47.023,427.95,87.34
2025-08-19 11:09:48.024,427.95,87.34
2025-08-19 11:09:49.025,427.95,87.34
2025-08-19 11:09:50.026,427.95,87.34
2025-08-19 11:09:51.027,427.95,87.34
2025-08-19 11:09:52.027,427.95,87.34
2025-08-19 11:09:53.028,427.95,87.34
2025-08-19 11:09:54.029,427.95,87.34
2025-08-19 11:09:55.030,427.95,87.34
2025-08-19 11:09:56.031,427.95,87.34
2025-08-19 11:09:57.032,427.95,87.34
2025-08-19 11:09:58.033,427.95,91.70
2025-08-19 11:09:59.033,427.95,91.70
2025-08-19 11:10:00.034,427.95,91.70
2025-08-19 11:10:01.035,427.95,91.70
2025-08-19 11:10:02.036,427.95,91.70
2025-08-19 11:10:03.037,427.95,91.70
2025-08-19 11:10:04.038,427.95,91.70
2025-08-19 11:10:05.039,427.95,91.70
2025-08-19 11:10:06.040,427.95,91.70
2025-08-19 11:10:07.041,427.95,91.70
2025-08-19 11:10:08.042,427.95,91.70
2025-08-19 11:10:09.043,427.95,91.70
2025-08-19 11:10:10.044,427.95,91.70
2025-08-19 11:10:11.045,427.95,91.70
2025-08-19 11:10:12.047,427.95,91.70
2025-08-19 11:10:13.048,427.95,91.70
2025-08-19 11:10:14.049,427.95,91.70
2025-08-19 11:10:15.050,434.93,91.70
2025-08-19 11:10:16.051,434.93,91.70
2025-08-19 11:10:17.052,434.93,91.70
2025-08-19 11:10:18.053,434.93,91.70
2025-08-19 11:10:19.054,434.93,91.70
2025-08-19 11:10:20.055,434.93,91.70
2025-08-19 11:10:21.056,434.93,91.70
2025-08-19 11:10:22.057,434.93,91.70
2025-08-19 11:10:23.058,434.93,91.70
2025-08-19 11:10:24.059,434.93,91.70
2025-08-19 11:10:25.060,434.93,91.70
2025-08-19 11:10:26.061,434.93,91.70
2025-08-19 11:10:27.062,434.93,91.70
2025-08-19 11:10:28.063,434.93,91.70
2025-08-19 11:10:29.064,434.93,91.70
2025-08-19 11:10:30.065,434.93,91.70
2025-08-19 11:10:31.066,434.93,91.70
2025-08-19 11:10:32.067,434.93,91.70
2025-08-19 11:10:33.069,434.93,91.70
2025-08-19 11:10:34.070,434.93,91.70
2025-08-19 11:10:35.071,434.93,91.70
2025-08-19 11:10:36.072,434.93,91.70
2025-08-19 11:10:37.073,434.93,91.70
2025-08-19 11:10:38.074,434.93,91.70
2025-08-19 11:10:39.075,434.93,91.70
2025-08-19 11:10:40.076,434.93,91.70
2025-08-19 11:10:41.077,434.93,91.70
2025-08-19 11:10:42.077,434.93,91.70
2025-08-19 11:10:43.078,434.93,91.70
2025-08-19 11:10:44.079,434.93,91.70
2025-08-19 11:10:45.080,434.93,91.70
2025-08-19 11:10:46.081,434.93,91.70
2025-08-19 11:10:47.082,434.93,91.70
2025-08-19 11:10:48.083,434.93,91.70
2025-08-19 11:10:49.084,434.93,91.70
2025-08-19 11:10:50.085,434.93,91.70
2025-08-19 11:10:51.086,434.93,91.70
2025-08-19 11:10:52.087,434.93,91.70
2025-08-19 11:10:53.088,434.93,91.70
2025-08-19 11:10:54.088,434.93,91.70
2025-08-19 11:10:55.089,434.93,91.70
2025-08-19 11:10:56.090,434.93,91.70
2025-08-19 11:10:57.091,434.93,91.70
2025-08-19 11:10:58.092,434.93,91.70
2025-08-19 11:10:59.093,434.93,91.70
2025-08-19 11:11:00.094,434.93,91.70
2025-08-19 11:11:01.095,434.93,91.70
2025-08-19 11:11:02.096,434.93,91.70
2025-08-19 11:11:03.097,434.93,91.70
2025-08-19 11:11:04.098,434.93,91.70
2025-08-19 11:11:05.099,434.93,91.70
2025-08-19 11:11:06.100,434.93,91.70
2025-08-19 11:11:07.102,434.93,91.70
2025-08-19 11:11:08.103,434.93,91.70
2025-08-19 11:11:09.104,434.93,91.70
2025-08-19 11:11:10.105,434.93,91.70
2025-08-19 11:11:11.106,434.93,91.70
2025-08-19 11:11:12.107,434.93,91.70
2025-08-19 11:11:13.108,434.93,91.70
2025-08-19 11:11:14.109,434.93,91.70
2025-08-19 11:11:15.110,434.93,91.70
2025-08-19 11:11:16.111,434.93,91.70
2025-08-19 11:11:17.112,434.93,91.70
2025-08-19 11:11:18.113,434.93,91.70
2025-08-19 11:11:19.114,434.93,91.70
2025-08-19 11:11:20.115,434.93,91.70
2025-08-19 11:11:21.115,434.93,91.70
2025-08-19 11:11:22.116,434.93,91.70
2025-08-19 11:11:23.117,434.93,91.70
2025-08-19 11:11:24.118,434.93,91.70
2025-08-19 11:11:25.119,434.93,91.70
2025-08-19 11:11:26.121,434.93,91.70
2025-08-19 11:11:27.122,434.93,91.70
2025-08-19 11:11:28.123,434.93,91.70
2025-08-19 11:11:29.123,434.93,91.70
2025-08-19 11:11:30.124,434.93,91.70
2025-08-19 11:11:31.125,434.93,91.70
2025-08-19 11:11:32.126,434.93,91.70
2025-08-19 11:11:33.127,434.93,91.70
2025-08-19 11:11:34.128,434.93,91.70
2025-08-19 11:11:35.129,434.93,91.70
2025-08-19 11:11:36.130,434.93,91.70
2025-08-19 11:11:37.130,434.93,91.70
2025-08-19 11:11:38.131,434.93,91.70
2025-08-19 11:11:39.132,434.93,91.70
2025-08-19 11:11:40.133,434.93,91.70
2025-08-19 11:11:41.133,434.93,91.70
2025-08-19 11:11:42.134,434.93,91.70
2025-08-19 11:11:43.135,434.93,91.70
2025-08-19 11:11:44.135,434.93,91.70
2025-08-19 11:11:45.136,434.93,91.70
2025-08-19 11:11:46.137,434.93,91.70
2025-08-19 11:11:47.138,434.93,91.70
2025-08-19 11:11:48.138,434.93,91.70
2025-08-19 11:11:49.139,434.93,91.70
2025-08-19 11:11:50.140,434.93,91.70
2025-08-19 11:11:51.141,434.93,91.70
2025-08-19 11:11:52.142,434.93,91.70
2025-08-19 11:11:53.143,434.93,91.70
2025-08-19 11:11:54.144,434.93,91.70
2025-08-19 11:11:55.145,434.93,91.70
2025-08-19 11:11:56.146,434.93,91.70
2025-08-19 11:11:57.147,434.93,91.70
2025-08-19 11:11:58.148,434.93,91.70
2025-08-19 11:11:59.149,434.93,91.70
2025-08-19 11:12:00.150,434.93,91.70
2025-08-19 11:12:01.151,434.93,91.70
2025-08-19 11:12:02.152,434.93,91.70
2025-08-19 11:12:03.153,434.93,91.70
2025-08-19 11:12:04.154,434.93,91.70
2025-08-19 11:12:05.155,434.93,91.70
2025-08-19 11:12:06.156,434.93,91.70
2025-08-19 11:12:07.157,434.93,91.70
2025-08-19 11:12:08.158,434.93,91.70
2025-08-19 11:12:09.159,434.93,91.70
2025-08-19 11:12:10.160,434.93,91.70
2025-08-19 11:12:11.161,434.93,91.70
2025-08-19 11:12:12.161,434.93,91.70
2025-08-19 11:12:13.162,434.93,91.70
2025-08-19 11:12:14.163,434.93,91.70
2025-08-19 11:12:15.164,434.93,91.70
2025-08-19 11:12:16.164,434.93,91.70
2025-08-19 11:12:17.165,434.93,91.70
2025-08-19 11:12:18.166,434.93,91.70
2025-08-19 11:12:19.167,434.93,91.70
2025-08-19 11:12:20.167,434.93,91.70
2025-08-19 11:12:21.168,434.93,91.70
2025-08-19 11:12:22.169,434.93,91.70
2025-08-19 11:12:23.170,434.93,91.70
2025-08-19 11:12:24.171,434.93,91.70
2025-08-19 11:12:25.172,434.93,91.70
2025-08-19 11:12:26.173,434.93,91.70
2025-08-19 11:12:27.173,434.93,91.70
2025-08-19 11:12:28.174,434.93,91.70
2025-08-19 11:12:29.175,434.93,91.70
2025-08-19 11:12:30.176,434.93,91.70
2025-08-19 11:12:31.177,434.93,87.34
2025-08-19 11:12:32.178,434.93,87.34
2025-08-19 11:12:33.179,434.93,87.34
2025-08-19 11:12:34.180,434.93,87.34
2025-08-19 11:12:35.181,434.93,87.34
2025-08-19 11:12:36.182,434.93,87.34
2025-08-19 11:12:37.183,434.93,87.34
2025-08-19 11:12:38.184,434.93,87.34
2025-08-19 11:12:39.185,434.93,87.34
2025-08-19 11:12:40.186,434.93,87.34
2025-08-19 11:12:41.187,434.93,87.34
2025-08-19 11:12:42.188,434.93,87.34
2025-08-19 11:12:43.189,434.93,87.34
2025-08-19 11:12:44.190,434.93,87.34
2025-08-19 11:12:45.190,434.93,87.34
2025-08-19 11:12:46.191,434.93,91.70
2025-08-19 11:12:47.192,434.93,91.70
2025-08-19 11:12:48.193,434.93,91.70
2025-08-19 11:12:49.194,434.93,91.70
2025-08-19 11:12:50.194,434.93,87.34
2025-08-19 11:12:51.195,434.93,87.34
2025-08-19 11:12:52.196,434.93,87.34
2025-08-19 11:12:53.197,434.93,87.34
2025-08-19 11:12:54.198,434.93,87.34
2025-08-19 11:12:55.199,434.93,87.34
2025-08-19 11:12:56.200,434.93,87.34
2025-08-19 11:12:57.200,434.93,87.34
2025-08-19 11:12:58.201,434.93,87.34
2025-08-19 11:12:59.202,434.93,87.34
2025-08-19 11:13:00.202,434.93,87.34
2025-08-19 11:13:01.203,434.93,87.34
2025-08-19 11:13:02.203,434.93,87.34
2025-08-19 11:13:03.203,434.93,87.34
2025-08-19 11:13:04.204,434.93,87.34
2025-08-19 11:13:05.205,434.93,87.34
2025-08-19 11:13:06.206,434.93,87.34
2025-08-19 11:13:07.206,434.93,87.34
2025-08-19 11:13:08.207,434.93,87.34
2025-08-19 11:13:09.208,434.93,87.34
2025-08-19 11:13:10.209,434.93,87.34
2025-08-19 11:13:11.210,434.93,87.34
2025-08-19 11:13:12.210,434.93,87.34
2025-08-19 11:13:13.211,434.93,87.34
2025-08-19 11:13:14.212,434.93,87.34
2025-08-19 11:13:15.213,441.92,87.34
2025-08-19 11:13:16.214,441.92,87.34
2025-08-19 11:13:17.215,441.92,87.34
2025-08-19 11:13:18.216,441.92,87.34
2025-08-19 11:13:19.217,441.92,87.34
2025-08-19 11:13:20.217,441.92,87.34
2025-08-19 11:13:21.218,441.92,87.34
2025-08-19 11:13:22.219,441.92,87.34
2025-08-19 11:13:23.220,441.92,87.34
2025-08-19 11:13:24.221,441.92,91.70
2025-08-19 11:13:25.221,441.92,91.70
2025-08-19 11:13:26.222,441.92,91.70
2025-08-19 11:13:27.223,441.92,91.70
2025-08-19 11:13:28.224,441.92,91.70
2025-08-19 11:13:29.225,441.92,91.70
2025-08-19 11:13:30.225,441.92,91.70
2025-08-19 11:13:31.226,441.92,91.70
2025-08-19 11:13:32.227,441.92,87.34
2025-08-19 11:13:33.228,441.92,87.34
2025-08-19 11:13:34.228,441.92,87.34
2025-08-19 11:13:35.229,441.92,87.34
2025-08-19 11:13:36.230,441.92,87.34
2025-08-19 11:13:37.230,441.92,87.34
2025-08-19 11:13:38.231,441.92,87.34
2025-08-19 11:13:39.231,441.92,87.34
2025-08-19 11:13:40.232,441.92,87.34
2025-08-19 11:13:41.233,441.92,87.34
2025-08-19 11:13:42.233,441.92,87.34
2025-08-19 11:13:43.234,441.92,87.34
2025-08-19 11:13:44.234,441.92,87.34
2025-08-19 11:13:45.235,441.92,87.34
2025-08-19 11:13:46.236,441.92,87.34
2025-08-19 11:13:47.236,441.92,87.34
2025-08-19 11:13:48.237,441.92,87.34
2025-08-19 11:13:49.238,441.92,87.34
2025-08-19 11:13:50.238,441.92,87.34
2025-08-19 11:13:51.239,441.92,87.34
2025-08-19 11:13:52.240,441.92,87.34
2025-08-19 11:13:53.240,441.92,87.34
2025-08-19 11:13:54.241,441.92,87.34
2025-08-19 11:13:55.241,441.92,87.34
2025-08-19 11:13:56.242,441.92,87.34
2025-08-19 11:13:57.242,441.92,87.34
2025-08-19 11:13:58.243,441.92,87.34
2025-08-19 11:13:59.243,441.92,87.34
2025-08-19 11:14:00.244,441.92,87.34
2025-08-19 11:14:01.245,441.92,87.34
2025-08-19 11:14:02.246,441.92,87.34
2025-08-19 11:14:03.246,441.92,87.34
2025-08-19 11:14:04.247,441.92,87.34
2025-08-19 11:14:05.248,441.92,87.34
2025-08-19 11:14:06.248,441.92,87.34
2025-08-19 11:14:07.249,441.92,87.34
2025-08-19 11:14:08.250,441.92,87.34
2025-08-19 11:14:09.250,441.92,87.34
2025-08-19 11:14:10.251,441.92,87.34
2025-08-19 11:14:11.252,441.92,87.34
2025-08-19 11:14:12.253,441.92,87.34
2025-08-19 11:14:13.254,441.92,87.34
2025-08-19 11:14:14.254,441.92,87.34
2025-08-19 11:14:15.255,441.92,87.34
2025-08-19 11:14:16.256,441.92,87.34
2025-08-19 11:14:17.256,441.92,87.34
2025-08-19 11:14:18.257,441.92,87.34
2025-08-19 11:14:19.258,441.92,87.34
2025-08-19 11:14:20.259,441.92,87.34
2025-08-19 11:14:21.260,441.92,87.34
2025-08-19 11:14:22.261,441.92,87.34
2025-08-19 11:14:23.261,441.92,87.34
2025-08-19 11:14:24.262,441.92,87.34
2025-08-19 11:14:25.263,441.92,87.34
2025-08-19 11:14:26.264,441.92,87.34
2025-08-19 11:14:27.265,441.92,87.34
2025-08-19 11:14:28.266,441.92,87.34
2025-08-19 11:14:29.267,441.92,87.34
2025-08-19 11:14:30.268,441.92,96.07
2025-08-19 11:14:31.269,441.92,91.70
2025-08-19 11:14:32.270,441.92,87.34
2025-08-19 11:14:33.271,441.92,87.34
2025-08-19 11:14:34.272,441.92,87.34
2025-08-19 11:14:35.273,441.92,87.34
2025-08-19 11:14:36.274,441.92,87.34
2025-08-19 11:14:37.275,441.92,87.34
2025-08-19 11:14:38.275,441.92,87.34
2025-08-19 11:14:39.276,441.92,87.34
2025-08-19 11:14:40.277,441.92,87.34
2025-08-19 11:14:41.278,441.92,87.34
2025-08-19 11:14:42.279,441.92,87.34
2025-08-19 11:14:43.279,441.92,87.34
2025-08-19 11:14:44.280,441.92,87.34
2025-08-19 11:14:45.281,441.92,87.34
2025-08-19 11:14:46.281,441.92,87.34
2025-08-19 11:14:47.282,441.92,87.34
2025-08-19 11:14:48.282,441.92,87.34
2025-08-19 11:14:49.283,441.92,87.34
2025-08-19 11:14:50.284,441.92,87.34
2025-08-19 11:14:51.285,441.92,87.34
2025-08-19 11:14:52.285,441.92,87.34
2025-08-19 11:14:53.286,441.92,87.34
2025-08-19 11:14:54.287,441.92,87.34
2025-08-19 11:14:55.287,441.92,87.34
2025-08-19 11:14:56.288,441.92,87.34
2025-08-19 11:14:57.289,441.92,87.34
2025-08-19 11:14:58.290,441.92,87.34
2025-08-19 11:14:59.291,441.92,87.34
2025-08-19 11:15:00.291,441.92,87.34
2025-08-19 11:15:01.292,441.92,96.07
2025-08-19 11:15:02.294,441.92,104.80
2025-08-19 11:15:03.295,441.92,104.80
2025-08-19 11:15:04.295,441.92,100.44
2025-08-19 11:15:05.295,441.92,96.07
2025-08-19 11:15:06.296,441.92,91.70
2025-08-19 11:15:07.297,441.92,91.70
2025-08-19 11:15:08.298,441.92,87.34
2025-08-19 11:15:09.299,441.92,87.34
2025-08-19 11:15:10.300,441.92,87.34
2025-08-19 11:15:11.301,441.92,87.34
2025-08-19 11:15:12.302,441.92,87.34
2025-08-19 11:15:13.303,441.92,87.34
2025-08-19 11:15:14.303,441.92,87.34
2025-08-19 11:15:15.304,441.92,87.34
2025-08-19 11:15:16.305,441.92,87.34
2025-08-19 11:15:17.306,441.92,87.34
2025-08-19 11:15:18.307,441.92,87.34
2025-08-19 11:15:19.308,441.92,87.34
2025-08-19 11:15:20.309,441.92,87.34
2025-08-19 11:15:21.310,441.92,87.34
2025-08-19 11:15:22.311,441.92,87.34
2025-08-19 11:15:23.312,441.92,87.34
2025-08-19 11:15:24.312,441.92,87.34
2025-08-19 11:15:25.313,441.92,87.34
2025-08-19 11:15:26.314,441.92,87.34
2025-08-19 11:15:27.315,441.92,87.34
2025-08-19 11:15:28.315,441.92,87.34
2025-08-19 11:15:29.316,441.92,87.34
2025-08-19 11:15:30.317,441.92,87.34
2025-08-19 11:15:31.318,441.92,87.34
2025-08-19 11:15:32.318,441.92,87.34
2025-08-19 11:15:33.319,441.92,87.34
2025-08-19 11:15:34.320,441.92,87.34
2025-08-19 11:15:35.321,441.92,87.34
2025-08-19 11:15:36.321,441.92,87.34
2025-08-19 11:15:37.322,441.92,87.34
2025-08-19 11:15:38.323,441.92,87.34
2025-08-19 11:15:39.324,441.92,87.34
2025-08-19 11:15:40.325,441.92,87.34
2025-08-19 11:15:41.326,441.92,87.34
2025-08-19 11:15:42.327,441.92,87.34
2025-08-19 11:15:43.327,441.92,87.34
2025-08-19 11:15:44.328,441.92,87.34
2025-08-19 11:15:45.329,441.92,87.34
2025-08-19 11:15:46.330,441.92,87.34
2025-08-19 11:15:47.330,441.92,87.34
2025-08-19 11:15:48.331,441.92,87.34
2025-08-19 11:15:49.332,441.92,87.34
2025-08-19 11:15:50.333,441.92,87.34
2025-08-19 11:15:51.334,441.92,87.34
2025-08-19 11:15:52.335,441.92,87.34
2025-08-19 11:15:53.336,441.92,87.34
2025-08-19 11:15:54.338,441.92,87.34
2025-08-19 11:15:55.339,441.92,87.34
2025-08-19 11:15:56.339,441.92,87.34
2025-08-19 11:15:57.340,441.92,87.34
2025-08-19 11:15:58.341,441.92,87.34
2025-08-19 11:15:59.342,441.92,87.34
2025-08-19 11:16:00.343,441.92,96.07
2025-08-19 11:16:01.343,441.92,96.07
2025-08-19 11:16:02.344,441.92,96.07
2025-08-19 11:16:03.345,441.92,96.07
2025-08-19 11:16:04.346,441.92,96.07
2025-08-19 11:16:05.347,441.92,91.70
2025-08-19 11:16:06.348,441.92,91.70
2025-08-19 11:16:07.349,441.92,91.70
2025-08-19 11:16:08.350,441.92,87.34
2025-08-19 11:16:09.351,441.92,87.34
2025-08-19 11:16:10.352,441.92,87.34
2025-08-19 11:16:11.353,441.92,87.34
2025-08-19 11:16:12.354,441.92,87.34
2025-08-19 11:16:13.356,441.92,87.34
2025-08-19 11:16:14.357,441.92,87.34
2025-08-19 11:16:15.358,441.92,87.34
2025-08-19 11:16:16.358,441.92,87.34
2025-08-19 11:16:17.359,441.92,87.34
2025-08-19 11:16:18.360,441.92,87.34
2025-08-19 11:16:19.361,441.92,87.34
2025-08-19 11:16:20.362,441.92,87.34
2025-08-19 11:16:21.363,441.92,87.34
2025-08-19 11:16:22.364,441.92,87.34
2025-08-19 11:16:23.365,441.92,87.34
2025-08-19 11:16:24.366,441.92,87.34
2025-08-19 11:16:25.367,441.92,87.34
2025-08-19 11:16:26.367,441.92,87.34
2025-08-19 11:16:27.368,441.92,87.34
2025-08-19 11:16:28.369,441.92,87.34
2025-08-19 11:16:29.370,441.92,87.34
2025-08-19 11:16:30.370,441.92,87.34
2025-08-19 11:16:31.371,441.92,87.34
2025-08-19 11:16:32.371,441.92,87.34
2025-08-19 11:16:33.372,441.92,87.34
2025-08-19 11:16:34.373,441.92,87.34
2025-08-19 11:16:35.374,441.92,87.34
2025-08-19 11:16:36.374,441.92,87.34
2025-08-19 11:16:37.375,441.92,87.34
2025-08-19 11:16:38.376,441.92,87.34
2025-08-19 11:16:39.377,441.92,87.34
2025-08-19 11:16:40.378,441.92,87.34
2025-08-19 11:16:41.379,441.92,87.34
2025-08-19 11:16:42.380,441.92,87.34
2025-08-19 11:16:43.381,441.92,87.34
2025-08-19 11:16:44.382,441.92,87.34
2025-08-19 11:16:45.383,441.92,87.34
2025-08-19 11:16:46.383,441.92,87.34
2025-08-19 11:16:47.384,441.92,87.34
2025-08-19 11:16:48.385,441.92,87.34
2025-08-19 11:16:49.386,441.92,87.34
2025-08-19 11:16:50.387,441.92,87.34
2025-08-19 11:16:51.388,441.92,87.34
2025-08-19 11:16:52.388,441.92,87.34
2025-08-19 11:16:53.389,441.92,87.34
2025-08-19 11:16:54.390,441.92,87.34
2025-08-19 11:16:55.391,441.92,87.34
2025-08-19 11:16:56.391,441.92,87.34
2025-08-19 11:16:57.392,441.92,87.34
2025-08-19 11:16:58.393,441.92,87.34
2025-08-19 11:16:59.394,441.92,87.34
2025-08-19 11:17:00.394,441.92,87.34
2025-08-19 11:17:01.395,441.92,87.34
2025-08-19 11:17:02.396,441.92,87.34
2025-08-19 11:17:03.397,441.92,87.34
2025-08-19 11:17:04.397,441.92,87.34
2025-08-19 11:17:05.398,441.92,87.34
2025-08-19 11:17:06.399,441.92,87.34
2025-08-19 11:17:07.399,441.92,87.34
2025-08-19 11:17:08.400,441.92,87.34
2025-08-19 11:17:09.401,441.92,87.34
2025-08-19 11:17:10.402,441.92,87.34
2025-08-19 11:17:11.403,441.92,87.34
2025-08-19 11:17:12.405,441.92,87.34
2025-08-19 11:17:13.406,441.92,87.34
2025-08-19 11:17:14.407,441.92,87.34
2025-08-19 11:17:15.408,441.92,87.34
2025-08-19 11:17:16.409,441.92,87.34
2025-08-19 11:17:17.410,441.92,91.70
2025-08-19 11:17:18.411,441.92,91.70
2025-08-19 11:17:19.412,441.92,91.70
2025-08-19 11:17:20.413,441.92,91.70
2025-08-19 11:17:21.414,441.92,91.70
2025-08-19 11:17:22.415,441.92,91.70
2025-08-19 11:17:23.415,441.92,91.70
2025-08-19 11:17:24.416,441.92,91.70
2025-08-19 11:17:25.417,441.92,91.70
2025-08-19 11:17:26.418,441.92,91.70
2025-08-19 11:17:27.419,441.92,91.70
2025-08-19 11:17:28.421,441.92,91.70
2025-08-19 11:17:29.421,441.92,96.07
2025-08-19 11:17:30.422,441.92,96.07
2025-08-19 11:17:31.423,441.92,96.07
2025-08-19 11:17:32.424,441.92,96.07
2025-08-19 11:17:33.425,441.92,91.70
2025-08-19 11:17:34.426,441.92,91.70
2025-08-19 11:17:35.427,441.92,91.70
2025-08-19 11:17:36.428,441.92,91.70
2025-08-19 11:17:37.428,441.92,91.70
2025-08-19 11:17:38.429,441.92,87.34
2025-08-19 11:17:39.430,441.92,87.34
2025-08-19 11:17:40.430,441.92,87.34
2025-08-19 11:17:41.431,441.92,87.34
2025-08-19 11:17:42.432,441.92,87.34
2025-08-19 11:17:43.432,441.92,87.34
2025-08-19 11:17:44.433,441.92,87.34
2025-08-19 11:17:45.434,441.92,87.34
2025-08-19 11:17:46.435,441.92,87.34
2025-08-19 11:17:47.436,441.92,87.34
2025-08-19 11:17:48.437,441.92,87.34
2025-08-19 11:17:49.438,441.92,87.34
2025-08-19 11:17:50.439,441.92,87.34
2025-08-19 11:17:51.440,441.92,87.34
2025-08-19 11:17:52.441,441.92,87.34
2025-08-19 11:17:53.441,441.92,87.34
2025-08-19 11:17:54.442,441.92,87.34
2025-08-19 11:17:55.443,441.92,87.34
2025-08-19 11:17:56.444,441.92,87.34
2025-08-19 11:17:57.445,441.92,87.34
2025-08-19 11:17:58.445,441.92,87.34
2025-08-19 11:17:59.446,441.92,87.34
2025-08-19 11:18:00.447,441.92,87.34
2025-08-19 11:18:01.448,441.92,87.34
2025-08-19 11:18:02.449,441.92,87.34
2025-08-19 11:18:03.450,441.92,87.34
2025-08-19 11:18:04.451,441.92,91.70
2025-08-19 11:18:05.451,441.92,87.34
2025-08-19 11:18:06.452,441.92,87.34
2025-08-19 11:18:07.453,441.92,87.34
2025-08-19 11:18:08.454,441.92,87.34
2025-08-19 11:18:09.455,441.92,87.34
2025-08-19 11:18:10.456,441.92,87.34
2025-08-19 11:18:11.457,441.92,87.34
2025-08-19 11:18:12.458,441.92,87.34
2025-08-19 11:18:13.459,441.92,87.34
2025-08-19 11:18:14.460,441.92,87.34
2025-08-19 11:18:15.461,441.92,87.34
2025-08-19 11:18:16.462,441.92,87.34
2025-08-19 11:18:17.463,441.92,87.34
2025-08-19 11:18:18.464,441.92,87.34
2025-08-19 11:18:19.464,441.92,87.34
2025-08-19 11:18:20.465,441.92,87.34
2025-08-19 11:18:21.466,441.92,87.34
2025-08-19 11:18:22.467,441.92,87.34
2025-08-19 11:18:23.468,441.92,87.34
2025-08-19 11:18:24.469,441.92,87.34
2025-08-19 11:18:25.470,441.92,87.34
2025-08-19 11:18:26.471,441.92,87.34
2025-08-19 11:18:27.472,441.92,87.34
2025-08-19 11:18:28.472,441.92,87.34
2025-08-19 11:18:29.473,441.92,87.34
2025-08-19 11:18:30.474,441.92,87.34
2025-08-19 11:18:31.475,441.92,87.34
2025-08-19 11:18:32.476,441.92,87.34
2025-08-19 11:18:33.477,441.92,91.70
2025-08-19 11:18:34.478,441.92,87.34
2025-08-19 11:18:35.479,441.92,87.34
2025-08-19 11:18:36.480,441.92,91.70
2025-08-19 11:18:37.481,441.92,91.70
2025-08-19 11:18:38.482,441.92,91.70
2025-08-19 11:18:39.483,441.92,91.70
2025-08-19 11:18:40.484,441.92,87.34
2025-08-19 11:18:41.485,441.92,87.34
2025-08-19 11:18:42.486,441.92,87.34
2025-08-19 11:18:43.487,441.92,87.34
2025-08-19 11:18:44.488,441.92,87.34
2025-08-19 11:18:45.488,441.92,87.34
2025-08-19 11:18:46.489,441.92,87.34
2025-08-19 11:18:47.490,441.92,87.34
2025-08-19 11:18:48.491,441.92,87.34
2025-08-19 11:18:49.492,441.92,87.34
2025-08-19 11:18:50.493,441.92,87.34
2025-08-19 11:18:51.494,441.92,91.70
2025-08-19 11:18:52.495,441.92,91.70
2025-08-19 11:18:53.495,441.92,87.34
2025-08-19 11:18:54.496,441.92,87.34
2025-08-19 11:18:55.497,441.92,87.34
2025-08-19 11:18:56.498,441.92,87.34
2025-08-19 11:18:57.499,441.92,87.34
2025-08-19 11:18:58.499,441.92,87.34
2025-08-19 11:18:59.500,441.92,87.34
2025-08-19 11:19:00.501,441.92,87.34
2025-08-19 11:19:01.502,441.92,87.34
2025-08-19 11:19:02.503,441.92,87.34
2025-08-19 11:19:03.504,441.92,87.34
2025-08-19 11:19:04.505,441.92,87.34
2025-08-19 11:19:05.506,441.92,91.70
2025-08-19 11:19:06.507,441.92,91.70
2025-08-19 11:19:07.507,441.92,91.70
2025-08-19 11:19:08.508,441.92,91.70
2025-08-19 11:19:09.509,441.92,91.70
2025-08-19 11:19:10.510,441.92,91.70
2025-08-19 11:19:11.511,441.92,96.07
2025-08-19 11:19:12.512,441.92,96.07
2025-08-19 11:19:13.513,441.92,91.70
2025-08-19 11:19:14.514,441.92,96.07
2025-08-19 11:19:15.515,441.92,96.07
2025-08-19 11:19:16.516,441.92,91.70
2025-08-19 11:19:17.517,441.92,91.70
2025-08-19 11:19:18.517,441.92,91.70
2025-08-19 11:19:19.518,441.92,91.70
2025-08-19 11:19:20.519,441.92,87.34
2025-08-19 11:19:21.520,441.92,87.34
2025-08-19 11:19:22.521,441.92,87.34
2025-08-19 11:19:23.522,441.92,87.34
2025-08-19 11:19:24.522,441.92,87.34
2025-08-19 11:19:25.523,441.92,87.34
2025-08-19 11:19:26.524,441.92,87.34
2025-08-19 11:19:27.525,441.92,87.34
2025-08-19 11:19:28.526,441.92,87.34
2025-08-19 11:19:29.526,441.92,87.34
2025-08-19 11:19:30.527,441.92,87.34
2025-08-19 11:19:31.528,441.92,87.34
2025-08-19 11:19:32.529,441.92,87.34
2025-08-19 11:19:33.530,441.92,87.34
2025-08-19 11:19:34.531,441.92,87.34
2025-08-19 11:19:35.532,441.92,87.34
2025-08-19 11:19:36.533,441.92,87.34
2025-08-19 11:19:37.534,441.92,87.34
2025-08-19 11:19:38.535,441.92,87.34
2025-08-19 11:19:39.536,441.92,87.34
2025-08-19 11:19:40.537,441.92,87.34
2025-08-19 11:19:41.538,441.92,87.34
2025-08-19 11:19:42.539,441.92,87.34
2025-08-19 11:19:43.540,441.92,87.34
2025-08-19 11:19:44.542,441.92,87.34
2025-08-19 11:19:45.543,441.92,87.34
2025-08-19 11:19:46.543,441.92,87.34
2025-08-19 11:19:47.544,441.92,87.34
2025-08-19 11:19:48.545,441.92,87.34
2025-08-19 11:19:49.546,441.92,87.34
2025-08-19 11:19:50.547,441.92,87.34
2025-08-19 11:19:51.548,441.92,87.34
2025-08-19 11:19:52.549,441.92,87.34
2025-08-19 11:19:53.549,441.92,91.70
2025-08-19 11:19:54.550,441.92,91.70
2025-08-19 11:19:55.551,441.92,87.34
2025-08-19 11:19:56.552,441.92,87.34
2025-08-19 11:19:57.553,441.92,87.34
2025-08-19 11:19:58.554,441.92,87.34
2025-08-19 11:19:59.555,441.92,87.34
2025-08-19 11:20:00.556,441.92,87.34
2025-08-19 11:20:01.557,441.92,87.34
2025-08-19 11:20:02.558,441.92,87.34
2025-08-19 11:20:03.559,441.92,87.34
2025-08-19 11:20:04.560,441.92,87.34
2025-08-19 11:20:05.561,441.92,87.34
2025-08-19 11:20:06.562,441.92,87.34
2025-08-19 11:20:07.563,441.92,87.34
2025-08-19 11:20:08.564,441.92,91.70
2025-08-19 11:20:09.565,441.92,91.70
2025-08-19 11:20:10.566,441.92,87.34
2025-08-19 11:20:11.567,441.92,87.34
2025-08-19 11:20:12.568,441.92,87.34
2025-08-19 11:20:13.569,441.92,87.34
2025-08-19 11:20:14.571,441.92,87.34
2025-08-19 11:20:15.572,441.92,87.34
2025-08-19 11:20:16.573,441.92,87.34
2025-08-19 11:20:17.574,441.92,87.34
2025-08-19 11:20:18.575,441.92,87.34
2025-08-19 11:20:19.576,441.92,87.34
2025-08-19 11:20:20.578,441.92,87.34
2025-08-19 11:20:21.579,441.92,87.34
2025-08-19 11:20:22.579,441.92,87.34
2025-08-19 11:20:23.580,441.92,87.34
2025-08-19 11:20:24.581,441.92,87.34
2025-08-19 11:20:25.582,441.92,87.34
2025-08-19 11:20:26.583,441.92,87.34
2025-08-19 11:20:27.584,441.92,87.34
2025-08-19 11:20:28.585,441.92,87.34
2025-08-19 11:20:29.586,441.92,87.34
2025-08-19 11:20:30.587,441.92,87.34
2025-08-19 11:20:31.589,441.92,87.34
2025-08-19 11:20:32.590,441.92,87.34
2025-08-19 11:20:33.591,441.92,87.34
2025-08-19 11:20:34.592,441.92,87.34
2025-08-19 11:20:35.593,441.92,87.34
2025-08-19 11:20:36.594,441.92,87.34
2025-08-19 11:20:37.595,441.92,87.34
2025-08-19 11:20:38.596,441.92,87.34
2025-08-19 11:20:39.597,441.92,87.34
2025-08-19 11:20:40.598,441.92,87.34
2025-08-19 11:20:41.600,441.92,87.34
2025-08-19 11:20:42.600,441.92,91.70
2025-08-19 11:20:43.601,441.92,91.70
2025-08-19 11:20:44.602,441.92,87.34
2025-08-19 11:20:45.603,441.92,87.34
2025-08-19 11:20:46.604,441.92,91.70
2025-08-19 11:20:47.605,441.92,91.70
2025-08-19 11:20:48.606,441.92,91.70
2025-08-19 11:20:49.607,441.92,91.70
2025-08-19 11:20:50.608,441.92,91.70
2025-08-19 11:20:51.609,441.92,91.70
2025-08-19 11:20:52.609,441.92,91.70
2025-08-19 11:20:53.610,441.92,91.70
2025-08-19 11:20:54.611,441.92,91.70
2025-08-19 11:20:55.613,441.92,96.07
2025-08-19 11:20:56.614,441.92,96.07
2025-08-19 11:20:57.615,441.92,91.70
2025-08-19 11:20:58.616,441.92,91.70
2025-08-19 11:20:59.616,441.92,91.70
2025-08-19 11:21:00.617,441.92,96.07
2025-08-19 11:21:01.618,441.92,96.07
2025-08-19 11:21:02.619,441.92,96.07
2025-08-19 11:21:03.620,441.92,96.07
2025-08-19 11:21:04.621,441.92,91.70
2025-08-19 11:21:05.622,441.92,91.70
2025-08-19 11:21:06.623,441.92,91.70
2025-08-19 11:21:07.624,441.92,91.70
2025-08-19 11:21:08.624,441.92,91.70
2025-08-19 11:21:09.625,441.92,91.70
2025-08-19 11:21:10.626,441.92,91.70
2025-08-19 11:21:11.626,441.92,87.34
2025-08-19 11:21:12.627,441.92,87.34
2025-08-19 11:21:13.628,441.92,87.34
2025-08-19 11:21:14.629,441.92,91.70
2025-08-19 11:21:15.630,441.92,91.70
2025-08-19 11:21:16.631,441.92,91.70
2025-08-19 11:21:17.632,441.92,91.70
2025-08-19 11:21:18.632,441.92,91.70
2025-08-19 11:21:19.633,441.92,91.70
2025-08-19 11:21:20.634,441.92,91.70
2025-08-19 11:21:21.635,441.92,91.70
2025-08-19 11:21:22.636,441.92,91.70
2025-08-19 11:21:23.636,441.92,91.70
2025-08-19 11:21:24.637,441.92,91.70
2025-08-19 11:21:25.638,441.92,91.70
2025-08-19 11:21:26.638,441.92,91.70
2025-08-19 11:21:27.639,441.92,91.70
2025-08-19 11:21:28.640,441.92,91.70
2025-08-19 11:21:29.640,441.92,91.70
2025-08-19 11:21:30.641,448.91,91.70
2025-08-19 11:21:31.642,448.91,91.70
2025-08-19 11:21:32.642,448.91,91.70
2025-08-19 11:21:33.643,448.91,91.70
2025-08-19 11:21:34.644,448.91,91.70
2025-08-19 11:21:35.645,448.91,91.70
2025-08-19 11:21:36.645,448.91,91.70
2025-08-19 11:21:37.646,448.91,91.70
2025-08-19 11:21:38.647,448.91,91.70
2025-08-19 11:21:39.648,448.91,91.70
2025-08-19 11:21:40.649,448.91,91.70
2025-08-19 11:21:41.650,448.91,91.70
2025-08-19 11:21:42.650,448.91,91.70
2025-08-19 11:21:43.651,448.91,91.70
2025-08-19 11:21:44.652,448.91,91.70
2025-08-19 11:21:45.653,448.91,91.70
2025-08-19 11:21:46.654,448.91,91.70
2025-08-19 11:21:47.655,448.91,91.70
2025-08-19 11:21:48.656,448.91,91.70
2025-08-19 11:21:49.657,448.91,91.70
2025-08-19 11:21:50.658,448.91,91.70
2025-08-19 11:21:51.659,448.91,91.70
2025-08-19 11:21:52.661,448.91,91.70
2025-08-19 11:21:53.661,448.91,91.70
2025-08-19 11:21:54.662,448.91,91.70
2025-08-19 11:21:55.663,448.91,91.70
2025-08-19 11:21:56.664,448.91,91.70
2025-08-19 11:21:57.665,448.91,91.70
2025-08-19 11:21:58.666,448.91,91.70
2025-08-19 11:21:59.667,448.91,91.70
2025-08-19 11:22:00.668,448.91,91.70
2025-08-19 11:22:01.669,448.91,91.70
2025-08-19 11:22:02.670,448.91,91.70
2025-08-19 11:22:03.670,448.91,91.70
2025-08-19 11:22:04.671,448.91,91.70
2025-08-19 11:22:05.672,448.91,91.70
2025-08-19 11:22:06.673,448.91,91.70
2025-08-19 11:22:07.674,448.91,96.07
2025-08-19 11:22:08.675,448.91,96.07
2025-08-19 11:22:09.675,448.91,96.07
2025-08-19 11:22:10.676,448.91,96.07
2025-08-19 11:22:11.677,448.91,96.07
2025-08-19 11:22:12.678,448.91,96.07
2025-08-19 11:22:13.679,448.91,96.07
2025-08-19 11:22:14.679,448.91,96.07
2025-08-19 11:22:15.680,448.91,96.07
2025-08-19 11:22:16.681,448.91,91.70
2025-08-19 11:22:17.682,448.91,91.70
2025-08-19 11:22:18.684,448.91,91.70
2025-08-19 11:22:19.685,448.91,96.07
2025-08-19 11:22:20.686,448.91,96.07
2025-08-19 11:22:21.687,448.91,96.07
2025-08-19 11:22:22.688,448.91,96.07
2025-08-19 11:22:23.689,448.91,96.07
2025-08-19 11:22:24.690,448.91,96.07
2025-08-19 11:22:25.691,448.91,96.07
2025-08-19 11:22:26.692,448.91,96.07
2025-08-19 11:22:27.693,448.91,96.07
2025-08-19 11:22:28.694,448.91,96.07
2025-08-19 11:22:29.695,448.91,96.07
2025-08-19 11:22:30.695,448.91,96.07
2025-08-19 11:22:31.696,448.91,96.07
2025-08-19 11:22:32.697,448.91,96.07
2025-08-19 11:22:33.698,448.91,96.07
2025-08-19 11:22:34.699,448.91,96.07
2025-08-19 11:22:35.700,448.91,96.07
2025-08-19 11:22:36.702,448.91,96.07
2025-08-19 11:22:37.703,448.91,96.07
2025-08-19 11:22:38.704,448.91,91.70
2025-08-19 11:22:39.705,448.91,96.07
2025-08-19 11:22:40.706,448.91,96.07
2025-08-19 11:22:41.706,448.91,96.07
2025-08-19 11:22:42.707,448.91,96.07
2025-08-19 11:22:43.708,448.91,96.07
2025-08-19 11:22:44.709,448.91,96.07
2025-08-19 11:22:45.709,448.91,96.07
2025-08-19 11:22:46.710,448.91,96.07
2025-08-19 11:22:47.711,448.91,96.07
2025-08-19 11:22:48.712,448.91,96.07
2025-08-19 11:22:49.712,448.91,96.07
2025-08-19 11:22:50.713,448.91,96.07
2025-08-19 11:22:51.714,448.91,96.07
2025-08-19 11:22:52.715,448.91,96.07
2025-08-19 11:22:53.716,448.91,96.07
2025-08-19 11:22:54.717,448.91,96.07
2025-08-19 11:22:55.717,448.91,96.07
2025-08-19 11:22:56.719,448.91,96.07
2025-08-19 11:22:57.720,448.91,96.07
2025-08-19 11:22:58.721,448.91,96.07
2025-08-19 11:22:59.722,448.91,96.07
2025-08-19 11:23:00.723,448.91,96.07
2025-08-19 11:23:01.724,448.91,96.07
2025-08-19 11:23:02.725,448.91,96.07
2025-08-19 11:23:03.725,448.91,96.07
2025-08-19 11:23:04.726,448.91,96.07
2025-08-19 11:23:05.727,448.91,96.07
2025-08-19 11:23:06.728,448.91,96.07
2025-08-19 11:23:07.728,448.91,96.07
2025-08-19 11:23:08.729,448.91,96.07
2025-08-19 11:23:09.730,448.91,96.07
2025-08-19 11:23:10.731,448.91,96.07
2025-08-19 11:23:11.731,448.91,96.07
2025-08-19 11:23:12.732,448.91,96.07
2025-08-19 11:23:13.733,448.91,96.07
2025-08-19 11:23:14.734,448.91,96.07
2025-08-19 11:23:15.734,448.91,96.07
2025-08-19 11:23:16.735,448.91,96.07
2025-08-19 11:23:17.736,448.91,96.07
2025-08-19 11:23:18.737,448.91,96.07
2025-08-19 11:23:19.738,448.91,96.07
2025-08-19 11:23:20.738,448.91,96.07
2025-08-19 11:23:21.739,455.90,96.07
2025-08-19 11:23:22.740,455.90,96.07
2025-08-19 11:23:23.741,455.90,96.07
2025-08-19 11:23:24.742,455.90,96.07
2025-08-19 11:23:25.743,455.90,96.07
2025-08-19 11:23:26.744,455.90,96.07
2025-08-19 11:23:27.744,455.90,96.07
2025-08-19 11:23:28.745,455.90,96.07
2025-08-19 11:23:29.747,455.90,96.07
2025-08-19 11:23:30.748,455.90,96.07
2025-08-19 11:23:31.749,455.90,96.07
2025-08-19 11:23:32.750,455.90,96.07
2025-08-19 11:23:33.752,455.90,96.07
2025-08-19 11:23:34.753,455.90,96.07
2025-08-19 11:23:35.755,455.90,96.07
2025-08-19 11:23:36.756,455.90,96.07
2025-08-19 11:23:37.757,455.90,96.07
2025-08-19 11:23:38.758,455.90,96.07
2025-08-19 11:23:39.760,455.90,96.07
2025-08-19 11:23:40.761,455.90,96.07
2025-08-19 11:23:41.762,455.90,96.07
2025-08-19 11:23:42.763,455.90,96.07
2025-08-19 11:23:43.764,455.90,96.07
2025-08-19 11:23:44.765,455.90,96.07
2025-08-19 11:23:45.766,455.90,96.07
2025-08-19 11:23:46.767,455.90,96.07
2025-08-19 11:23:47.767,455.90,96.07
2025-08-19 11:23:48.769,455.90,96.07
2025-08-19 11:23:49.770,455.90,96.07
2025-08-19 11:23:50.771,455.90,96.07
2025-08-19 11:23:51.771,455.90,96.07
2025-08-19 11:23:52.772,455.90,96.07
2025-08-19 11:23:53.773,455.90,96.07
2025-08-19 11:23:54.774,455.90,96.07
2025-08-19 11:23:55.775,455.90,96.07
2025-08-19 11:23:56.776,455.90,96.07
2025-08-19 11:23:57.777,455.90,96.07
2025-08-19 11:23:58.778,455.90,96.07
2025-08-19 11:23:59.778,455.90,96.07
2025-08-19 11:24:00.779,455.90,96.07
2025-08-19 11:24:01.780,455.90,96.07
2025-08-19 11:24:02.781,455.90,96.07
2025-08-19 11:24:03.782,455.90,96.07
2025-08-19 11:24:04.783,455.90,96.07
2025-08-19 11:24:05.784,455.90,96.07
2025-08-19 11:24:06.785,455.90,96.07
2025-08-19 11:24:07.785,455.90,96.07
2025-08-19 11:24:08.786,455.90,96.07
2025-08-19 11:24:09.787,455.90,96.07
2025-08-19 11:24:10.788,455.90,96.07
2025-08-19 11:24:11.789,455.90,96.07
2025-08-19 11:24:12.789,455.90,96.07
2025-08-19 11:24:13.790,455.90,96.07
2025-08-19 11:24:14.791,455.90,96.07
2025-08-19 11:24:15.792,455.90,96.07
2025-08-19 11:24:16.792,455.90,96.07
2025-08-19 11:24:17.793,455.90,96.07
2025-08-19 11:24:18.794,455.90,96.07
2025-08-19 11:24:19.795,455.90,96.07
2025-08-19 11:24:20.795,455.90,96.07
2025-08-19 11:24:21.797,455.90,100.44
2025-08-19 11:24:22.797,455.90,96.07
2025-08-19 11:24:23.798,455.90,96.07
2025-08-19 11:24:24.798,455.90,96.07
2025-08-19 11:24:25.800,455.90,100.44
2025-08-19 11:24:26.800,455.90,96.07
2025-08-19 11:24:27.801,455.90,96.07
2025-08-19 11:24:28.802,455.90,91.70
2025-08-19 11:24:29.803,455.90,96.07
2025-08-19 11:24:30.803,455.90,96.07
2025-08-19 11:24:31.804,455.90,96.07
2025-08-19 11:24:32.805,455.90,96.07
2025-08-19 11:24:33.806,455.90,91.70
2025-08-19 11:24:34.807,455.90,91.70
2025-08-19 11:24:35.808,455.90,91.70
2025-08-19 11:24:36.809,455.90,91.70
2025-08-19 11:24:37.810,455.90,96.07
2025-08-19 11:24:38.811,455.90,96.07
2025-08-19 11:24:39.812,455.90,91.70
2025-08-19 11:24:40.813,455.90,91.70
2025-08-19 11:24:41.814,455.90,91.70
2025-08-19 11:24:42.815,455.90,96.07
2025-08-19 11:24:43.816,455.90,96.07
2025-08-19 11:24:44.817,455.90,96.07
2025-08-19 11:24:45.818,455.90,96.07
2025-08-19 11:24:46.819,455.90,96.07
2025-08-19 11:24:47.820,455.90,96.07
2025-08-19 11:24:48.822,455.90,100.44
2025-08-19 11:24:49.822,455.90,96.07
2025-08-19 11:24:50.823,455.90,96.07
2025-08-19 11:24:51.824,455.90,96.07
2025-08-19 11:24:52.825,455.90,96.07
2025-08-19 11:24:53.826,455.90,96.07
2025-08-19 11:24:54.827,455.90,96.07
2025-08-19 11:24:55.828,455.90,96.07
2025-08-19 11:24:56.829,455.90,96.07
2025-08-19 11:24:57.830,455.90,96.07
2025-08-19 11:24:58.831,455.90,96.07
2025-08-19 11:24:59.832,455.90,96.07
2025-08-19 11:25:00.834,462.88,100.44
2025-08-19 11:25:01.835,462.88,100.44
2025-08-19 11:25:02.836,462.88,100.44
2025-08-19 11:25:03.837,462.88,100.44
2025-08-19 11:25:04.838,462.88,100.44
2025-08-19 11:25:05.839,462.88,100.44
2025-08-19 11:25:06.839,462.88,96.07
2025-08-19 11:25:07.840,462.88,96.07
2025-08-19 11:25:08.841,462.88,96.07
2025-08-19 11:25:09.842,462.88,96.07
2025-08-19 11:25:10.843,462.88,96.07
2025-08-19 11:25:11.844,462.88,96.07
2025-08-19 11:25:12.845,462.88,96.07
2025-08-19 11:25:13.846,462.88,96.07
2025-08-19 11:25:14.847,462.88,96.07
2025-08-19 11:25:15.848,462.88,96.07
2025-08-19 11:25:16.849,462.88,96.07
2025-08-19 11:25:17.850,462.88,96.07
2025-08-19 11:25:18.851,462.88,96.07
2025-08-19 11:25:19.853,462.88,100.44
2025-08-19 11:25:20.854,462.88,100.44
2025-08-19 11:25:21.855,462.88,100.44
2025-08-19 11:25:22.856,462.88,100.44
2025-08-19 11:25:23.857,462.88,100.44
2025-08-19 11:25:24.858,462.88,100.44
2025-08-19 11:25:25.858,462.88,100.44
2025-08-19 11:25:26.858,462.88,96.07
2025-08-19 11:25:27.859,462.88,96.07
2025-08-19 11:25:28.861,462.88,96.07
2025-08-19 11:25:29.861,462.88,96.07
2025-08-19 11:25:30.862,462.88,96.07
2025-08-19 11:25:31.863,462.88,96.07
2025-08-19 11:25:32.864,462.88,96.07
2025-08-19 11:25:33.865,462.88,96.07
2025-08-19 11:25:34.867,462.88,100.44
2025-08-19 11:25:35.868,462.88,104.80
2025-08-19 11:25:36.869,462.88,100.44
2025-08-19 11:25:37.869,462.88,100.44
2025-08-19 11:25:38.870,462.88,100.44
2025-08-19 11:25:39.871,462.88,100.44
2025-08-19 11:25:40.872,462.88,100.44
2025-08-19 11:25:41.873,462.88,100.44
2025-08-19 11:25:42.872,462.88,96.07
2025-08-19 11:25:43.873,462.88,96.07
2025-08-19 11:25:44.874,462.88,96.07
2025-08-19 11:25:45.875,462.88,96.07
2025-08-19 11:25:46.876,462.88,96.07
2025-08-19 11:25:47.878,462.88,100.44
2025-08-19 11:25:48.879,462.88,100.44
2025-08-19 11:25:49.879,462.88,96.07
2025-08-19 11:25:50.881,462.88,100.44
2025-08-19 11:25:51.882,462.88,100.44
2025-08-19 11:25:52.883,462.88,100.44
2025-08-19 11:25:53.884,462.88,100.44
2025-08-19 11:25:54.884,462.88,100.44
2025-08-19 11:25:55.884,462.88,96.07
2025-08-19 11:25:56.885,462.88,96.07
2025-08-19 11:25:57.886,462.88,96.07
2025-08-19 11:25:58.887,462.88,96.07
2025-08-19 11:25:59.888,462.88,96.07
2025-08-19 11:26:00.889,462.88,96.07
2025-08-19 11:26:01.890,462.88,96.07
2025-08-19 11:26:02.892,462.88,100.44
2025-08-19 11:26:03.893,462.88,100.44
2025-08-19 11:26:04.894,462.88,100.44
2025-08-19 11:26:05.895,462.88,100.44
2025-08-19 11:26:06.896,462.88,100.44
2025-08-19 11:26:07.897,462.88,100.44
2025-08-19 11:26:08.898,462.88,100.44
2025-08-19 11:26:09.899,462.88,100.44
2025-08-19 11:26:10.900,462.88,100.44
2025-08-19 11:26:11.901,462.88,100.44
2025-08-19 11:26:12.902,462.88,100.44
2025-08-19 11:26:13.903,462.88,100.44
2025-08-19 11:26:14.904,462.88,100.44
2025-08-19 11:26:15.904,462.88,96.07
2025-08-19 11:26:16.905,462.88,96.07
2025-08-19 11:26:17.906,462.88,96.07
2025-08-19 11:26:18.907,462.88,96.07
2025-08-19 11:26:19.908,462.88,96.07
2025-08-19 11:26:20.910,462.88,100.44
2025-08-19 11:26:21.910,462.88,96.07
2025-08-19 11:26:22.912,462.88,100.44
2025-08-19 11:26:23.912,462.88,96.07
2025-08-19 11:26:24.914,462.88,100.44
2025-08-19 11:26:25.915,469.87,100.44
2025-08-19 11:26:26.915,469.87,96.07
2025-08-19 11:26:27.916,469.87,96.07
2025-08-19 11:26:28.917,469.87,96.07
2025-08-19 11:26:29.918,469.87,96.07
2025-08-19 11:26:30.920,469.87,100.44
2025-08-19 11:26:31.921,469.87,100.44
2025-08-19 11:26:32.922,469.87,100.44
2025-08-19 11:26:33.923,469.87,100.44
2025-08-19 11:26:34.924,469.87,100.44
2025-08-19 11:26:35.925,469.87,100.44
2025-08-19 11:26:36.926,469.87,100.44
2025-08-19 11:26:37.926,469.87,96.07
2025-08-19 11:26:38.928,469.87,96.07
2025-08-19 11:26:39.929,469.87,96.07
2025-08-19 11:26:40.930,469.87,96.07
2025-08-19 11:26:41.931,469.87,96.07
2025-08-19 11:26:42.932,469.87,96.07
2025-08-19 11:26:43.933,469.87,96.07
2025-08-19 11:26:44.935,469.87,100.44
2025-08-19 11:26:45.935,469.87,96.07
2025-08-19 11:26:46.937,469.87,100.44
2025-08-19 11:26:47.939,469.87,100.44
2025-08-19 11:26:48.940,469.87,100.44
2025-08-19 11:26:49.941,469.87,100.44
2025-08-19 11:26:50.942,469.87,100.44
2025-08-19 11:26:51.942,469.87,96.07
2025-08-19 11:26:52.943,469.87,96.07
2025-08-19 11:26:53.944,469.87,96.07
2025-08-19 11:26:54.946,469.87,100.44
2025-08-19 11:26:55.947,469.87,100.44
2025-08-19 11:26:56.948,469.87,100.44
2025-08-19 11:26:57.950,469.87,100.44
2025-08-19 11:26:58.950,469.87,96.07
2025-08-19 11:26:59.952,469.87,100.44
2025-08-19 11:27:00.952,469.87,96.07
2025-08-19 11:27:01.953,469.87,96.07
2025-08-19 11:27:02.955,469.87,96.07
2025-08-19 11:27:03.956,469.87,96.07
2025-08-19 11:27:04.957,469.87,96.07
2025-08-19 11:27:05.958,469.87,91.70
2025-08-19 11:27:06.960,469.87,91.70
2025-08-19 11:27:07.961,469.87,91.70
2025-08-19 11:27:08.962,469.87,96.07
2025-08-19 11:27:09.963,469.87,96.07
2025-08-19 11:27:10.964,469.87,96.07
2025-08-19 11:27:11.965,469.87,96.07
2025-08-19 11:27:12.966,469.87,91.70
2025-08-19 11:27:13.967,469.87,96.07
2025-08-19 11:27:14.968,469.87,96.07
2025-08-19 11:27:15.969,469.87,91.70
2025-08-19 11:27:16.971,469.87,91.70
2025-08-19 11:27:17.972,469.87,91.70
2025-08-19 11:27:18.973,469.87,91.70
2025-08-19 11:27:19.975,469.87,91.70
2025-08-19 11:27:20.976,469.87,91.70
2025-08-19 11:27:21.977,469.87,96.07
2025-08-19 11:27:22.979,469.87,96.07
2025-08-19 11:27:23.980,469.87,96.07
2025-08-19 11:27:24.981,469.87,96.07
2025-08-19 11:27:25.982,469.87,91.70
2025-08-19 11:27:26.983,469.87,91.70
2025-08-19 11:27:27.985,469.87,96.07
2025-08-19 11:27:28.986,469.87,96.07
2025-08-19 11:27:29.987,469.87,96.07
2025-08-19 11:27:30.988,469.87,96.07
2025-08-19 11:27:31.989,469.87,96.07
2025-08-19 11:27:32.990,469.87,96.07
2025-08-19 11:27:33.991,469.87,96.07
2025-08-19 11:27:34.992,469.87,96.07
2025-08-19 11:27:35.993,469.87,96.07
2025-08-19 11:27:36.994,469.87,96.07
2025-08-19 11:27:37.996,469.87,96.07
2025-08-19 11:27:38.997,469.87,96.07
2025-08-19 11:27:39.998,469.87,96.07
2025-08-19 11:27:40.999,469.87,96.07
2025-08-19 11:27:42.001,469.87,96.07
2025-08-19 11:27:43.002,469.87,96.07
2025-08-19 11:27:44.004,469.87,96.07
2025-08-19 11:27:45.005,469.87,91.70
2025-08-19 11:27:46.006,469.87,91.70
2025-08-19 11:27:47.008,469.87,96.07
2025-08-19 11:27:48.009,469.87,96.07
2025-08-19 11:27:49.010,469.87,96.07
2025-08-19 11:27:50.011,469.87,96.07
2025-08-19 11:27:51.013,469.87,96.07
2025-08-19 11:27:52.014,469.87,96.07
2025-08-19 11:27:53.015,469.87,96.07
2025-08-19 11:27:54.016,469.87,96.07
2025-08-19 11:27:55.017,469.87,96.07
2025-08-19 11:27:56.018,469.87,96.07
2025-08-19 11:27:57.019,469.87,96.07
2025-08-19 11:27:58.020,469.87,96.07
2025-08-19 11:27:59.022,469.87,96.07
2025-08-19 11:28:00.023,469.87,96.07
2025-08-19 11:28:01.024,469.87,96.07
2025-08-19 11:28:02.025,469.87,96.07
2025-08-19 11:28:03.026,469.87,96.07
2025-08-19 11:28:04.027,469.87,96.07
2025-08-19 11:28:05.028,469.87,96.07
2025-08-19 11:28:06.029,469.87,96.07
2025-08-19 11:28:07.030,469.87,96.07
2025-08-19 11:28:08.031,469.87,96.07
2025-08-19 11:28:09.032,469.87,96.07
2025-08-19 11:28:10.033,469.87,96.07
2025-08-19 11:28:11.034,469.87,96.07
2025-08-19 11:28:12.035,469.87,96.07
2025-08-19 11:28:13.036,469.87,96.07
2025-08-19 11:28:14.038,469.87,100.44
2025-08-19 11:28:15.038,469.87,96.07
2025-08-19 11:28:16.039,469.87,96.07
2025-08-19 11:28:17.041,469.87,96.07
2025-08-19 11:28:18.042,469.87,96.07
2025-08-19 11:28:19.043,469.87,96.07
2025-08-19 11:28:20.044,469.87,96.07
2025-08-19 11:28:21.045,469.87,96.07
2025-08-19 11:28:22.045,469.87,96.07
2025-08-19 11:28:23.046,469.87,96.07
2025-08-19 11:28:24.047,469.87,96.07
2025-08-19 11:28:25.048,469.87,96.07
2025-08-19 11:28:26.049,469.87,96.07
2025-08-19 11:28:27.050,469.87,96.07
2025-08-19 11:28:28.051,469.87,96.07
2025-08-19 11:28:29.052,469.87,91.70
2025-08-19 11:28:30.053,469.87,91.70
2025-08-19 11:28:31.054,469.87,91.70
2025-08-19 11:28:32.056,469.87,91.70
2025-08-19 11:28:33.057,469.87,91.70
2025-08-19 11:28:34.058,469.87,91.70
2025-08-19 11:28:35.059,469.87,91.70
2025-08-19 11:28:36.060,469.87,91.70
2025-08-19 11:28:37.061,476.86,91.70
2025-08-19 11:28:38.061,476.86,91.70
2025-08-19 11:28:39.062,476.86,91.70
2025-08-19 11:28:40.063,476.86,91.70
2025-08-19 11:28:41.064,476.86,91.70
2025-08-19 11:28:42.065,476.86,91.70
2025-08-19 11:28:43.066,476.86,91.70
2025-08-19 11:28:44.067,476.86,91.70
2025-08-19 11:28:45.067,476.86,91.70
2025-08-19 11:28:46.068,476.86,91.70
2025-08-19 11:28:47.069,476.86,91.70
2025-08-19 11:28:48.070,476.86,91.70
2025-08-19 11:28:49.071,476.86,91.70
2025-08-19 11:28:50.072,476.86,91.70
2025-08-19 11:28:51.073,476.86,91.70
2025-08-19 11:28:52.074,476.86,91.70
2025-08-19 11:28:53.075,476.86,91.70
2025-08-19 11:28:54.076,476.86,91.70
2025-08-19 11:28:55.078,476.86,91.70
2025-08-19 11:28:56.079,476.86,91.70
2025-08-19 11:28:57.079,476.86,91.70
2025-08-19 11:28:58.080,476.86,91.70
2025-08-19 11:28:59.081,476.86,91.70
2025-08-19 11:29:00.082,476.86,96.07
2025-08-19 11:29:01.084,476.86,96.07
2025-08-19 11:29:02.085,476.86,96.07
2025-08-19 11:29:03.086,476.86,96.07
2025-08-19 11:29:04.088,476.86,96.07
2025-08-19 11:29:05.089,476.86,96.07
2025-08-19 11:29:06.090,476.86,96.07
2025-08-19 11:29:07.091,476.86,96.07
2025-08-19 11:29:08.092,476.86,91.70
2025-08-19 11:29:09.093,476.86,91.70
2025-08-19 11:29:10.094,476.86,96.07
2025-08-19 11:29:11.095,476.86,96.07
2025-08-19 11:29:12.096,476.86,91.70
2025-08-19 11:29:13.097,476.86,96.07
2025-08-19 11:29:14.097,476.86,96.07
2025-08-19 11:29:15.098,476.86,96.07
2025-08-19 11:29:16.099,476.86,96.07
2025-08-19 11:29:17.100,476.86,91.70
2025-08-19 11:29:18.101,476.86,91.70
2025-08-19 11:29:19.103,476.86,96.07
2025-08-19 11:29:20.104,476.86,96.07
2025-08-19 11:29:21.105,476.86,96.07
2025-08-19 11:29:22.106,476.86,96.07
2025-08-19 11:29:23.108,476.86,91.70
2025-08-19 11:29:24.109,476.86,96.07
2025-08-19 11:29:25.110,476.86,96.07
2025-08-19 11:29:26.111,476.86,96.07
2025-08-19 11:29:27.112,476.86,96.07
2025-08-19 11:29:28.113,476.86,96.07
2025-08-19 11:29:29.114,476.86,96.07
2025-08-19 11:29:30.115,476.86,96.07
2025-08-19 11:29:31.116,476.86,91.70
2025-08-19 11:29:32.117,476.86,91.70
2025-08-19 11:29:33.118,476.86,96.07
2025-08-19 11:29:34.119,476.86,96.07
2025-08-19 11:29:35.120,476.86,96.07
2025-08-19 11:29:36.121,476.86,91.70
2025-08-19 11:29:37.122,476.86,91.70
2025-08-19 11:29:38.123,476.86,96.07
2025-08-19 11:29:39.124,476.86,91.70
2025-08-19 11:29:40.125,476.86,91.70
2025-08-19 11:29:41.126,476.86,91.70
2025-08-19 11:29:42.127,476.86,91.70
2025-08-19 11:29:43.128,476.86,96.07
2025-08-19 11:29:44.128,476.86,91.70
2025-08-19 11:29:45.129,476.86,96.07
2025-08-19 11:29:46.130,476.86,91.70
2025-08-19 11:29:47.131,476.86,96.07
2025-08-19 11:29:48.132,476.86,91.70
2025-08-19 11:29:49.133,476.86,96.07
2025-08-19 11:29:50.134,476.86,96.07
2025-08-19 11:29:51.135,476.86,96.07
2025-08-19 11:29:52.136,476.86,91.70
2025-08-19 11:29:53.137,476.86,96.07
2025-08-19 11:29:54.138,476.86,96.07
2025-08-19 11:29:55.139,476.86,96.07
2025-08-19 11:29:56.140,476.86,96.07
2025-08-19 11:29:57.141,476.86,96.07
2025-08-19 11:29:58.142,476.86,96.07
2025-08-19 11:29:59.143,476.86,96.07
2025-08-19 11:30:00.144,476.86,96.07
2025-08-19 11:30:01.146,476.86,100.44
2025-08-19 11:30:02.147,476.86,100.44
2025-08-19 11:30:03.148,476.86,100.44
2025-08-19 11:30:04.149,476.86,100.44
2025-08-19 11:30:05.150,476.86,100.44
2025-08-19 11:30:06.150,476.86,96.07
2025-08-19 11:30:07.151,476.86,91.70
2025-08-19 11:30:08.152,476.86,96.07
2025-08-19 11:30:09.153,476.86,96.07
2025-08-19 11:30:10.154,476.86,96.07
2025-08-19 11:30:11.155,476.86,96.07
2025-08-19 11:30:12.157,476.86,100.44
2025-08-19 11:30:13.158,476.86,100.44
2025-08-19 11:30:14.158,476.86,96.07
2025-08-19 11:30:15.160,476.86,100.44
2025-08-19 11:30:16.161,476.86,100.44
2025-08-19 11:30:17.162,476.86,100.44
2025-08-19 11:30:18.163,476.86,100.44
2025-08-19 11:30:19.164,476.86,100.44
2025-08-19 11:30:20.165,476.86,100.44
2025-08-19 11:30:21.166,476.86,104.80
2025-08-19 11:30:22.167,476.86,109.17
2025-08-19 11:30:23.168,476.86,109.17
2025-08-19 11:30:24.169,476.86,104.80
2025-08-19 11:30:25.170,476.86,104.80
2025-08-19 11:30:26.172,476.86,104.80
2025-08-19 11:30:27.173,476.86,100.44
2025-08-19 11:30:28.174,476.86,100.44
2025-08-19 11:30:29.175,476.86,100.44
2025-08-19 11:30:30.176,476.86,100.44
2025-08-19 11:30:31.177,476.86,100.44
2025-08-19 11:30:32.178,476.86,100.44
2025-08-19 11:30:33.179,476.86,100.44
2025-08-19 11:30:34.180,476.86,100.44
2025-08-19 11:30:35.181,476.86,100.44
2025-08-19 11:30:36.182,476.86,100.44
2025-08-19 11:30:37.182,476.86,96.07
2025-08-19 11:30:38.184,476.86,104.80
2025-08-19 11:30:39.185,476.86,104.80
2025-08-19 11:30:40.186,476.86,104.80
2025-08-19 11:30:41.187,476.86,104.80
2025-08-19 11:30:42.187,476.86,96.07
2025-08-19 11:30:43.189,476.86,100.44
2025-08-19 11:30:44.190,476.86,100.44
2025-08-19 11:30:45.190,476.86,96.07
2025-08-19 11:30:46.191,476.86,96.07
2025-08-19 11:30:47.191,476.86,96.07
2025-08-19 11:30:48.192,476.86,96.07
2025-08-19 11:30:49.194,476.86,96.07
2025-08-19 11:30:50.195,476.86,96.07
2025-08-19 11:30:51.195,476.86,96.07
2025-08-19 11:30:52.197,476.86,96.07
2025-08-19 11:30:53.198,476.86,96.07
2025-08-19 11:30:54.199,476.86,96.07
2025-08-19 11:30:55.200,476.86,96.07
2025-08-19 11:30:56.200,476.86,96.07
2025-08-19 11:30:57.201,476.86,96.07
2025-08-19 11:30:58.202,476.86,96.07
2025-08-19 11:30:59.204,483.84,100.44
2025-08-19 11:31:00.204,483.84,96.07
2025-08-19 11:31:01.205,483.84,96.07
2025-08-19 11:31:02.206,483.84,96.07
2025-08-19 11:31:03.207,483.84,96.07
2025-08-19 11:31:04.208,483.84,96.07
2025-08-19 11:31:05.209,483.84,96.07
2025-08-19 11:31:06.210,483.84,96.07
2025-08-19 11:31:07.211,483.84,96.07
2025-08-19 11:31:08.212,483.84,96.07
2025-08-19 11:31:09.212,483.84,96.07
2025-08-19 11:31:10.213,483.84,96.07
2025-08-19 11:31:11.214,483.84,96.07
2025-08-19 11:31:12.217,483.84,100.44
2025-08-19 11:31:13.217,483.84,100.44
2025-08-19 11:31:14.218,483.84,104.80
2025-08-19 11:31:15.220,483.84,104.80
2025-08-19 11:31:16.221,483.84,104.80
2025-08-19 11:31:17.222,483.84,104.80
2025-08-19 11:31:18.223,483.84,100.44
2025-08-19 11:31:19.223,483.84,96.07
2025-08-19 11:31:20.224,483.84,96.07
2025-08-19 11:31:21.225,483.84,96.07
2025-08-19 11:31:22.226,483.84,96.07
2025-08-19 11:31:23.227,483.84,96.07
2025-08-19 11:31:24.228,483.84,96.07
2025-08-19 11:31:25.229,483.84,96.07
2025-08-19 11:31:26.231,483.84,100.44
2025-08-19 11:31:27.232,483.84,100.44
2025-08-19 11:31:28.233,483.84,100.44
2025-08-19 11:31:29.234,483.84,100.44
2025-08-19 11:31:30.234,483.84,96.07
2025-08-19 11:31:31.235,483.84,96.07
2025-08-19 11:31:32.238,483.84,104.80
2025-08-19 11:31:33.239,483.84,100.44
2025-08-19 11:31:34.240,483.84,100.44
2025-08-19 11:31:35.241,483.84,96.07
2025-08-19 11:31:36.242,483.84,96.07
2025-08-19 11:31:37.243,483.84,96.07
2025-08-19 11:31:38.246,483.84,100.44
2025-08-19 11:31:39.246,483.84,96.07
2025-08-19 11:31:40.248,483.84,96.07
2025-08-19 11:31:41.249,483.84,96.07
2025-08-19 11:31:42.250,483.84,96.07
2025-08-19 11:31:43.251,483.84,96.07
2025-08-19 11:31:44.252,483.84,96.07
2025-08-19 11:31:45.253,483.84,96.07
2025-08-19 11:31:46.254,483.84,96.07
2025-08-19 11:31:47.255,483.84,96.07
2025-08-19 11:31:48.257,483.84,96.07
2025-08-19 11:31:49.259,483.84,100.44
2025-08-19 11:31:50.260,483.84,100.44
2025-08-19 11:31:51.261,483.84,100.44
2025-08-19 11:31:52.262,483.84,100.44
2025-08-19 11:31:53.262,483.84,96.07
2025-08-19 11:31:54.263,483.84,96.07
2025-08-19 11:31:55.264,483.84,96.07
2025-08-19 11:31:56.265,483.84,96.07
2025-08-19 11:31:57.266,483.84,96.07
2025-08-19 11:31:58.267,483.84,96.07
2025-08-19 11:31:59.268,483.84,96.07
2025-08-19 11:32:00.269,483.84,96.07
2025-08-19 11:32:01.270,483.84,96.07
2025-08-19 11:32:02.272,483.84,96.07
2025-08-19 11:32:03.273,483.84,96.07
2025-08-19 11:32:04.275,483.84,100.44
2025-08-19 11:32:05.277,483.84,100.44
2025-08-19 11:32:06.278,483.84,100.44
2025-08-19 11:32:07.279,483.84,100.44
2025-08-19 11:32:08.280,483.84,100.44
2025-08-19 11:32:09.281,483.84,100.44
2025-08-19 11:32:10.282,483.84,100.44
2025-08-19 11:32:11.282,483.84,96.07
2025-08-19 11:32:12.283,483.84,96.07
2025-08-19 11:32:13.284,483.84,96.07
2025-08-19 11:32:14.285,483.84,96.07
2025-08-19 11:32:15.285,483.84,96.07
2025-08-19 11:32:16.286,483.84,96.07
2025-08-19 11:32:17.288,483.84,96.07
2025-08-19 11:32:18.289,483.84,96.07
2025-08-19 11:32:19.290,483.84,96.07
2025-08-19 11:32:20.292,483.84,100.44
2025-08-19 11:32:21.293,483.84,109.17
2025-08-19 11:32:22.294,483.84,113.54
2025-08-19 11:32:23.295,483.84,109.17
2025-08-19 11:32:24.296,483.84,109.17
2025-08-19 11:32:25.297,483.84,100.44
2025-08-19 11:32:26.298,483.84,100.44
2025-08-19 11:32:27.299,483.84,100.44
2025-08-19 11:32:28.300,483.84,100.44
2025-08-19 11:32:29.301,483.84,100.44
2025-08-19 11:32:30.302,483.84,100.44
2025-08-19 11:32:31.303,483.84,100.44
2025-08-19 11:32:32.303,483.84,96.07
2025-08-19 11:32:33.304,483.84,96.07
2025-08-19 11:32:34.305,483.84,96.07
2025-08-19 11:32:35.306,483.84,96.07
2025-08-19 11:32:36.308,483.84,96.07
2025-08-19 11:32:37.309,483.84,96.07
2025-08-19 11:32:38.310,483.84,96.07
2025-08-19 11:32:39.311,483.84,96.07
2025-08-19 11:32:40.312,483.84,96.07
2025-08-19 11:32:41.313,483.84,96.07
2025-08-19 11:32:42.315,483.84,91.70
2025-08-19 11:32:43.316,483.84,96.07
2025-08-19 11:32:44.317,483.84,96.07
2025-08-19 11:32:45.318,483.84,96.07
2025-08-19 11:32:46.320,483.84,96.07
2025-08-19 11:32:47.321,483.84,96.07
2025-08-19 11:32:48.322,483.84,96.07
2025-08-19 11:32:49.323,483.84,96.07
2025-08-19 11:32:50.325,483.84,96.07
2025-08-19 11:32:51.326,483.84,96.07
2025-08-19 11:32:52.327,483.84,91.70
2025-08-19 11:32:53.328,483.84,91.70
2025-08-19 11:32:54.329,483.84,96.07
2025-08-19 11:32:55.331,483.84,96.07
2025-08-19 11:32:56.332,483.84,96.07
2025-08-19 11:32:57.333,483.84,96.07
2025-08-19 11:32:58.334,483.84,96.07
2025-08-19 11:32:59.335,483.84,96.07
2025-08-19 11:33:00.336,483.84,96.07
2025-08-19 11:33:01.337,483.84,96.07
2025-08-19 11:33:02.338,483.84,96.07
2025-08-19 11:33:03.339,483.84,96.07
2025-08-19 11:33:04.340,483.84,96.07
2025-08-19 11:33:05.342,483.84,96.07
2025-08-19 11:33:06.343,483.84,96.07
2025-08-19 11:33:07.344,483.84,96.07
2025-08-19 11:33:08.345,483.84,96.07
2025-08-19 11:33:09.346,490.83,96.07
2025-08-19 11:33:10.348,490.83,96.07
2025-08-19 11:33:11.349,490.83,96.07
2025-08-19 11:33:12.350,490.83,96.07
2025-08-19 11:33:13.351,490.83,96.07
2025-08-19 11:33:14.352,490.83,96.07
2025-08-19 11:33:15.353,490.83,96.07
2025-08-19 11:33:16.354,490.83,96.07
2025-08-19 11:33:17.355,490.83,96.07
2025-08-19 11:33:18.356,490.83,96.07
2025-08-19 11:33:19.357,490.83,96.07
2025-08-19 11:33:20.359,490.83,109.17
2025-08-19 11:33:21.360,490.83,113.54
2025-08-19 11:33:22.361,490.83,109.17
2025-08-19 11:33:23.362,490.83,109.17
2025-08-19 11:33:24.363,490.83,109.17
2025-08-19 11:33:25.364,490.83,104.80
2025-08-19 11:33:26.365,490.83,100.44
2025-08-19 11:33:27.365,490.83,100.44
2025-08-19 11:33:28.367,490.83,100.44
2025-08-19 11:33:29.368,490.83,100.44
2025-08-19 11:33:30.369,490.83,100.44
2025-08-19 11:33:31.370,490.83,100.44
2025-08-19 11:33:32.371,490.83,109.17
2025-08-19 11:33:33.372,490.83,109.17
2025-08-19 11:33:34.373,490.83,104.80
2025-08-19 11:33:35.374,490.83,104.80
2025-08-19 11:33:36.375,490.83,104.80
2025-08-19 11:33:37.376,490.83,104.80
2025-08-19 11:33:38.376,490.83,96.07
2025-08-19 11:33:39.377,490.83,96.07
2025-08-19 11:33:40.378,490.83,96.07
2025-08-19 11:33:41.379,490.83,96.07
2025-08-19 11:33:42.380,490.83,96.07
2025-08-19 11:33:43.382,490.83,96.07
2025-08-19 11:33:44.384,490.83,109.17
2025-08-19 11:33:45.385,490.83,109.17
2025-08-19 11:33:46.386,490.83,104.80
2025-08-19 11:33:47.387,490.83,100.44
2025-08-19 11:33:48.388,490.83,100.44
2025-08-19 11:33:49.388,490.83,96.07
2025-08-19 11:33:50.389,490.83,96.07
2025-08-19 11:33:51.390,490.83,96.07
2025-08-19 11:33:52.391,490.83,96.07
2025-08-19 11:33:53.392,490.83,96.07
2025-08-19 11:33:54.393,490.83,96.07
2025-08-19 11:33:55.394,490.83,96.07
2025-08-19 11:33:56.395,490.83,96.07
2025-08-19 11:33:57.396,490.83,96.07
2025-08-19 11:33:58.398,490.83,96.07
2025-08-19 11:33:59.398,490.83,96.07
2025-08-19 11:34:00.399,490.83,96.07
2025-08-19 11:34:01.401,490.83,96.07
2025-08-19 11:34:02.402,490.83,96.07
2025-08-19 11:34:03.403,490.83,96.07
2025-08-19 11:34:04.403,490.83,96.07
2025-08-19 11:34:05.404,490.83,96.07
2025-08-19 11:34:06.406,490.83,100.44
2025-08-19 11:34:07.406,490.83,96.07
2025-08-19 11:34:08.407,490.83,96.07
2025-08-19 11:34:09.409,490.83,100.44
2025-08-19 11:34:10.409,490.83,100.44
2025-08-19 11:34:11.410,490.83,100.44
2025-08-19 11:34:12.411,490.83,100.44
2025-08-19 11:34:13.411,490.83,96.07
2025-08-19 11:34:14.413,490.83,96.07
2025-08-19 11:34:15.414,490.83,96.07
2025-08-19 11:34:16.415,490.83,96.07
2025-08-19 11:34:17.416,490.83,96.07
2025-08-19 11:34:18.417,490.83,96.07
2025-08-19 11:34:19.418,490.83,96.07
2025-08-19 11:34:20.419,490.83,96.07
2025-08-19 11:34:21.420,490.83,96.07
2025-08-19 11:34:22.421,490.83,96.07
2025-08-19 11:34:23.422,490.83,96.07
2025-08-19 11:34:24.423,490.83,96.07
2025-08-19 11:34:25.424,490.83,96.07
2025-08-19 11:34:26.425,490.83,96.07
2025-08-19 11:34:27.426,490.83,96.07
2025-08-19 11:34:28.428,490.83,96.07
2025-08-19 11:34:29.429,490.83,96.07
2025-08-19 11:34:30.430,490.83,96.07
2025-08-19 11:34:31.431,490.83,96.07
2025-08-19 11:34:32.432,490.83,96.07
2025-08-19 11:34:33.435,490.83,113.54
2025-08-19 11:34:34.436,490.83,109.17
2025-08-19 11:34:35.437,490.83,104.80
2025-08-19 11:34:36.438,490.83,104.80
2025-08-19 11:34:37.438,490.83,96.07
2025-08-19 11:34:38.439,490.83,96.07
2025-08-19 11:34:39.440,490.83,91.70
2025-08-19 11:34:40.441,490.83,91.70
2025-08-19 11:34:41.442,490.83,91.70
2025-08-19 11:34:42.443,490.83,91.70
2025-08-19 11:34:43.444,490.83,91.70
2025-08-19 11:34:44.445,490.83,91.70
2025-08-19 11:34:45.446,490.83,91.70
2025-08-19 11:34:46.448,490.83,91.70
2025-08-19 11:34:47.449,490.83,91.70
2025-08-19 11:34:48.450,490.83,91.70
2025-08-19 11:34:49.451,490.83,91.70
2025-08-19 11:34:50.452,490.83,91.70
2025-08-19 11:34:51.453,490.83,91.70
2025-08-19 11:34:52.454,490.83,96.07
2025-08-19 11:34:53.455,490.83,91.70
2025-08-19 11:34:54.456,490.83,96.07
2025-08-19 11:34:55.457,490.83,96.07
2025-08-19 11:34:56.458,490.83,96.07
2025-08-19 11:34:57.458,490.83,91.70
2025-08-19 11:34:58.459,490.83,91.70
2025-08-19 11:34:59.460,490.83,91.70
2025-08-19 11:35:00.461,490.83,91.70
2025-08-19 11:35:01.462,490.83,91.70
2025-08-19 11:35:02.463,490.83,91.70
2025-08-19 11:35:03.464,490.83,91.70
2025-08-19 11:35:04.465,490.83,91.70
2025-08-19 11:35:05.466,490.83,91.70
2025-08-19 11:35:06.467,490.83,91.70
2025-08-19 11:35:07.468,490.83,91.70
2025-08-19 11:35:08.469,490.83,91.70
2025-08-19 11:35:09.470,490.83,91.70
2025-08-19 11:35:10.471,490.83,96.07
2025-08-19 11:35:11.472,490.83,91.70
2025-08-19 11:35:12.473,490.83,91.70
2025-08-19 11:35:13.474,490.83,96.07
2025-08-19 11:35:14.475,490.83,96.07
2025-08-19 11:35:15.477,490.83,100.44
2025-08-19 11:35:16.477,490.83,96.07
2025-08-19 11:35:17.478,490.83,96.07
2025-08-19 11:35:18.479,490.83,96.07
2025-08-19 11:35:19.480,490.83,96.07
2025-08-19 11:35:20.481,490.83,96.07
2025-08-19 11:35:21.482,490.83,96.07
2025-08-19 11:35:22.483,490.83,96.07
2025-08-19 11:35:23.484,490.83,91.70
2025-08-19 11:35:24.485,490.83,91.70
2025-08-19 11:35:25.486,490.83,91.70
2025-08-19 11:35:26.487,490.83,96.07
2025-08-19 11:35:27.488,490.83,96.07
2025-08-19 11:35:28.489,490.83,96.07
2025-08-19 11:35:29.489,490.83,96.07
2025-08-19 11:35:30.491,490.83,96.07
2025-08-19 11:35:31.492,490.83,96.07
2025-08-19 11:35:32.493,490.83,96.07
2025-08-19 11:35:33.494,490.83,96.07
2025-08-19 11:35:34.495,490.83,96.07
2025-08-19 11:35:35.496,490.83,96.07
2025-08-19 11:35:36.497,490.83,96.07
2025-08-19 11:35:37.498,490.83,96.07
2025-08-19 11:35:38.499,490.83,96.07
2025-08-19 11:35:39.500,490.83,91.70
2025-08-19 11:35:40.501,490.83,91.70
2025-08-19 11:35:41.502,490.83,91.70
2025-08-19 11:35:42.503,490.83,91.70
2025-08-19 11:35:43.504,490.83,91.70
2025-08-19 11:35:44.505,490.83,91.70
2025-08-19 11:35:45.506,490.83,91.70
2025-08-19 11:35:46.507,490.83,91.70
2025-08-19 11:35:47.507,490.83,91.70
2025-08-19 11:35:48.508,490.83,91.70
2025-08-19 11:35:49.509,490.83,91.70
2025-08-19 11:35:50.510,490.83,91.70
2025-08-19 11:35:51.510,490.83,91.70
2025-08-19 11:35:52.511,490.83,91.70
2025-08-19 11:35:53.511,490.83,91.70
2025-08-19 11:35:54.512,490.83,91.70
2025-08-19 11:35:55.513,490.83,91.70
2025-08-19 11:35:56.514,490.83,91.70
2025-08-19 11:35:57.514,490.83,91.70
2025-08-19 11:35:58.515,490.83,91.70
2025-08-19 11:35:59.516,490.83,91.70
2025-08-19 11:36:00.517,490.83,91.70
2025-08-19 11:36:01.518,490.83,91.70
2025-08-19 11:36:02.520,490.83,91.70
2025-08-19 11:36:03.521,490.83,91.70
2025-08-19 11:36:04.522,490.83,91.70
2025-08-19 11:36:05.523,490.83,91.70
2025-08-19 11:36:06.524,490.83,91.70
2025-08-19 11:36:07.525,490.83,91.70
2025-08-19 11:36:08.526,490.83,91.70
2025-08-19 11:36:09.527,490.83,91.70
2025-08-19 11:36:10.528,490.83,91.70
2025-08-19 11:36:11.529,490.83,91.70
2025-08-19 11:36:12.530,490.83,91.70
2025-08-19 11:36:13.531,490.83,91.70
2025-08-19 11:36:14.532,490.83,91.70
2025-08-19 11:36:15.533,490.83,91.70
2025-08-19 11:36:16.534,490.83,91.70
2025-08-19 11:36:17.535,490.83,96.07
2025-08-19 11:36:18.536,490.83,96.07
2025-08-19 11:36:19.537,490.83,96.07
2025-08-19 11:36:20.538,490.83,96.07
2025-08-19 11:36:21.540,490.83,96.07
2025-08-19 11:36:22.541,490.83,96.07
2025-08-19 11:36:23.542,490.83,96.07
2025-08-19 11:36:24.543,490.83,96.07
2025-08-19 11:36:25.545,490.83,96.07
2025-08-19 11:36:26.546,490.83,96.07
2025-08-19 11:36:27.547,490.83,96.07
2025-08-19 11:36:28.548,490.83,96.07
2025-08-19 11:36:29.549,490.83,96.07
2025-08-19 11:36:30.550,490.83,96.07
2025-08-19 11:36:31.551,490.83,96.07
2025-08-19 11:36:32.552,490.83,96.07
2025-08-19 11:36:33.553,490.83,96.07
2025-08-19 11:36:34.554,490.83,96.07
2025-08-19 11:36:35.554,490.83,96.07
2025-08-19 11:36:36.555,490.83,91.70
2025-08-19 11:36:37.556,490.83,96.07
2025-08-19 11:36:38.557,490.83,96.07
2025-08-19 11:36:39.558,490.83,96.07
2025-08-19 11:36:40.558,490.83,96.07
2025-08-19 11:36:41.559,490.83,96.07
2025-08-19 11:36:42.560,490.83,96.07
2025-08-19 11:36:43.561,490.83,91.70
2025-08-19 11:36:44.561,490.83,91.70
2025-08-19 11:36:45.562,490.83,96.07
2025-08-19 11:36:46.562,490.83,96.07
2025-08-19 11:36:47.563,490.83,96.07
2025-08-19 11:36:48.564,490.83,96.07
2025-08-19 11:36:49.565,490.83,96.07
2025-08-19 11:36:50.565,490.83,96.07
2025-08-19 11:36:51.566,490.83,96.07
2025-08-19 11:36:52.567,490.83,96.07
2025-08-19 11:36:53.568,490.83,91.70
2025-08-19 11:36:54.569,490.83,91.70
2025-08-19 11:36:55.569,490.83,91.70
2025-08-19 11:36:56.570,490.83,91.70
2025-08-19 11:36:57.571,490.83,91.70
2025-08-19 11:36:58.572,490.83,96.07
2025-08-19 11:36:59.573,490.83,91.70
2025-08-19 11:37:00.574,490.83,91.70
2025-08-19 11:37:01.575,490.83,91.70
2025-08-19 11:37:02.576,490.83,96.07
2025-08-19 11:37:03.577,490.83,96.07
2025-08-19 11:37:04.577,490.83,96.07
2025-08-19 11:37:05.578,490.83,96.07
2025-08-19 11:37:06.579,490.83,91.70
2025-08-19 11:37:07.580,490.83,91.70
2025-08-19 11:37:08.581,490.83,91.70
2025-08-19 11:37:09.582,490.83,91.70
2025-08-19 11:37:10.583,490.83,91.70
2025-08-19 11:37:11.584,490.83,91.70
2025-08-19 11:37:12.585,490.83,91.70
2025-08-19 11:37:13.586,490.83,91.70
2025-08-19 11:37:14.587,490.83,91.70
2025-08-19 11:37:15.588,490.83,91.70
2025-08-19 11:37:16.589,490.83,91.70
2025-08-19 11:37:17.590,490.83,91.70
2025-08-19 11:37:18.591,490.83,91.70
2025-08-19 11:37:19.592,490.83,91.70
2025-08-19 11:37:20.593,490.83,96.07
2025-08-19 11:37:21.594,490.83,96.07
2025-08-19 11:37:22.595,490.83,96.07
2025-08-19 11:37:23.595,490.83,91.70
2025-08-19 11:37:24.596,490.83,91.70
2025-08-19 11:37:25.597,490.83,91.70
2025-08-19 11:37:26.598,490.83,91.70
2025-08-19 11:37:27.599,490.83,91.70
2025-08-19 11:37:28.600,490.83,96.07
2025-08-19 11:37:29.600,490.83,96.07
2025-08-19 11:37:30.601,490.83,96.07
2025-08-19 11:37:31.602,490.83,96.07
2025-08-19 11:37:32.603,490.83,91.70
2025-08-19 11:37:33.604,490.83,91.70
2025-08-19 11:37:34.605,490.83,91.70
2025-08-19 11:37:35.606,490.83,91.70
2025-08-19 11:37:36.607,490.83,91.70
2025-08-19 11:37:37.608,490.83,96.07
2025-08-19 11:37:38.609,490.83,96.07
2025-08-19 11:37:39.610,490.83,96.07
2025-08-19 11:37:40.611,490.83,91.70
2025-08-19 11:37:41.613,490.83,96.07
2025-08-19 11:37:42.614,490.83,96.07
2025-08-19 11:37:43.615,490.83,96.07
2025-08-19 11:37:44.616,490.83,96.07
2025-08-19 11:37:45.618,490.83,96.07
2025-08-19 11:37:46.619,490.83,96.07
2025-08-19 11:37:47.620,490.83,96.07
2025-08-19 11:37:48.622,490.83,96.07
2025-08-19 11:37:49.623,490.83,96.07
2025-08-19 11:37:50.624,490.83,96.07
2025-08-19 11:37:51.625,490.83,96.07
2025-08-19 11:37:52.626,490.83,96.07
2025-08-19 11:37:53.627,490.83,96.07
2025-08-19 11:37:54.627,490.83,96.07
2025-08-19 11:37:55.628,490.83,96.07
2025-08-19 11:37:56.629,490.83,91.70
2025-08-19 11:37:57.630,490.83,96.07
2025-08-19 11:37:58.631,490.83,96.07
2025-08-19 11:37:59.631,490.83,96.07
2025-08-19 11:38:00.632,490.83,96.07
2025-08-19 11:38:01.633,490.83,91.70
2025-08-19 11:38:02.635,490.83,91.70
2025-08-19 11:38:03.636,490.83,91.70
2025-08-19 11:38:04.637,490.83,91.70
2025-08-19 11:38:05.638,490.83,91.70
2025-08-19 11:38:06.639,490.83,91.70
2025-08-19 11:38:07.640,490.83,96.07
2025-08-19 11:38:08.641,490.83,96.07
2025-08-19 11:38:09.642,490.83,96.07
2025-08-19 11:38:10.643,490.83,96.07
2025-08-19 11:38:11.645,490.83,96.07
2025-08-19 11:38:12.646,490.83,96.07
2025-08-19 11:38:13.646,490.83,96.07
2025-08-19 11:38:14.647,490.83,96.07
2025-08-19 11:38:15.648,490.83,96.07
2025-08-19 11:38:16.650,490.83,100.44
2025-08-19 11:38:17.651,490.83,100.44
2025-08-19 11:38:18.652,490.83,100.44
2025-08-19 11:38:19.652,490.83,96.07
2025-08-19 11:38:20.653,490.83,96.07
2025-08-19 11:38:21.654,497.82,96.07
2025-08-19 11:38:22.655,497.82,96.07
2025-08-19 11:38:23.656,497.82,96.07
2025-08-19 11:38:24.657,497.82,96.07
2025-08-19 11:38:25.658,497.82,96.07
2025-08-19 11:38:26.659,497.82,96.07
2025-08-19 11:38:27.660,497.82,96.07
2025-08-19 11:38:28.661,497.82,96.07
2025-08-19 11:38:29.662,497.82,96.07
2025-08-19 11:38:30.663,497.82,96.07
2025-08-19 11:38:31.664,497.82,96.07
2025-08-19 11:38:32.665,497.82,96.07
2025-08-19 11:38:33.666,497.82,96.07
2025-08-19 11:38:34.667,497.82,96.07
2025-08-19 11:38:35.668,497.82,96.07
2025-08-19 11:38:36.669,497.82,96.07
2025-08-19 11:38:37.671,497.82,100.44
2025-08-19 11:38:38.672,497.82,100.44
2025-08-19 11:38:39.672,497.82,96.07
2025-08-19 11:38:40.674,497.82,100.44
2025-08-19 11:38:41.675,497.82,96.07
2025-08-19 11:38:42.677,497.82,100.44
2025-08-19 11:38:43.678,497.82,100.44
2025-08-19 11:38:44.679,497.82,100.44
2025-08-19 11:38:45.680,497.82,100.44
2025-08-19 11:38:46.681,497.82,100.44
2025-08-19 11:38:47.682,497.82,100.44
2025-08-19 11:38:48.683,497.82,100.44
2025-08-19 11:38:49.684,497.82,100.44
2025-08-19 11:38:50.686,497.82,100.44
2025-08-19 11:38:51.687,497.82,100.44
2025-08-19 11:38:52.688,497.82,100.44
2025-08-19 11:38:53.689,497.82,100.44
2025-08-19 11:38:54.690,497.82,100.44
2025-08-19 11:38:55.691,497.82,100.44
2025-08-19 11:38:56.691,497.82,100.44
2025-08-19 11:38:57.692,497.82,113.54
2025-08-19 11:38:58.693,497.82,113.54
2025-08-19 11:38:59.694,497.82,109.17
2025-08-19 11:39:00.696,497.82,104.80
2025-08-19 11:39:01.696,497.82,100.44
2025-08-19 11:39:02.698,497.82,100.44
2025-08-19 11:39:03.699,497.82,100.44
2025-08-19 11:39:04.701,497.82,100.44
2025-08-19 11:39:05.702,497.82,100.44
2025-08-19 11:39:06.703,497.82,100.44
2025-08-19 11:39:07.704,497.82,100.44
2025-08-19 11:39:08.706,497.82,100.44
2025-08-19 11:39:09.707,497.82,100.44
2025-08-19 11:39:10.708,497.82,100.44
2025-08-19 11:39:11.709,497.82,100.44
2025-08-19 11:39:12.710,497.82,100.44
2025-08-19 11:39:13.711,497.82,100.44
2025-08-19 11:39:14.713,497.82,100.44
2025-08-19 11:39:15.714,497.82,100.44
2025-08-19 11:39:16.715,497.82,100.44
2025-08-19 11:39:17.716,497.82,100.44
2025-08-19 11:39:18.718,497.82,100.44
2025-08-19 11:39:19.718,497.82,96.07
2025-08-19 11:39:20.719,497.82,96.07
2025-08-19 11:39:21.721,497.82,100.44
2025-08-19 11:39:22.722,497.82,100.44
2025-08-19 11:39:23.723,497.82,100.44
2025-08-19 11:39:24.725,497.82,100.44
2025-08-19 11:39:25.726,497.82,100.44
2025-08-19 11:39:26.727,497.82,104.80
2025-08-19 11:39:27.729,497.82,104.80
2025-08-19 11:39:28.730,497.82,100.44
2025-08-19 11:39:29.731,497.82,100.44
2025-08-19 11:39:30.732,497.82,96.07
2025-08-19 11:39:31.734,497.82,100.44
2025-08-19 11:39:32.735,497.82,100.44
2025-08-19 11:39:33.736,497.82,100.44
2025-08-19 11:39:34.738,497.82,100.44
2025-08-19 11:39:35.739,497.82,100.44
2025-08-19 11:39:36.740,497.82,100.44
2025-08-19 11:39:37.742,497.82,100.44
2025-08-19 11:39:38.743,497.82,100.44
2025-08-19 11:39:39.743,497.82,96.07
2025-08-19 11:39:40.745,497.82,96.07
2025-08-19 11:39:41.746,497.82,96.07
2025-08-19 11:39:42.747,497.82,96.07
2025-08-19 11:39:43.748,497.82,96.07
2025-08-19 11:39:44.749,497.82,96.07
2025-08-19 11:39:45.751,497.82,96.07
2025-08-19 11:39:46.752,497.82,96.07
2025-08-19 11:39:47.753,497.82,96.07
2025-08-19 11:39:48.754,497.82,96.07
2025-08-19 11:39:49.756,497.82,96.07
2025-08-19 11:39:50.757,497.82,96.07
2025-08-19 11:39:51.759,497.82,100.44
2025-08-19 11:39:52.760,497.82,100.44
2025-08-19 11:39:53.761,497.82,96.07
2025-08-19 11:39:54.763,497.82,100.44
2025-08-19 11:39:55.764,497.82,100.44
2025-08-19 11:39:56.765,497.82,100.44
2025-08-19 11:39:57.765,497.82,96.07
2025-08-19 11:39:58.767,497.82,96.07
2025-08-19 11:39:59.768,497.82,96.07
2025-08-19 11:40:00.769,497.82,96.07
2025-08-19 11:40:01.770,497.82,96.07
2025-08-19 11:40:02.772,497.82,96.07
2025-08-19 11:40:03.774,497.82,100.44
2025-08-19 11:40:04.775,497.82,100.44
2025-08-19 11:40:05.775,497.82,96.07
2025-08-19 11:40:06.776,497.82,96.07
2025-08-19 11:40:07.777,497.82,96.07
2025-08-19 11:40:08.779,497.82,96.07
2025-08-19 11:40:09.781,497.82,100.44
2025-08-19 11:40:10.782,497.82,100.44
2025-08-19 11:40:11.783,497.82,100.44
2025-08-19 11:40:12.784,497.82,100.44
2025-08-19 11:40:13.785,497.82,100.44
2025-08-19 11:40:14.785,497.82,96.07
2025-08-19 11:40:15.787,497.82,96.07
2025-08-19 11:40:16.788,497.82,96.07
2025-08-19 11:40:17.790,497.82,100.44
2025-08-19 11:40:18.790,497.82,100.44
2025-08-19 11:40:19.790,497.82,96.07
2025-08-19 11:40:20.791,497.82,96.07
2025-08-19 11:40:21.793,497.82,100.44
2025-08-19 11:40:22.793,497.82,96.07
2025-08-19 11:40:23.794,497.82,96.07
2025-08-19 11:40:24.796,497.82,96.07
2025-08-19 11:40:25.797,497.82,96.07
2025-08-19 11:40:26.798,497.82,96.07
2025-08-19 11:40:27.799,497.82,96.07
2025-08-19 11:40:28.800,497.82,96.07
2025-08-19 11:40:29.801,497.82,96.07
2025-08-19 11:40:30.802,497.82,96.07
2025-08-19 11:40:31.803,497.82,96.07
2025-08-19 11:40:32.804,497.82,96.07
2025-08-19 11:40:33.805,497.82,96.07
2025-08-19 11:40:34.806,497.82,96.07
2025-08-19 11:40:35.807,497.82,96.07
2025-08-19 11:40:36.809,497.82,100.44
2025-08-19 11:40:37.810,497.82,100.44
2025-08-19 11:40:38.810,497.82,96.07
2025-08-19 11:40:39.811,497.82,96.07
2025-08-19 11:40:40.812,497.82,96.07
2025-08-19 11:40:41.813,497.82,96.07
2025-08-19 11:40:42.815,497.82,100.44
2025-08-19 11:40:43.816,497.82,100.44
2025-08-19 11:40:44.817,497.82,100.44
2025-08-19 11:40:45.818,497.82,100.44
2025-08-19 11:40:46.819,497.82,100.44
2025-08-19 11:40:47.820,497.82,100.44
2025-08-19 11:40:48.821,497.82,100.44
2025-08-19 11:40:49.821,497.82,100.44
2025-08-19 11:40:50.821,497.82,96.07
2025-08-19 11:40:51.822,497.82,96.07
2025-08-19 11:40:52.823,497.82,96.07
2025-08-19 11:40:53.824,497.82,96.07
2025-08-19 11:40:54.826,497.82,96.07
2025-08-19 11:40:55.827,504.80,96.07
2025-08-19 11:40:56.828,504.80,96.07
2025-08-19 11:40:57.829,504.80,96.07
2025-08-19 11:40:58.830,504.80,96.07
2025-08-19 11:40:59.831,504.80,96.07
2025-08-19 11:41:00.832,504.80,96.07
2025-08-19 11:41:01.833,504.80,96.07
2025-08-19 11:41:02.834,504.80,96.07
2025-08-19 11:41:03.835,504.80,96.07
2025-08-19 11:41:04.837,504.80,96.07
2025-08-19 11:41:05.838,504.80,96.07
2025-08-19 11:41:06.839,504.80,96.07
2025-08-19 11:41:07.840,504.80,96.07
2025-08-19 11:41:08.841,504.80,96.07
2025-08-19 11:41:09.842,504.80,96.07
2025-08-19 11:41:10.843,504.80,96.07
2025-08-19 11:41:11.844,504.80,96.07
2025-08-19 11:41:12.845,504.80,96.07
2025-08-19 11:41:13.846,504.80,96.07
2025-08-19 11:41:14.847,504.80,96.07
2025-08-19 11:41:15.850,504.80,100.44
2025-08-19 11:41:16.850,504.80,104.80
2025-08-19 11:41:17.852,504.80,104.80
2025-08-19 11:41:18.852,504.80,100.44
2025-08-19 11:41:19.853,504.80,100.44
2025-08-19 11:41:20.854,504.80,100.44
2025-08-19 11:41:21.855,504.80,100.44
2025-08-19 11:41:22.857,504.80,100.44
2025-08-19 11:41:23.858,504.80,104.80
2025-08-19 11:41:24.859,504.80,104.80
2025-08-19 11:41:25.860,504.80,104.80
2025-08-19 11:41:26.861,504.80,100.44
2025-08-19 11:41:27.863,504.80,100.44
2025-08-19 11:41:28.864,504.80,100.44
2025-08-19 11:41:29.865,504.80,100.44
2025-08-19 11:41:30.865,504.80,96.07
2025-08-19 11:41:31.867,504.80,96.07
2025-08-19 11:41:32.868,504.80,96.07
2025-08-19 11:41:33.869,504.80,96.07
2025-08-19 11:41:34.870,504.80,96.07
2025-08-19 11:41:35.871,504.80,96.07
2025-08-19 11:41:36.872,504.80,96.07
2025-08-19 11:41:37.874,504.80,96.07
2025-08-19 11:41:38.875,504.80,96.07
2025-08-19 11:41:39.876,504.80,96.07
2025-08-19 11:41:40.877,504.80,96.07
2025-08-19 11:41:41.879,504.80,96.07
2025-08-19 11:41:42.880,504.80,96.07
2025-08-19 11:41:43.881,504.80,96.07
2025-08-19 11:41:44.883,504.80,96.07
2025-08-19 11:41:45.884,504.80,96.07
2025-08-19 11:41:46.886,504.80,96.07
2025-08-19 11:41:47.887,504.80,96.07
2025-08-19 11:41:48.888,504.80,96.07
2025-08-19 11:41:49.890,504.80,96.07
2025-08-19 11:41:50.891,504.80,96.07
2025-08-19 11:41:51.892,504.80,96.07
2025-08-19 11:41:52.893,504.80,96.07
2025-08-19 11:41:53.895,504.80,96.07
2025-08-19 11:41:54.896,504.80,96.07
2025-08-19 11:41:55.897,504.80,96.07
2025-08-19 11:41:56.899,504.80,96.07
2025-08-19 11:41:57.900,504.80,96.07
2025-08-19 11:41:58.901,504.80,96.07
2025-08-19 11:41:59.902,504.80,96.07
2025-08-19 11:42:00.904,504.80,96.07
2025-08-19 11:42:01.905,504.80,96.07
2025-08-19 11:42:02.906,504.80,96.07
2025-08-19 11:42:03.907,504.80,96.07
2025-08-19 11:42:04.908,504.80,96.07
2025-08-19 11:42:05.909,504.80,96.07
2025-08-19 11:42:06.910,504.80,96.07
2025-08-19 11:42:07.912,504.80,96.07
2025-08-19 11:42:08.913,504.80,96.07
2025-08-19 11:42:09.914,504.80,96.07
2025-08-19 11:42:10.915,504.80,96.07
2025-08-19 11:42:11.916,504.80,96.07
2025-08-19 11:42:12.918,504.80,96.07
2025-08-19 11:42:13.919,504.80,96.07
2025-08-19 11:42:14.920,504.80,96.07
2025-08-19 11:42:15.921,504.80,96.07
2025-08-19 11:42:16.922,504.80,96.07
2025-08-19 11:42:17.924,504.80,96.07
2025-08-19 11:42:18.925,504.80,96.07
2025-08-19 11:42:19.926,504.80,96.07
2025-08-19 11:42:20.927,504.80,96.07
2025-08-19 11:42:21.928,504.80,96.07
2025-08-19 11:42:22.929,504.80,96.07
2025-08-19 11:42:23.930,504.80,96.07
2025-08-19 11:42:24.931,504.80,96.07
2025-08-19 11:42:25.933,504.80,96.07
2025-08-19 11:42:26.934,504.80,96.07
2025-08-19 11:42:27.935,504.80,96.07
2025-08-19 11:42:28.936,504.80,96.07
2025-08-19 11:42:29.937,504.80,96.07
2025-08-19 11:42:30.938,504.80,96.07
2025-08-19 11:42:31.939,504.80,96.07
2025-08-19 11:42:32.941,504.80,100.44
2025-08-19 11:42:33.942,504.80,104.80
2025-08-19 11:42:34.943,504.80,104.80
2025-08-19 11:42:35.945,504.80,104.80
2025-08-19 11:42:36.946,504.80,109.17
2025-08-19 11:42:37.947,504.80,109.17
2025-08-19 11:42:38.948,504.80,109.17
2025-08-19 11:42:39.949,504.80,109.17
2025-08-19 11:42:40.950,504.80,109.17
2025-08-19 11:42:41.951,504.80,104.80
2025-08-19 11:42:42.952,504.80,100.44
2025-08-19 11:42:43.952,504.80,96.07
2025-08-19 11:42:44.953,504.80,96.07
2025-08-19 11:42:45.956,504.80,100.44
2025-08-19 11:42:46.957,504.80,100.44
2025-08-19 11:42:47.958,504.80,100.44
2025-08-19 11:42:48.959,504.80,100.44
2025-08-19 11:42:49.960,504.80,100.44
2025-08-19 11:42:50.962,504.80,100.44
2025-08-19 11:42:51.963,504.80,100.44
2025-08-19 11:42:52.964,504.80,100.44
2025-08-19 11:42:53.965,504.80,100.44
2025-08-19 11:42:54.967,504.80,100.44
2025-08-19 11:42:55.968,504.80,100.44
2025-08-19 11:42:56.970,504.80,100.44
2025-08-19 11:42:57.971,504.80,100.44
2025-08-19 11:42:58.973,504.80,100.44
2025-08-19 11:42:59.974,504.80,100.44
2025-08-19 11:43:00.975,504.80,100.44
2025-08-19 11:43:01.976,504.80,100.44
2025-08-19 11:43:02.977,504.80,100.44
2025-08-19 11:43:03.978,504.80,100.44
2025-08-19 11:43:04.979,504.80,100.44
2025-08-19 11:43:05.981,504.80,100.44
2025-08-19 11:43:06.982,504.80,100.44
2025-08-19 11:43:07.983,504.80,100.44
2025-08-19 11:43:08.984,504.80,100.44
2025-08-19 11:43:09.985,504.80,100.44
2025-08-19 11:43:10.986,504.80,100.44
2025-08-19 11:43:11.987,504.80,100.44
2025-08-19 11:43:12.988,504.80,100.44
2025-08-19 11:43:13.989,504.80,100.44
2025-08-19 11:43:14.991,504.80,100.44
2025-08-19 11:43:15.992,504.80,100.44
2025-08-19 11:43:16.994,504.80,100.44
2025-08-19 11:43:17.995,504.80,100.44
2025-08-19 11:43:18.997,504.80,100.44
2025-08-19 11:43:19.999,504.80,100.44
2025-08-19 11:43:21.000,504.80,100.44
2025-08-19 11:43:22.001,504.80,100.44
2025-08-19 11:43:23.002,504.80,100.44
2025-08-19 11:43:24.004,504.80,100.44
2025-08-19 11:43:25.005,504.80,100.44
2025-08-19 11:43:26.007,504.80,100.44
2025-08-19 11:43:27.008,504.80,100.44
2025-08-19 11:43:28.009,504.80,100.44
2025-08-19 11:43:29.010,504.80,100.44
2025-08-19 11:43:30.011,504.80,100.44
2025-08-19 11:43:31.012,504.80,100.44
2025-08-19 11:43:32.013,504.80,100.44
2025-08-19 11:43:33.014,504.80,100.44
2025-08-19 11:43:34.016,504.80,100.44
2025-08-19 11:43:35.017,504.80,100.44
2025-08-19 11:43:36.018,504.80,100.44
2025-08-19 11:43:37.019,504.80,100.44
2025-08-19 11:43:38.019,504.80,96.07
2025-08-19 11:43:39.020,504.80,96.07
2025-08-19 11:43:40.022,504.80,96.07
2025-08-19 11:43:41.023,504.80,96.07
2025-08-19 11:43:42.024,504.80,96.07
2025-08-19 11:43:43.025,504.80,96.07
2025-08-19 11:43:44.027,504.80,96.07
2025-08-19 11:43:45.028,504.80,96.07
2025-08-19 11:43:46.030,504.80,96.07
2025-08-19 11:43:47.031,504.80,96.07
2025-08-19 11:43:48.033,504.80,96.07
2025-08-19 11:43:49.035,504.80,100.44
2025-08-19 11:43:50.035,504.80,96.07
2025-08-19 11:43:51.036,504.80,96.07
2025-08-19 11:43:52.037,504.80,96.07
2025-08-19 11:43:53.039,504.80,96.07
2025-08-19 11:43:54.039,504.80,96.07
2025-08-19 11:43:55.040,504.80,96.07
2025-08-19 11:43:56.042,504.80,96.07
2025-08-19 11:43:57.043,504.80,96.07
2025-08-19 11:43:58.045,504.80,96.07
2025-08-19 11:43:59.046,504.80,96.07
2025-08-19 11:44:00.049,504.80,100.44
2025-08-19 11:44:01.049,504.80,96.07
2025-08-19 11:44:02.050,504.80,96.07
2025-08-19 11:44:03.051,504.80,96.07
2025-08-19 11:44:04.053,504.80,96.07
2025-08-19 11:44:05.054,504.80,96.07
2025-08-19 11:44:06.055,504.80,96.07
2025-08-19 11:44:07.056,504.80,96.07
2025-08-19 11:44:08.057,504.80,96.07
2025-08-19 11:44:09.059,504.80,96.07
2025-08-19 11:44:10.059,504.80,96.07
2025-08-19 11:44:11.060,504.80,96.07
2025-08-19 11:44:12.062,511.79,96.07
2025-08-19 11:44:13.063,511.79,96.07
2025-08-19 11:44:14.064,511.79,96.07
2025-08-19 11:44:15.065,511.79,96.07
2025-08-19 11:44:16.066,511.79,96.07
2025-08-19 11:44:17.069,511.79,100.44
2025-08-19 11:44:18.070,511.79,100.44
2025-08-19 11:44:19.070,511.79,96.07
2025-08-19 11:44:20.071,511.79,96.07
2025-08-19 11:44:21.072,511.79,96.07
2025-08-19 11:44:22.073,511.79,96.07
2025-08-19 11:44:23.074,511.79,96.07
2025-08-19 11:44:24.075,511.79,96.07
2025-08-19 11:44:25.076,511.79,96.07
2025-08-19 11:44:26.077,511.79,96.07
2025-08-19 11:44:27.078,511.79,96.07
2025-08-19 11:44:28.079,511.79,96.07
2025-08-19 11:44:29.080,511.79,96.07
2025-08-19 11:44:30.081,511.79,96.07
2025-08-19 11:44:31.082,511.79,96.07
2025-08-19 11:44:32.083,511.79,96.07
2025-08-19 11:44:33.084,511.79,96.07
2025-08-19 11:44:34.086,511.79,100.44
2025-08-19 11:44:35.087,511.79,100.44
2025-08-19 11:44:36.087,511.79,100.44
2025-08-19 11:44:37.087,511.79,96.07
2025-08-19 11:44:38.088,511.79,96.07
2025-08-19 11:44:39.089,511.79,96.07
2025-08-19 11:44:40.090,511.79,96.07
2025-08-19 11:44:41.091,511.79,96.07
2025-08-19 11:44:42.092,511.79,96.07
2025-08-19 11:44:43.093,511.79,100.44
2025-08-19 11:44:44.094,511.79,100.44
2025-08-19 11:44:45.094,511.79,96.07
2025-08-19 11:44:46.095,511.79,96.07
2025-08-19 11:44:47.096,511.79,96.07
2025-08-19 11:44:48.097,511.79,96.07
2025-08-19 11:44:49.098,511.79,96.07
2025-08-19 11:44:50.099,511.79,96.07
2025-08-19 11:44:51.100,511.79,96.07
2025-08-19 11:44:52.103,511.79,104.80
2025-08-19 11:44:53.104,511.79,104.80
2025-08-19 11:44:54.105,511.79,104.80
2025-08-19 11:44:55.106,511.79,100.44
2025-08-19 11:44:56.107,511.79,100.44
2025-08-19 11:44:57.106,511.79,96.07
2025-08-19 11:44:58.107,511.79,96.07
2025-08-19 11:44:59.109,511.79,100.44
2025-08-19 11:45:00.110,511.79,100.44
2025-08-19 11:45:01.111,511.79,100.44
2025-08-19 11:45:02.111,511.79,96.07
2025-08-19 11:45:03.111,511.79,96.07
2025-08-19 11:45:04.112,511.79,96.07
2025-08-19 11:45:05.113,511.79,96.07
2025-08-19 11:45:06.114,511.79,96.07
2025-08-19 11:45:07.115,511.79,96.07
2025-08-19 11:45:08.116,511.79,96.07
2025-08-19 11:45:09.117,511.79,96.07
2025-08-19 11:45:10.118,511.79,96.07
2025-08-19 11:45:11.118,511.79,96.07
2025-08-19 11:45:12.120,511.79,100.44
2025-08-19 11:45:13.120,511.79,96.07
2025-08-19 11:45:14.122,511.79,96.07
2025-08-19 11:45:15.123,511.79,96.07
2025-08-19 11:45:16.124,511.79,96.07
2025-08-19 11:45:17.125,511.79,96.07
2025-08-19 11:45:18.126,511.79,96.07
2025-08-19 11:45:19.127,511.79,96.07
2025-08-19 11:45:20.128,511.79,96.07
2025-08-19 11:45:21.129,511.79,96.07
2025-08-19 11:45:22.129,511.79,96.07
2025-08-19 11:45:23.130,511.79,96.07
2025-08-19 11:45:24.131,511.79,96.07
2025-08-19 11:45:25.132,511.79,96.07
2025-08-19 11:45:26.133,511.79,96.07
2025-08-19 11:45:27.134,511.79,96.07
2025-08-19 11:45:28.135,511.79,96.07
2025-08-19 11:45:29.136,511.79,96.07
2025-08-19 11:45:30.136,511.79,96.07
2025-08-19 11:45:31.137,511.79,96.07
2025-08-19 11:45:32.138,511.79,96.07
2025-08-19 11:45:33.139,511.79,96.07
2025-08-19 11:45:34.139,511.79,96.07
2025-08-19 11:45:35.141,511.79,100.44
2025-08-19 11:45:36.141,511.79,96.07
2025-08-19 11:45:37.142,511.79,96.07
2025-08-19 11:45:38.144,511.79,104.80
2025-08-19 11:45:39.144,511.79,100.44
2025-08-19 11:45:40.145,511.79,100.44
2025-08-19 11:45:41.146,511.79,100.44
2025-08-19 11:45:42.147,511.79,100.44
2025-08-19 11:45:43.148,511.79,100.44
2025-08-19 11:45:44.149,511.79,100.44
2025-08-19 11:45:45.148,511.79,96.07
2025-08-19 11:45:46.149,511.79,96.07
2025-08-19 11:45:47.150,511.79,96.07
2025-08-19 11:45:48.151,511.79,96.07
2025-08-19 11:45:49.152,511.79,96.07
2025-08-19 11:45:50.153,511.79,96.07
2025-08-19 11:45:51.154,511.79,96.07
2025-08-19 11:45:52.154,511.79,96.07
2025-08-19 11:45:53.155,511.79,96.07
2025-08-19 11:45:54.156,511.79,96.07
2025-08-19 11:45:55.157,511.79,96.07
2025-08-19 11:45:56.158,511.79,96.07
2025-08-19 11:45:57.160,511.79,100.44
2025-08-19 11:45:58.161,511.79,100.44
2025-08-19 11:45:59.161,511.79,96.07
2025-08-19 11:46:00.162,511.79,96.07
2025-08-19 11:46:01.163,511.79,96.07
2025-08-19 11:46:02.164,511.79,96.07
2025-08-19 11:46:03.165,511.79,96.07
2025-08-19 11:46:04.166,511.79,96.07
2025-08-19 11:46:05.167,511.79,96.07
2025-08-19 11:46:06.168,511.79,96.07
2025-08-19 11:46:07.169,511.79,96.07
2025-08-19 11:46:08.170,511.79,96.07
2025-08-19 11:46:09.171,511.79,96.07
2025-08-19 11:46:10.172,511.79,96.07
2025-08-19 11:46:11.173,511.79,96.07
2025-08-19 11:46:12.174,511.79,96.07
2025-08-19 11:46:13.175,511.79,96.07
2025-08-19 11:46:14.175,511.79,96.07
2025-08-19 11:46:15.176,511.79,96.07
2025-08-19 11:46:16.177,511.79,96.07
2025-08-19 11:46:17.179,511.79,100.44
2025-08-19 11:46:18.180,511.79,100.44
2025-08-19 11:46:19.179,511.79,96.07
2025-08-19 11:46:20.180,511.79,96.07
2025-08-19 11:46:21.181,511.79,96.07
2025-08-19 11:46:22.182,511.79,96.07
2025-08-19 11:46:23.183,511.79,96.07
2025-08-19 11:46:24.184,511.79,96.07
2025-08-19 11:46:25.185,511.79,96.07
2025-08-19 11:46:26.186,511.79,96.07
2025-08-19 11:46:27.186,511.79,96.07
2025-08-19 11:46:28.187,511.79,96.07
2025-08-19 11:46:29.188,511.79,96.07
2025-08-19 11:46:30.189,511.79,96.07
2025-08-19 11:46:31.190,511.79,96.07
2025-08-19 11:46:32.192,511.79,100.44
2025-08-19 11:46:33.192,511.79,96.07
2025-08-19 11:46:34.192,511.79,96.07
2025-08-19 11:46:35.193,511.79,96.07
2025-08-19 11:46:36.195,511.79,100.44
2025-08-19 11:46:37.195,511.79,96.07
2025-08-19 11:46:38.196,511.79,96.07
2025-08-19 11:46:39.197,511.79,96.07
2025-08-19 11:46:40.198,511.79,96.07
2025-08-19 11:46:41.199,511.79,96.07
2025-08-19 11:46:42.200,511.79,96.07
2025-08-19 11:46:43.200,511.79,96.07
2025-08-19 11:46:44.201,511.79,96.07
2025-08-19 11:46:45.202,511.79,96.07
2025-08-19 11:46:46.203,511.79,96.07
2025-08-19 11:46:47.204,511.79,96.07
2025-08-19 11:46:48.205,511.79,96.07
2025-08-19 11:46:49.206,511.79,96.07
2025-08-19 11:46:50.207,511.79,96.07
2025-08-19 11:46:51.208,511.79,96.07
2025-08-19 11:46:52.209,511.79,96.07
2025-08-19 11:46:53.210,511.79,96.07
2025-08-19 11:46:54.211,511.79,96.07
2025-08-19 11:46:55.212,511.79,96.07
2025-08-19 11:46:56.212,511.79,96.07
2025-08-19 11:46:57.214,511.79,96.07
2025-08-19 11:46:58.215,511.79,96.07
2025-08-19 11:46:59.215,511.79,96.07
2025-08-19 11:47:00.216,511.79,96.07
2025-08-19 11:47:01.217,511.79,96.07
2025-08-19 11:47:02.218,511.79,96.07
2025-08-19 11:47:03.219,511.79,96.07
2025-08-19 11:47:04.220,511.79,96.07
2025-08-19 11:47:05.221,511.79,96.07
2025-08-19 11:47:06.222,511.79,96.07
2025-08-19 11:47:07.223,511.79,96.07
2025-08-19 11:47:08.225,511.79,96.07
2025-08-19 11:47:09.226,511.79,96.07
2025-08-19 11:47:10.226,511.79,96.07
2025-08-19 11:47:11.227,511.79,96.07
2025-08-19 11:47:12.228,511.79,96.07
2025-08-19 11:47:13.229,511.79,96.07
2025-08-19 11:47:14.230,511.79,96.07
2025-08-19 11:47:15.231,511.79,96.07
2025-08-19 11:47:16.231,511.79,96.07
2025-08-19 11:47:17.232,511.79,96.07
2025-08-19 11:47:18.233,511.79,96.07
2025-08-19 11:47:19.234,511.79,96.07
2025-08-19 11:47:20.235,511.79,96.07
2025-08-19 11:47:21.235,511.79,96.07
2025-08-19 11:47:22.236,511.79,96.07
2025-08-19 11:47:23.237,511.79,96.07
2025-08-19 11:47:24.237,511.79,96.07
2025-08-19 11:47:25.238,511.79,96.07
2025-08-19 11:47:26.240,511.79,100.44
2025-08-19 11:47:27.240,511.79,100.44
2025-08-19 11:47:28.241,511.79,100.44
2025-08-19 11:47:29.242,511.79,100.44
2025-08-19 11:47:30.242,511.79,100.44
2025-08-19 11:47:31.243,511.79,100.44
2025-08-19 11:47:32.242,511.79,96.07
2025-08-19 11:47:33.244,511.79,100.44
2025-08-19 11:47:34.245,511.79,100.44
2025-08-19 11:47:35.246,511.79,100.44
2025-08-19 11:47:36.245,511.79,96.07
2025-08-19 11:47:37.246,511.79,96.07
2025-08-19 11:47:38.247,511.79,96.07
2025-08-19 11:47:39.248,511.79,96.07
2025-08-19 11:47:40.249,511.79,96.07
2025-08-19 11:47:41.250,511.79,96.07
2025-08-19 11:47:42.250,511.79,96.07
2025-08-19 11:47:43.251,511.79,96.07
2025-08-19 11:47:44.252,511.79,96.07
2025-08-19 11:47:45.253,511.79,96.07
2025-08-19 11:47:46.254,511.79,96.07
2025-08-19 11:47:47.255,511.79,96.07
2025-08-19 11:47:48.256,511.79,96.07
2025-08-19 11:47:49.257,511.79,96.07
2025-08-19 11:47:50.258,511.79,96.07
2025-08-19 11:47:51.259,511.79,96.07
2025-08-19 11:47:52.260,511.79,96.07
2025-08-19 11:47:53.261,511.79,96.07
2025-08-19 11:47:54.262,511.79,96.07
2025-08-19 11:47:55.263,511.79,96.07
2025-08-19 11:47:56.264,511.79,96.07
2025-08-19 11:47:57.264,511.79,96.07
2025-08-19 11:47:58.265,511.79,96.07
2025-08-19 11:47:59.266,511.79,96.07
2025-08-19 11:48:00.267,511.79,96.07
2025-08-19 11:48:01.268,511.79,96.07
2025-08-19 11:48:02.269,511.79,96.07
2025-08-19 11:48:03.270,511.79,96.07
2025-08-19 11:48:04.271,511.79,96.07
2025-08-19 11:48:05.271,511.79,96.07
2025-08-19 11:48:06.272,511.79,96.07
2025-08-19 11:48:07.273,511.79,96.07
2025-08-19 11:48:08.274,511.79,96.07
2025-08-19 11:48:09.275,511.79,96.07
2025-08-19 11:48:10.275,511.79,96.07
2025-08-19 11:48:11.276,511.79,96.07
2025-08-19 11:48:12.277,511.79,96.07
2025-08-19 11:48:13.278,511.79,96.07
2025-08-19 11:48:14.279,511.79,96.07
2025-08-19 11:48:15.280,511.79,96.07
2025-08-19 11:48:16.281,511.79,96.07
2025-08-19 11:48:17.282,511.79,96.07
2025-08-19 11:48:18.283,511.79,96.07
2025-08-19 11:48:19.284,511.79,96.07
2025-08-19 11:48:20.285,511.79,96.07
2025-08-19 11:48:21.286,511.79,96.07
2025-08-19 11:48:22.286,511.79,96.07
2025-08-19 11:48:23.287,511.79,96.07
2025-08-19 11:48:24.288,511.79,96.07
2025-08-19 11:48:25.289,511.79,96.07
2025-08-19 11:48:26.290,511.79,96.07
2025-08-19 11:48:27.291,511.79,96.07
2025-08-19 11:48:28.291,511.79,96.07
2025-08-19 11:48:29.292,511.79,96.07
2025-08-19 11:48:30.293,511.79,96.07
2025-08-19 11:48:31.294,511.79,96.07
2025-08-19 11:48:32.294,511.79,96.07
2025-08-19 11:48:33.295,511.79,96.07
2025-08-19 11:48:34.296,511.79,96.07
2025-08-19 11:48:35.297,511.79,96.07
2025-08-19 11:48:36.298,511.79,96.07
2025-08-19 11:48:37.299,511.79,96.07
2025-08-19 11:48:38.300,511.79,96.07
2025-08-19 11:48:39.301,511.79,96.07
2025-08-19 11:48:40.301,511.79,96.07
2025-08-19 11:48:41.302,511.79,96.07
2025-08-19 11:48:42.303,511.79,96.07
2025-08-19 11:48:43.304,511.79,96.07
2025-08-19 11:48:44.305,511.79,96.07
2025-08-19 11:48:45.306,511.79,96.07
2025-08-19 11:48:46.307,511.79,96.07
2025-08-19 11:48:47.308,511.79,96.07
2025-08-19 11:48:48.309,511.79,96.07
2025-08-19 11:48:49.310,511.79,96.07
2025-08-19 11:48:50.310,511.79,96.07
2025-08-19 11:48:51.311,511.79,96.07
2025-08-19 11:48:52.312,511.79,96.07
2025-08-19 11:48:53.313,511.79,96.07
2025-08-19 11:48:54.314,511.79,96.07
2025-08-19 11:48:55.315,511.79,96.07
2025-08-19 11:48:56.316,511.79,96.07
2025-08-19 11:48:57.316,511.79,96.07
2025-08-19 11:48:58.317,511.79,96.07
2025-08-19 11:48:59.318,511.79,96.07
2025-08-19 11:49:00.319,511.79,96.07
2025-08-19 11:49:01.320,511.79,96.07
2025-08-19 11:49:02.320,511.79,96.07
2025-08-19 11:49:03.321,511.79,96.07
2025-08-19 11:49:04.322,511.79,96.07
2025-08-19 11:49:05.322,511.79,96.07
2025-08-19 11:49:06.323,511.79,96.07
2025-08-19 11:49:07.324,511.79,96.07
2025-08-19 11:49:08.325,511.79,96.07
2025-08-19 11:49:09.326,511.79,96.07
2025-08-19 11:49:10.326,511.79,96.07
2025-08-19 11:49:11.327,511.79,96.07
2025-08-19 11:49:12.328,511.79,96.07
2025-08-19 11:49:13.329,511.79,96.07
2025-08-19 11:49:14.330,511.79,96.07
2025-08-19 11:49:15.331,511.79,91.70
2025-08-19 11:49:16.332,511.79,91.70
2025-08-19 11:49:17.333,511.79,96.07
2025-08-19 11:49:18.333,511.79,96.07
2025-08-19 11:49:19.334,511.79,96.07
2025-08-19 11:49:20.335,511.79,96.07
2025-08-19 11:49:21.336,511.79,91.70
2025-08-19 11:49:22.337,511.79,96.07
2025-08-19 11:49:23.337,511.79,96.07
2025-08-19 11:49:24.338,511.79,96.07
2025-08-19 11:49:25.339,511.79,96.07
2025-08-19 11:49:26.340,511.79,96.07
2025-08-19 11:49:27.341,511.79,96.07
2025-08-19 11:49:28.341,511.79,96.07
2025-08-19 11:49:29.342,511.79,96.07
2025-08-19 11:49:30.343,511.79,96.07
2025-08-19 11:49:31.344,511.79,96.07
2025-08-19 11:49:32.344,511.79,96.07
2025-08-19 11:49:33.345,511.79,96.07
2025-08-19 11:49:34.346,511.79,96.07
2025-08-19 11:49:35.347,511.79,96.07
2025-08-19 11:49:36.347,511.79,96.07
2025-08-19 11:49:37.348,511.79,96.07
2025-08-19 11:49:38.349,511.79,96.07
2025-08-19 11:49:39.350,511.79,96.07
2025-08-19 11:49:40.350,511.79,96.07
2025-08-19 11:49:41.351,511.79,96.07
2025-08-19 11:49:42.352,511.79,96.07
2025-08-19 11:49:43.353,511.79,96.07
2025-08-19 11:49:44.353,511.79,96.07
2025-08-19 11:49:45.354,511.79,96.07
2025-08-19 11:49:46.355,511.79,96.07
2025-08-19 11:49:47.356,511.79,96.07
2025-08-19 11:49:48.357,511.79,96.07
2025-08-19 11:49:49.358,511.79,96.07
2025-08-19 11:49:50.358,511.79,96.07
2025-08-19 11:49:51.359,511.79,96.07
2025-08-19 11:49:52.360,511.79,96.07
2025-08-19 11:49:53.361,511.79,96.07
2025-08-19 11:49:54.362,511.79,96.07
2025-08-19 11:49:55.363,511.79,96.07
2025-08-19 11:49:56.364,511.79,96.07
2025-08-19 11:49:57.365,511.79,96.07
2025-08-19 11:49:58.367,511.79,100.44
2025-08-19 11:49:59.367,511.79,100.44
2025-08-19 11:50:00.368,511.79,100.44
2025-08-19 11:50:01.369,511.79,100.44
2025-08-19 11:50:02.369,511.79,100.44
2025-08-19 11:50:03.370,511.79,100.44
2025-08-19 11:50:04.371,511.79,100.44
2025-08-19 11:50:05.371,511.79,100.44
2025-08-19 11:50:06.372,511.79,100.44
2025-08-19 11:50:07.373,511.79,100.44
2025-08-19 11:50:08.373,511.79,96.07
2025-08-19 11:50:09.373,511.79,96.07
2025-08-19 11:50:10.374,511.79,96.07
2025-08-19 11:50:11.375,511.79,96.07
2025-08-19 11:50:12.376,511.79,96.07
2025-08-19 11:50:13.376,511.79,96.07
2025-08-19 11:50:14.377,511.79,96.07
2025-08-19 11:50:15.378,511.79,96.07
2025-08-19 11:50:16.378,511.79,96.07
2025-08-19 11:50:17.379,511.79,96.07
2025-08-19 11:50:18.380,511.79,96.07
2025-08-19 11:50:19.381,511.79,96.07
2025-08-19 11:50:20.381,511.79,96.07
2025-08-19 11:50:21.382,511.79,96.07
2025-08-19 11:50:22.384,511.79,104.80
2025-08-19 11:50:23.385,511.79,100.44
2025-08-19 11:50:24.384,511.79,96.07
2025-08-19 11:50:25.385,511.79,96.07
2025-08-19 11:50:26.386,511.79,96.07
2025-08-19 11:50:27.387,511.79,96.07
2025-08-19 11:50:28.388,511.79,96.07
2025-08-19 11:50:29.389,511.79,96.07
2025-08-19 11:50:30.390,511.79,96.07
2025-08-19 11:50:31.391,511.79,96.07
2025-08-19 11:50:32.391,511.79,96.07
2025-08-19 11:50:33.392,511.79,96.07
2025-08-19 11:50:34.393,511.79,96.07
2025-08-19 11:50:35.394,511.79,96.07
2025-08-19 11:50:36.394,511.79,96.07
2025-08-19 11:50:37.395,511.79,96.07
2025-08-19 11:50:38.396,511.79,96.07
2025-08-19 11:50:39.397,511.79,96.07
2025-08-19 11:50:40.398,511.79,96.07
2025-08-19 11:50:41.399,511.79,96.07
2025-08-19 11:50:42.399,511.79,96.07
2025-08-19 11:50:43.400,511.79,96.07
2025-08-19 11:50:44.401,511.79,96.07
2025-08-19 11:50:45.402,511.79,96.07
2025-08-19 11:50:46.403,511.79,96.07
2025-08-19 11:50:47.404,511.79,96.07
2025-08-19 11:50:48.405,511.79,96.07
2025-08-19 11:50:49.406,511.79,96.07
2025-08-19 11:50:50.407,511.79,96.07
2025-08-19 11:50:51.408,511.79,96.07
2025-08-19 11:50:52.409,511.79,96.07
2025-08-19 11:50:53.412,511.79,100.44
2025-08-19 11:50:54.413,511.79,100.44
2025-08-19 11:50:55.414,511.79,100.44
2025-08-19 11:50:56.415,511.79,100.44
2025-08-19 11:50:57.416,511.79,100.44
2025-08-19 11:50:58.416,511.79,96.07
2025-08-19 11:50:59.417,511.79,96.07
2025-08-19 11:51:00.418,511.79,96.07
2025-08-19 11:51:01.419,511.79,96.07
2025-08-19 11:51:02.420,511.79,96.07
2025-08-19 11:51:03.421,511.79,96.07
2025-08-19 11:51:04.422,511.79,96.07
2025-08-19 11:51:05.423,511.79,96.07
2025-08-19 11:51:06.423,511.79,96.07
2025-08-19 11:51:07.425,511.79,96.07
2025-08-19 11:51:08.425,511.79,96.07
2025-08-19 11:51:09.427,511.79,96.07
2025-08-19 11:51:10.428,511.79,96.07
2025-08-19 11:51:11.429,511.79,96.07
2025-08-19 11:51:12.430,511.79,96.07
2025-08-19 11:51:13.431,511.79,96.07
2025-08-19 11:51:14.432,511.79,96.07
2025-08-19 11:51:15.433,511.79,96.07
2025-08-19 11:51:16.435,511.79,96.07
2025-08-19 11:51:17.436,511.79,96.07
2025-08-19 11:51:18.437,511.79,96.07
2025-08-19 11:51:19.438,511.79,96.07
2025-08-19 11:51:20.438,511.79,96.07
2025-08-19 11:51:21.439,511.79,96.07
2025-08-19 11:51:22.440,511.79,96.07
2025-08-19 11:51:23.440,511.79,96.07
2025-08-19 11:51:24.441,511.79,96.07
2025-08-19 11:51:25.442,511.79,96.07
2025-08-19 11:51:26.442,511.79,96.07
2025-08-19 11:51:27.443,511.79,96.07
2025-08-19 11:51:28.444,511.79,96.07
2025-08-19 11:51:29.445,511.79,96.07
2025-08-19 11:51:30.446,511.79,96.07
2025-08-19 11:51:31.447,511.79,96.07
2025-08-19 11:51:32.447,511.79,96.07
2025-08-19 11:51:33.448,511.79,96.07
2025-08-19 11:51:34.449,511.79,96.07
2025-08-19 11:51:35.450,511.79,96.07
2025-08-19 11:51:36.450,511.79,96.07
2025-08-19 11:51:37.451,511.79,96.07
2025-08-19 11:51:38.452,511.79,96.07
2025-08-19 11:51:39.453,511.79,96.07
2025-08-19 11:51:40.454,511.79,96.07
2025-08-19 11:51:41.455,511.79,96.07
2025-08-19 11:51:42.456,511.79,96.07
2025-08-19 11:51:43.458,511.79,96.07
2025-08-19 11:51:44.459,511.79,96.07
2025-08-19 11:51:45.460,511.79,96.07
2025-08-19 11:51:46.461,511.79,96.07
2025-08-19 11:51:47.462,511.79,96.07
2025-08-19 11:51:48.463,511.79,96.07
2025-08-19 11:51:49.464,511.79,96.07
2025-08-19 11:51:50.465,511.79,96.07
2025-08-19 11:51:51.466,511.79,96.07
2025-08-19 11:51:52.467,511.79,96.07
2025-08-19 11:51:53.469,511.79,100.44
2025-08-19 11:51:54.470,511.79,104.80
2025-08-19 11:51:55.470,511.79,109.17
2025-08-19 11:51:56.471,511.79,109.17
2025-08-19 11:51:57.472,511.79,109.17
2025-08-19 11:51:58.473,511.79,104.80
2025-08-19 11:51:59.473,511.79,104.80
2025-08-19 11:52:00.474,511.79,104.80
2025-08-19 11:52:01.475,511.79,104.80
2025-08-19 11:52:02.475,511.79,104.80
2025-08-19 11:52:03.476,511.79,100.44
2025-08-19 11:52:04.477,511.79,100.44
2025-08-19 11:52:05.478,511.79,100.44
2025-08-19 11:52:06.479,511.79,100.44
2025-08-19 11:52:07.480,511.79,100.44
2025-08-19 11:52:08.479,511.79,96.07
2025-08-19 11:52:09.480,511.79,96.07
2025-08-19 11:52:10.481,511.79,96.07
2025-08-19 11:52:11.482,511.79,96.07
2025-08-19 11:52:12.483,511.79,96.07
2025-08-19 11:52:13.483,511.79,96.07
2025-08-19 11:52:14.484,511.79,96.07
2025-08-19 11:52:15.485,511.79,96.07
2025-08-19 11:52:16.486,511.79,96.07
2025-08-19 11:52:17.487,511.79,96.07
2025-08-19 11:52:18.489,511.79,100.44
2025-08-19 11:52:19.489,511.79,96.07
2025-08-19 11:52:20.490,511.79,96.07
2025-08-19 11:52:21.491,511.79,96.07
2025-08-19 11:52:22.492,511.79,96.07
2025-08-19 11:52:23.492,511.79,96.07
2025-08-19 11:52:24.493,511.79,96.07
2025-08-19 11:52:25.494,511.79,96.07
2025-08-19 11:52:26.496,511.79,100.44
2025-08-19 11:52:27.496,511.79,96.07
2025-08-19 11:52:28.496,511.79,96.07
2025-08-19 11:52:29.497,511.79,96.07
2025-08-19 11:52:30.499,511.79,100.44
2025-08-19 11:52:31.500,511.79,100.44
2025-08-19 11:52:32.501,511.79,100.44
2025-08-19 11:52:33.501,511.79,96.07
2025-08-19 11:52:34.502,511.79,100.44
2025-08-19 11:52:35.504,511.79,104.80
2025-08-19 11:52:36.505,511.79,100.44
2025-08-19 11:52:37.505,511.79,96.07
2025-08-19 11:52:38.506,511.79,96.07
2025-08-19 11:52:39.508,511.79,100.44
2025-08-19 11:52:40.509,511.79,100.44
2025-08-19 11:52:41.510,511.79,100.44
2025-08-19 11:52:42.510,511.79,100.44
2025-08-19 11:52:43.511,511.79,100.44
2025-08-19 11:52:44.512,511.79,100.44
2025-08-19 11:52:45.512,511.79,96.07
2025-08-19 11:52:46.514,511.79,100.44
2025-08-19 11:52:47.515,511.79,100.44
2025-08-19 11:52:48.515,511.79,100.44
2025-08-19 11:52:49.516,511.79,100.44
2025-08-19 11:52:50.517,511.79,100.44
2025-08-19 11:52:51.518,511.79,104.80
2025-08-19 11:52:52.519,518.78,104.80
2025-08-19 11:52:53.520,518.78,100.44
2025-08-19 11:52:54.520,518.78,100.44
2025-08-19 11:52:55.521,518.78,100.44
2025-08-19 11:52:56.522,518.78,100.44
2025-08-19 11:52:57.522,518.78,100.44
2025-08-19 11:52:58.522,518.78,96.07
2025-08-19 11:52:59.523,518.78,96.07
2025-08-19 11:53:00.524,518.78,96.07
2025-08-19 11:53:01.525,518.78,96.07
2025-08-19 11:53:02.526,518.78,96.07
2025-08-19 11:53:03.526,518.78,96.07
2025-08-19 11:53:04.527,518.78,96.07
2025-08-19 11:53:05.528,518.78,96.07
2025-08-19 11:53:06.529,518.78,96.07
2025-08-19 11:53:07.530,518.78,96.07
2025-08-19 11:53:08.531,518.78,96.07
2025-08-19 11:53:09.532,518.78,96.07
2025-08-19 11:53:10.533,518.78,96.07
2025-08-19 11:53:11.534,518.78,96.07
2025-08-19 11:53:12.535,518.78,96.07
2025-08-19 11:53:13.536,511.79,96.07
2025-08-19 11:53:14.537,511.79,96.07
2025-08-19 11:53:15.538,511.79,96.07
2025-08-19 11:53:16.539,511.79,96.07
2025-08-19 11:53:17.540,511.79,96.07
2025-08-19 11:53:18.541,511.79,96.07
2025-08-19 11:53:19.542,511.79,96.07
2025-08-19 11:53:20.543,511.79,96.07
2025-08-19 11:53:21.544,511.79,96.07
2025-08-19 11:53:22.545,511.79,96.07
2025-08-19 11:53:23.547,511.79,96.07
2025-08-19 11:53:24.548,511.79,96.07
2025-08-19 11:53:25.549,511.79,96.07
2025-08-19 11:53:26.550,511.79,96.07
2025-08-19 11:53:27.550,511.79,96.07
2025-08-19 11:53:28.551,511.79,96.07
2025-08-19 11:53:29.552,511.79,96.07
2025-08-19 11:53:30.553,511.79,96.07
2025-08-19 11:53:31.554,511.79,96.07
2025-08-19 11:53:32.555,511.79,96.07
2025-08-19 11:53:33.556,511.79,96.07
2025-08-19 11:53:34.557,511.79,96.07
2025-08-19 11:53:35.559,511.79,96.07
2025-08-19 11:53:36.560,511.79,96.07
2025-08-19 11:53:37.561,511.79,96.07
2025-08-19 11:53:38.563,511.79,96.07
2025-08-19 11:53:39.564,511.79,96.07
2025-08-19 11:53:40.565,511.79,96.07
2025-08-19 11:53:41.566,511.79,96.07
2025-08-19 11:53:42.567,511.79,96.07
2025-08-19 11:53:43.568,511.79,96.07
2025-08-19 11:53:44.569,511.79,96.07
2025-08-19 11:53:45.570,511.79,96.07
2025-08-19 11:53:46.572,511.79,96.07
2025-08-19 11:53:47.573,511.79,96.07
2025-08-19 11:53:48.574,511.79,96.07
2025-08-19 11:53:49.575,511.79,96.07
2025-08-19 11:53:50.576,511.79,96.07
2025-08-19 11:53:51.577,511.79,96.07
2025-08-19 11:53:52.578,511.79,96.07
2025-08-19 11:53:53.579,511.79,96.07
2025-08-19 11:53:54.580,511.79,96.07
2025-08-19 11:53:55.581,511.79,96.07
2025-08-19 11:53:56.582,511.79,96.07
2025-08-19 11:53:57.583,511.79,96.07
2025-08-19 11:53:58.585,511.79,96.07
2025-08-19 11:53:59.586,511.79,96.07
2025-08-19 11:54:00.587,511.79,96.07
2025-08-19 11:54:01.587,511.79,96.07
2025-08-19 11:54:02.588,511.79,96.07
2025-08-19 11:54:03.589,511.79,96.07
2025-08-19 11:54:04.590,511.79,96.07
2025-08-19 11:54:05.591,511.79,96.07
2025-08-19 11:54:06.591,511.79,96.07
2025-08-19 11:54:07.592,511.79,96.07
2025-08-19 11:54:08.593,511.79,96.07
2025-08-19 11:54:09.594,511.79,96.07
2025-08-19 11:54:10.595,511.79,96.07
2025-08-19 11:54:11.596,511.79,96.07
2025-08-19 11:54:12.596,518.78,96.07
2025-08-19 11:54:13.599,518.78,100.44
2025-08-19 11:54:14.599,518.78,96.07
2025-08-19 11:54:15.600,518.78,96.07
2025-08-19 11:54:16.601,518.78,96.07
2025-08-19 11:54:17.602,518.78,96.07
2025-08-19 11:54:18.604,518.78,100.44
2025-08-19 11:54:19.605,518.78,100.44
2025-08-19 11:54:20.606,518.78,100.44
2025-08-19 11:54:21.607,518.78,100.44
2025-08-19 11:54:22.607,518.78,96.07
2025-08-19 11:54:23.609,518.78,96.07
2025-08-19 11:54:24.610,518.78,96.07
2025-08-19 11:54:25.611,518.78,96.07
2025-08-19 11:54:26.612,518.78,96.07
2025-08-19 11:54:27.613,518.78,96.07
2025-08-19 11:54:28.614,518.78,96.07
2025-08-19 11:54:29.615,518.78,96.07
2025-08-19 11:54:30.617,518.78,96.07
2025-08-19 11:54:31.617,518.78,96.07
2025-08-19 11:54:32.618,518.78,96.07
2025-08-19 11:54:33.619,518.78,96.07
2025-08-19 11:54:34.620,518.78,96.07
2025-08-19 11:54:35.620,518.78,96.07
2025-08-19 11:54:36.621,518.78,96.07
2025-08-19 11:54:37.623,518.78,100.44
2025-08-19 11:54:38.624,518.78,100.44
2025-08-19 11:54:39.625,518.78,100.44
2025-08-19 11:54:40.626,518.78,100.44
2025-08-19 11:54:41.627,518.78,100.44
2025-08-19 11:54:42.628,518.78,100.44
2025-08-19 11:54:43.629,518.78,100.44
2025-08-19 11:54:44.630,518.78,100.44
2025-08-19 11:54:45.631,518.78,100.44
2025-08-19 11:54:46.632,518.78,100.44
2025-08-19 11:54:47.633,518.78,100.44
2025-08-19 11:54:48.634,518.78,100.44
2025-08-19 11:54:49.635,518.78,100.44
2025-08-19 11:54:50.636,518.78,100.44
2025-08-19 11:54:51.637,518.78,100.44
2025-08-19 11:54:52.638,518.78,100.44
2025-08-19 11:54:53.639,518.78,100.44
2025-08-19 11:54:54.640,518.78,100.44
2025-08-19 11:54:55.641,518.78,100.44
2025-08-19 11:54:56.641,518.78,100.44
2025-08-19 11:54:57.642,518.78,100.44
2025-08-19 11:54:58.643,518.78,100.44
2025-08-19 11:54:59.644,518.78,100.44
2025-08-19 11:55:00.645,518.78,100.44
2025-08-19 11:55:01.646,518.78,100.44
2025-08-19 11:55:02.645,518.78,96.07
2025-08-19 11:55:03.646,518.78,96.07
2025-08-19 11:55:04.648,518.78,100.44
2025-08-19 11:55:05.649,518.78,100.44
2025-08-19 11:55:06.650,518.78,100.44
2025-08-19 11:55:07.651,518.78,100.44
2025-08-19 11:55:08.652,518.78,100.44
2025-08-19 11:55:09.653,518.78,100.44
2025-08-19 11:55:10.654,518.78,100.44
2025-08-19 11:55:11.655,518.78,100.44
2025-08-19 11:55:12.654,518.78,96.07
2025-08-19 11:55:13.655,518.78,96.07
2025-08-19 11:55:14.656,518.78,96.07
2025-08-19 11:55:15.657,518.78,96.07
2025-08-19 11:55:16.658,518.78,96.07
2025-08-19 11:55:17.658,518.78,96.07
2025-08-19 11:55:18.659,518.78,96.07
2025-08-19 11:55:19.661,518.78,100.44
2025-08-19 11:55:20.661,518.78,96.07
2025-08-19 11:55:21.662,518.78,96.07
2025-08-19 11:55:22.664,518.78,100.44
2025-08-19 11:55:23.665,518.78,100.44
2025-08-19 11:55:24.666,518.78,100.44
2025-08-19 11:55:25.666,518.78,96.07
2025-08-19 11:55:26.667,518.78,96.07
2025-08-19 11:55:27.668,518.78,96.07
2025-08-19 11:55:28.669,518.78,96.07
2025-08-19 11:55:29.670,518.78,96.07
2025-08-19 11:55:30.671,518.78,96.07
2025-08-19 11:55:31.672,518.78,96.07
2025-08-19 11:55:32.673,518.78,96.07
2025-08-19 11:55:33.674,518.78,96.07
2025-08-19 11:55:34.675,518.78,96.07
2025-08-19 11:55:35.676,518.78,96.07
2025-08-19 11:55:36.677,518.78,96.07
2025-08-19 11:55:37.678,518.78,96.07
2025-08-19 11:55:38.680,518.78,100.44
2025-08-19 11:55:39.680,518.78,96.07
2025-08-19 11:55:40.681,518.78,96.07
2025-08-19 11:55:41.682,518.78,96.07
2025-08-19 11:55:42.682,518.78,96.07
2025-08-19 11:55:43.683,518.78,96.07
2025-08-19 11:55:44.684,518.78,96.07
2025-08-19 11:55:45.685,518.78,96.07
2025-08-19 11:55:46.686,518.78,96.07
2025-08-19 11:55:47.687,518.78,96.07
2025-08-19 11:55:48.688,518.78,96.07
2025-08-19 11:55:49.688,518.78,96.07
2025-08-19 11:55:50.690,518.78,109.17
2025-08-19 11:55:51.691,518.78,104.80
2025-08-19 11:55:52.692,518.78,100.44
2025-08-19 11:55:53.693,518.78,100.44
2025-08-19 11:55:54.693,518.78,96.07
2025-08-19 11:55:55.694,518.78,100.44
2025-08-19 11:55:56.695,518.78,100.44
2025-08-19 11:55:57.695,518.78,96.07
2025-08-19 11:55:58.696,518.78,96.07
2025-08-19 11:55:59.697,518.78,96.07
2025-08-19 11:56:00.698,518.78,96.07
2025-08-19 11:56:01.699,518.78,96.07
2025-08-19 11:56:02.699,518.78,96.07
2025-08-19 11:56:03.700,518.78,96.07
2025-08-19 11:56:04.701,518.78,96.07
2025-08-19 11:56:05.702,518.78,96.07
2025-08-19 11:56:06.703,518.78,96.07
2025-08-19 11:56:07.705,518.78,100.44
2025-08-19 11:56:08.705,518.78,117.90
2025-08-19 11:56:09.706,518.78,113.54
2025-08-19 11:56:10.707,518.78,113.54
2025-08-19 11:56:11.708,518.78,109.17
2025-08-19 11:56:12.709,518.78,109.17
2025-08-19 11:56:13.710,518.78,109.17
2025-08-19 11:56:14.711,518.78,100.44
2025-08-19 11:56:15.712,518.78,104.80
2025-08-19 11:56:16.713,518.78,122.27
2025-08-19 11:56:17.714,518.78,117.90
2025-08-19 11:56:18.715,518.78,113.54
2025-08-19 11:56:19.716,518.78,109.17
2025-08-19 11:56:20.717,518.78,104.80
2025-08-19 11:56:21.717,518.78,109.17
2025-08-19 11:56:22.718,518.78,104.80
2025-08-19 11:56:23.719,518.78,100.44
2025-08-19 11:56:24.720,518.78,100.44
2025-08-19 11:56:25.720,518.78,100.44
2025-08-19 11:56:26.721,518.78,104.80
2025-08-19 11:56:27.722,518.78,104.80
2025-08-19 11:56:28.723,518.78,104.80
2025-08-19 11:56:29.724,518.78,100.44
2025-08-19 11:56:30.725,518.78,100.44
2025-08-19 11:56:31.724,518.78,96.07
2025-08-19 11:56:32.725,518.78,96.07
2025-08-19 11:56:33.726,518.78,96.07
2025-08-19 11:56:34.727,518.78,96.07
2025-08-19 11:56:35.729,518.78,100.44
2025-08-19 11:56:36.730,518.78,100.44
2025-08-19 11:56:37.730,518.78,100.44
2025-08-19 11:56:38.732,518.78,100.44
2025-08-19 11:56:39.733,518.78,100.44
2025-08-19 11:56:40.734,518.78,100.44
2025-08-19 11:56:41.735,518.78,100.44
2025-08-19 11:56:42.736,518.78,100.44
2025-08-19 11:56:43.737,518.78,100.44
2025-08-19 11:56:44.738,518.78,100.44
2025-08-19 11:56:45.738,518.78,96.07
2025-08-19 11:56:46.739,518.78,91.70
2025-08-19 11:56:47.740,518.78,96.07
2025-08-19 11:56:48.741,518.78,96.07
2025-08-19 11:56:49.742,518.78,91.70
2025-08-19 11:56:50.744,518.78,91.70
2025-08-19 11:56:51.745,518.78,91.70
2025-08-19 11:56:52.746,518.78,96.07
2025-08-19 11:56:53.747,518.78,96.07
2025-08-19 11:56:54.748,518.78,91.70
2025-08-19 11:56:55.749,518.78,91.70
2025-08-19 11:56:56.750,518.78,91.70
2025-08-19 11:56:57.751,518.78,96.07
2025-08-19 11:56:58.752,518.78,96.07
2025-08-19 11:56:59.753,518.78,91.70
2025-08-19 11:57:00.754,518.78,96.07
2025-08-19 11:57:01.755,518.78,96.07
2025-08-19 11:57:02.756,518.78,96.07
2025-08-19 11:57:03.757,518.78,96.07
2025-08-19 11:57:04.758,518.78,96.07
2025-08-19 11:57:05.759,518.78,96.07
2025-08-19 11:57:06.760,518.78,96.07
2025-08-19 11:57:07.761,518.78,96.07
2025-08-19 11:57:08.762,518.78,91.70
2025-08-19 11:57:09.763,518.78,91.70
2025-08-19 11:57:10.764,518.78,96.07
2025-08-19 11:57:11.765,518.78,96.07
2025-08-19 11:57:12.766,518.78,96.07
2025-08-19 11:57:13.767,518.78,96.07
2025-08-19 11:57:14.769,518.78,96.07
2025-08-19 11:57:15.770,518.78,96.07
2025-08-19 11:57:16.771,518.78,96.07
2025-08-19 11:57:17.772,518.78,96.07
2025-08-19 11:57:18.773,518.78,96.07
2025-08-19 11:57:19.774,518.78,96.07
2025-08-19 11:57:20.775,518.78,96.07
2025-08-19 11:57:21.776,518.78,96.07
2025-08-19 11:57:22.777,518.78,96.07
2025-08-19 11:57:23.778,518.78,96.07
2025-08-19 11:57:24.779,518.78,96.07
2025-08-19 11:57:25.780,518.78,96.07
2025-08-19 11:57:26.781,518.78,96.07
2025-08-19 11:57:27.782,518.78,96.07
2025-08-19 11:57:28.783,518.78,96.07
2025-08-19 11:57:29.784,518.78,96.07
2025-08-19 11:57:30.785,518.78,91.70
2025-08-19 11:57:31.786,518.78,91.70
2025-08-19 11:57:32.787,518.78,96.07
2025-08-19 11:57:33.788,518.78,96.07
2025-08-19 11:57:34.789,518.78,96.07
2025-08-19 11:57:35.791,518.78,96.07
2025-08-19 11:57:36.792,518.78,96.07
2025-08-19 11:57:37.793,518.78,96.07
2025-08-19 11:57:38.793,518.78,96.07
2025-08-19 11:57:39.794,518.78,91.70
2025-08-19 11:57:40.795,518.78,91.70
2025-08-19 11:57:41.796,518.78,96.07
2025-08-19 11:57:42.796,518.78,96.07
2025-08-19 11:57:43.797,518.78,96.07
2025-08-19 11:57:44.798,518.78,96.07
2025-08-19 11:57:45.800,518.78,100.44
2025-08-19 11:57:46.799,518.78,96.07
2025-08-19 11:57:47.800,518.78,96.07
2025-08-19 11:57:48.801,518.78,96.07
2025-08-19 11:57:49.802,518.78,96.07
2025-08-19 11:57:50.803,518.78,96.07
2025-08-19 11:57:51.804,518.78,91.70
2025-08-19 11:57:52.805,518.78,96.07
2025-08-19 11:57:53.805,518.78,96.07
2025-08-19 11:57:54.806,518.78,96.07
2025-08-19 11:57:55.807,518.78,96.07
2025-08-19 11:57:56.808,518.78,96.07
2025-08-19 11:57:57.809,518.78,96.07
2025-08-19 11:57:58.810,518.78,96.07
2025-08-19 11:57:59.811,518.78,96.07
2025-08-19 11:58:00.812,518.78,96.07
2025-08-19 11:58:01.813,518.78,91.70
2025-08-19 11:58:02.814,518.78,91.70
2025-08-19 11:58:03.815,518.78,91.70
2025-08-19 11:58:04.816,518.78,91.70
2025-08-19 11:58:05.817,518.78,96.07
2025-08-19 11:58:06.818,518.78,96.07
2025-08-19 11:58:07.819,518.78,91.70
2025-08-19 11:58:08.820,518.78,91.70
2025-08-19 11:58:09.821,518.78,91.70
2025-08-19 11:58:10.822,518.78,91.70
2025-08-19 11:58:11.824,518.78,91.70
2025-08-19 11:58:12.825,518.78,96.07
2025-08-19 11:58:13.826,518.78,96.07
2025-08-19 11:58:14.826,518.78,96.07
2025-08-19 11:58:15.827,518.78,91.70
2025-08-19 11:58:16.828,518.78,91.70
2025-08-19 11:58:17.829,518.78,96.07
2025-08-19 11:58:18.830,518.78,96.07
2025-08-19 11:58:19.831,518.78,96.07
2025-08-19 11:58:20.832,518.78,96.07
2025-08-19 11:58:21.833,518.78,91.70
2025-08-19 11:58:22.834,518.78,91.70
2025-08-19 11:58:23.835,518.78,91.70
2025-08-19 11:58:24.836,518.78,91.70
2025-08-19 11:58:25.837,518.78,91.70
2025-08-19 11:58:26.838,518.78,91.70
2025-08-19 11:58:27.839,518.78,91.70
2025-08-19 11:58:28.840,518.78,91.70
2025-08-19 11:58:29.842,518.78,91.70
2025-08-19 11:58:30.843,518.78,91.70
2025-08-19 11:58:31.844,518.78,91.70
2025-08-19 11:58:32.845,518.78,91.70
2025-08-19 11:58:33.846,518.78,91.70
2025-08-19 11:58:34.847,518.78,96.07
2025-08-19 11:58:35.848,518.78,96.07
2025-08-19 11:58:36.848,518.78,96.07
2025-08-19 11:58:37.849,518.78,96.07
2025-08-19 11:58:38.850,518.78,96.07
2025-08-19 11:58:39.851,518.78,96.07
2025-08-19 11:58:40.852,518.78,96.07
2025-08-19 11:58:41.853,518.78,96.07
2025-08-19 11:58:42.854,518.78,96.07
2025-08-19 11:58:43.854,518.78,96.07
2025-08-19 11:58:44.855,518.78,96.07
2025-08-19 11:58:45.857,518.78,100.44
2025-08-19 11:58:46.858,518.78,104.80
2025-08-19 11:58:47.859,518.78,100.44
2025-08-19 11:58:48.860,518.78,100.44
2025-08-19 11:58:49.861,518.78,100.44
2025-08-19 11:58:50.862,518.78,100.44
2025-08-19 11:58:51.863,518.78,100.44
2025-08-19 11:58:52.863,518.78,96.07
2025-08-19 11:58:53.864,518.78,96.07
2025-08-19 11:58:54.865,518.78,96.07
2025-08-19 11:58:55.866,518.78,96.07
2025-08-19 11:58:56.867,518.78,96.07
2025-08-19 11:58:57.869,518.78,91.70
2025-08-19 11:58:58.870,518.78,91.70
2025-08-19 11:58:59.870,518.78,91.70
2025-08-19 11:59:00.871,518.78,91.70
2025-08-19 11:59:01.872,518.78,91.70
2025-08-19 11:59:02.873,518.78,91.70
2025-08-19 11:59:03.874,518.78,91.70
2025-08-19 11:59:04.875,518.78,91.70
2025-08-19 11:59:05.875,518.78,91.70
2025-08-19 11:59:06.876,518.78,96.07
2025-08-19 11:59:07.877,518.78,96.07
2025-08-19 11:59:08.878,518.78,96.07
2025-08-19 11:59:09.878,518.78,91.70
2025-08-19 11:59:10.879,518.78,91.70
2025-08-19 11:59:11.880,518.78,91.70
2025-08-19 11:59:12.881,518.78,96.07
2025-08-19 11:59:13.882,518.78,91.70
2025-08-19 11:59:14.883,518.78,91.70
2025-08-19 11:59:15.883,518.78,91.70
2025-08-19 11:59:16.884,518.78,91.70
2025-08-19 11:59:17.885,518.78,91.70
2025-08-19 11:59:18.886,518.78,91.70
2025-08-19 11:59:19.886,518.78,91.70
2025-08-19 11:59:20.887,518.78,91.70
2025-08-19 11:59:21.888,518.78,91.70
2025-08-19 11:59:22.888,518.78,91.70
2025-08-19 11:59:23.889,518.78,91.70
2025-08-19 11:59:24.890,511.79,91.70
2025-08-19 11:59:25.890,511.79,91.70
2025-08-19 11:59:26.891,511.79,91.70
2025-08-19 11:59:27.892,511.79,91.70
2025-08-19 11:59:28.893,511.79,91.70
2025-08-19 11:59:29.894,511.79,91.70
2025-08-19 11:59:30.894,511.79,91.70
2025-08-19 11:59:31.895,511.79,91.70
2025-08-19 11:59:32.896,511.79,91.70
2025-08-19 11:59:33.896,511.79,91.70
2025-08-19 11:59:34.897,511.79,91.70
2025-08-19 11:59:35.898,511.79,91.70
2025-08-19 11:59:36.899,511.79,91.70
2025-08-19 11:59:37.900,511.79,91.70
2025-08-19 11:59:38.900,511.79,91.70
2025-08-19 11:59:39.901,511.79,91.70
2025-08-19 11:59:40.902,511.79,91.70
2025-08-19 11:59:41.903,511.79,91.70
2025-08-19 11:59:42.904,511.79,96.07
2025-08-19 11:59:43.905,511.79,96.07
2025-08-19 11:59:44.905,511.79,91.70
2025-08-19 11:59:45.907,511.79,91.70
2025-08-19 11:59:46.908,511.79,91.70
2025-08-19 11:59:47.908,511.79,91.70
2025-08-19 11:59:48.909,511.79,91.70
2025-08-19 11:59:49.911,511.79,91.70
2025-08-19 11:59:50.911,511.79,96.07
2025-08-19 11:59:51.912,511.79,96.07
2025-08-19 11:59:52.913,511.79,96.07
2025-08-19 11:59:53.914,511.79,91.70
2025-08-19 11:59:54.915,511.79,91.70
2025-08-19 11:59:55.916,511.79,91.70
2025-08-19 11:59:56.917,511.79,91.70
2025-08-19 11:59:57.918,511.79,96.07
2025-08-19 11:59:58.918,511.79,96.07
2025-08-19 11:59:59.919,511.79,96.07
2025-08-19 12:00:00.920,511.79,91.70
2025-08-19 12:00:01.921,511.79,91.70
2025-08-19 12:00:02.921,511.79,91.70
2025-08-19 12:00:03.922,511.79,96.07
2025-08-19 12:00:04.923,511.79,96.07
2025-08-19 12:00:05.924,511.79,96.07
2025-08-19 12:00:06.925,511.79,96.07
2025-08-19 12:00:07.925,511.79,96.07
2025-08-19 12:00:08.926,511.79,96.07
2025-08-19 12:00:09.927,511.79,96.07
2025-08-19 12:00:10.928,511.79,96.07
2025-08-19 12:00:11.928,511.79,96.07
2025-08-19 12:00:12.929,511.79,96.07
2025-08-19 12:00:13.930,511.79,96.07
2025-08-19 12:00:14.930,511.79,96.07
2025-08-19 12:00:15.931,511.79,96.07
2025-08-19 12:00:16.931,511.79,96.07
2025-08-19 12:00:17.932,511.79,96.07
2025-08-19 12:00:18.933,511.79,91.70
2025-08-19 12:00:19.933,511.79,96.07
2025-08-19 12:00:20.934,511.79,91.70
2025-08-19 12:00:21.935,511.79,91.70
2025-08-19 12:00:22.935,511.79,91.70
2025-08-19 12:00:23.936,511.79,91.70
2025-08-19 12:00:24.937,511.79,91.70
2025-08-19 12:00:25.937,511.79,91.70
2025-08-19 12:00:26.938,511.79,91.70
2025-08-19 12:00:27.939,511.79,91.70
2025-08-19 12:00:28.940,511.79,91.70
2025-08-19 12:00:29.941,511.79,91.70
2025-08-19 12:00:30.941,511.79,91.70
2025-08-19 12:00:31.942,511.79,91.70
2025-08-19 12:00:32.943,511.79,91.70
2025-08-19 12:00:33.944,511.79,91.70
2025-08-19 12:00:34.945,511.79,91.70
2025-08-19 12:00:35.946,511.79,91.70
2025-08-19 12:00:36.946,511.79,91.70
2025-08-19 12:00:37.947,511.79,91.70
2025-08-19 12:00:38.948,511.79,91.70
2025-08-19 12:00:39.949,511.79,91.70
2025-08-19 12:00:40.950,511.79,96.07
2025-08-19 12:00:41.950,511.79,96.07
2025-08-19 12:00:42.951,511.79,91.70
2025-08-19 12:00:43.952,511.79,91.70
2025-08-19 12:00:44.953,511.79,91.70
2025-08-19 12:00:45.953,511.79,91.70
2025-08-19 12:00:46.954,511.79,91.70
2025-08-19 12:00:47.955,511.79,91.70
2025-08-19 12:00:48.955,511.79,91.70
2025-08-19 12:00:49.957,511.79,100.44
2025-08-19 12:00:50.957,511.79,96.07
2025-08-19 12:00:51.957,511.79,96.07
2025-08-19 12:00:52.958,511.79,96.07
2025-08-19 12:00:53.959,511.79,96.07
2025-08-19 12:00:54.960,511.79,96.07
2025-08-19 12:00:55.961,511.79,96.07
2025-08-19 12:00:56.961,511.79,96.07
2025-08-19 12:00:57.962,511.79,91.70
2025-08-19 12:00:58.963,511.79,91.70
2025-08-19 12:00:59.964,511.79,96.07
2025-08-19 12:01:00.965,511.79,91.70
2025-08-19 12:01:01.965,511.79,91.70
2025-08-19 12:01:02.966,511.79,91.70
2025-08-19 12:01:03.967,511.79,91.70
2025-08-19 12:01:04.967,511.79,91.70
2025-08-19 12:01:05.968,511.79,91.70
2025-08-19 12:01:06.969,511.79,91.70
2025-08-19 12:01:07.969,511.79,91.70
2025-08-19 12:01:08.970,511.79,91.70
2025-08-19 12:01:09.971,511.79,91.70
2025-08-19 12:01:10.971,511.79,91.70
2025-08-19 12:01:11.972,511.79,91.70
2025-08-19 12:01:12.973,511.79,91.70
2025-08-19 12:01:13.974,511.79,91.70
2025-08-19 12:01:14.974,511.79,91.70
2025-08-19 12:01:15.975,511.79,91.70
2025-08-19 12:01:16.976,511.79,91.70
2025-08-19 12:01:17.977,511.79,91.70
2025-08-19 12:01:18.977,511.79,91.70
2025-08-19 12:01:19.978,511.79,91.70
2025-08-19 12:01:20.979,511.79,91.70
2025-08-19 12:01:21.980,511.79,91.70
2025-08-19 12:01:22.981,511.79,91.70
2025-08-19 12:01:23.982,511.79,91.70
2025-08-19 12:01:24.983,511.79,91.70
2025-08-19 12:01:25.983,511.79,91.70
2025-08-19 12:01:26.984,511.79,91.70
2025-08-19 12:01:27.985,511.79,91.70
2025-08-19 12:01:28.986,511.79,91.70
2025-08-19 12:01:29.987,511.79,91.70
2025-08-19 12:01:30.988,511.79,91.70
2025-08-19 12:01:31.989,511.79,91.70
2025-08-19 12:01:32.990,511.79,91.70
2025-08-19 12:01:33.991,511.79,91.70
2025-08-19 12:01:34.991,511.79,91.70
2025-08-19 12:01:35.992,511.79,91.70
2025-08-19 12:01:36.993,511.79,91.70
2025-08-19 12:01:37.994,511.79,91.70
2025-08-19 12:01:38.995,511.79,96.07
2025-08-19 12:01:39.996,504.80,91.70
2025-08-19 12:01:40.997,504.80,91.70
2025-08-19 12:01:41.998,504.80,91.70
2025-08-19 12:01:42.999,504.80,91.70
2025-08-19 12:01:43.999,504.80,91.70
2025-08-19 12:01:45.000,504.80,91.70
2025-08-19 12:01:46.001,504.80,91.70
2025-08-19 12:01:47.002,504.80,91.70
2025-08-19 12:01:48.003,504.80,91.70
2025-08-19 12:01:49.004,504.80,91.70
2025-08-19 12:01:50.005,504.80,91.70
2025-08-19 12:01:51.005,504.80,91.70
2025-08-19 12:01:52.006,504.80,91.70
2025-08-19 12:01:53.007,504.80,91.70
2025-08-19 12:01:54.008,504.80,91.70
2025-08-19 12:01:55.009,504.80,91.70
2025-08-19 12:01:56.009,504.80,91.70
2025-08-19 12:01:57.010,504.80,91.70
2025-08-19 12:01:58.011,504.80,91.70
2025-08-19 12:01:59.011,504.80,91.70
2025-08-19 12:02:00.012,504.80,91.70
2025-08-19 12:02:01.013,504.80,91.70
2025-08-19 12:02:02.014,504.80,91.70
2025-08-19 12:02:03.015,504.80,96.07
2025-08-19 12:02:04.016,504.80,91.70
2025-08-19 12:02:05.017,504.80,91.70
2025-08-19 12:02:06.017,504.80,91.70
2025-08-19 12:02:07.018,504.80,91.70
2025-08-19 12:02:08.019,504.80,91.70
2025-08-19 12:02:09.020,504.80,96.07
2025-08-19 12:02:10.021,504.80,96.07
2025-08-19 12:02:11.022,504.80,96.07
2025-08-19 12:02:12.023,504.80,96.07
2025-08-19 12:02:13.025,504.80,91.70
2025-08-19 12:02:14.026,504.80,91.70
2025-08-19 12:02:15.027,504.80,91.70
2025-08-19 12:02:16.028,504.80,91.70
2025-08-19 12:02:17.029,504.80,91.70
2025-08-19 12:02:18.030,504.80,91.70
2025-08-19 12:02:19.031,504.80,91.70
2025-08-19 12:02:20.032,504.80,91.70
2025-08-19 12:02:21.033,504.80,91.70
2025-08-19 12:02:22.034,504.80,91.70
2025-08-19 12:02:23.035,504.80,91.70
2025-08-19 12:02:24.036,504.80,91.70
2025-08-19 12:02:25.037,504.80,91.70
2025-08-19 12:02:26.038,504.80,91.70
2025-08-19 12:02:27.039,504.80,91.70
2025-08-19 12:02:28.039,504.80,91.70
2025-08-19 12:02:29.040,504.80,91.70
2025-08-19 12:02:30.041,504.80,91.70
2025-08-19 12:02:31.041,504.80,91.70
2025-08-19 12:02:32.042,504.80,91.70
2025-08-19 12:02:33.042,504.80,96.07
2025-08-19 12:02:34.043,504.80,96.07
2025-08-19 12:02:35.043,504.80,96.07
2025-08-19 12:02:36.044,504.80,96.07
2025-08-19 12:02:37.044,504.80,96.07
2025-08-19 12:02:38.045,504.80,91.70
2025-08-19 12:02:39.046,504.80,91.70
2025-08-19 12:02:40.046,504.80,91.70
2025-08-19 12:02:41.047,504.80,96.07
2025-08-19 12:02:42.048,504.80,96.07
2025-08-19 12:02:43.048,504.80,96.07
2025-08-19 12:02:44.049,504.80,91.70
2025-08-19 12:02:45.050,504.80,91.70
2025-08-19 12:02:46.051,504.80,91.70
2025-08-19 12:02:47.052,504.80,91.70
2025-08-19 12:02:48.052,504.80,91.70
2025-08-19 12:02:49.053,504.80,91.70
2025-08-19 12:02:50.054,504.80,91.70
2025-08-19 12:02:51.055,504.80,91.70
2025-08-19 12:02:52.056,504.80,91.70
2025-08-19 12:02:53.056,504.80,91.70
2025-08-19 12:02:54.057,504.80,91.70
2025-08-19 12:02:55.058,504.80,91.70
2025-08-19 12:02:56.058,504.80,91.70
2025-08-19 12:02:57.059,504.80,91.70
2025-08-19 12:02:58.060,504.80,91.70
2025-08-19 12:02:59.060,504.80,91.70
2025-08-19 12:03:00.061,504.80,91.70
2025-08-19 12:03:01.062,504.80,91.70
2025-08-19 12:03:02.062,504.80,91.70
2025-08-19 12:03:03.063,504.80,91.70
2025-08-19 12:03:04.064,504.80,91.70
2025-08-19 12:03:05.065,504.80,91.70
2025-08-19 12:03:06.066,504.80,91.70
2025-08-19 12:03:07.067,504.80,91.70
2025-08-19 12:03:08.068,504.80,91.70
2025-08-19 12:03:09.069,504.80,91.70
2025-08-19 12:03:10.070,504.80,91.70
2025-08-19 12:03:11.071,504.80,91.70
2025-08-19 12:03:12.071,504.80,91.70
2025-08-19 12:03:13.072,504.80,96.07
2025-08-19 12:03:14.073,504.80,96.07
2025-08-19 12:03:15.073,504.80,96.07
2025-08-19 12:03:16.074,504.80,96.07
2025-08-19 12:03:17.075,504.80,96.07
2025-08-19 12:03:18.076,504.80,96.07
2025-08-19 12:03:19.076,504.80,96.07
2025-08-19 12:03:20.077,504.80,96.07
2025-08-19 12:03:21.078,504.80,96.07
2025-08-19 12:03:22.078,504.80,96.07
2025-08-19 12:03:23.079,504.80,96.07
2025-08-19 12:03:24.080,504.80,96.07
2025-08-19 12:03:25.081,504.80,96.07
2025-08-19 12:03:26.082,504.80,96.07
2025-08-19 12:03:27.083,504.80,96.07
2025-08-19 12:03:28.084,504.80,96.07
2025-08-19 12:03:29.084,504.80,91.70
2025-08-19 12:03:30.085,504.80,96.07
2025-08-19 12:03:31.086,504.80,91.70
2025-08-19 12:03:32.087,504.80,91.70
2025-08-19 12:03:33.087,504.80,91.70
2025-08-19 12:03:34.088,504.80,91.70
2025-08-19 12:03:35.089,504.80,91.70
2025-08-19 12:03:36.089,504.80,91.70
2025-08-19 12:03:37.090,504.80,96.07
2025-08-19 12:03:38.090,504.80,96.07
2025-08-19 12:03:39.091,504.80,96.07
2025-08-19 12:03:40.092,504.80,96.07
2025-08-19 12:03:41.093,504.80,96.07
2025-08-19 12:03:42.094,504.80,96.07
2025-08-19 12:03:43.095,504.80,96.07
2025-08-19 12:03:44.096,504.80,91.70
2025-08-19 12:03:45.096,504.80,91.70
2025-08-19 12:03:46.097,504.80,91.70
2025-08-19 12:03:47.098,504.80,91.70
2025-08-19 12:03:48.098,504.80,91.70
2025-08-19 12:03:49.099,504.80,91.70
2025-08-19 12:03:50.100,504.80,91.70
2025-08-19 12:03:51.101,504.80,91.70
2025-08-19 12:03:52.102,504.80,96.07
2025-08-19 12:03:53.103,504.80,91.70
2025-08-19 12:03:54.104,504.80,96.07
2025-08-19 12:03:55.105,504.80,91.70
2025-08-19 12:03:56.105,504.80,91.70
2025-08-19 12:03:57.106,504.80,91.70
2025-08-19 12:03:58.107,504.80,91.70
2025-08-19 12:03:59.107,504.80,91.70
2025-08-19 12:04:00.108,504.80,91.70
2025-08-19 12:04:01.109,504.80,96.07
2025-08-19 12:04:02.111,504.80,100.44
2025-08-19 12:04:03.111,504.80,100.44
2025-08-19 12:04:04.111,504.80,96.07
2025-08-19 12:04:05.111,504.80,96.07
2025-08-19 12:04:06.112,504.80,96.07
2025-08-19 12:04:07.112,504.80,96.07
2025-08-19 12:04:08.113,504.80,96.07
2025-08-19 12:04:09.114,504.80,96.07
2025-08-19 12:04:10.115,504.80,91.70
2025-08-19 12:04:11.116,504.80,91.70
2025-08-19 12:04:12.117,504.80,91.70
2025-08-19 12:04:13.117,504.80,91.70
2025-08-19 12:04:14.118,504.80,91.70
2025-08-19 12:04:15.118,504.80,96.07
2025-08-19 12:04:16.119,504.80,96.07
2025-08-19 12:04:17.120,504.80,91.70
2025-08-19 12:04:18.121,504.80,96.07
2025-08-19 12:04:19.121,504.80,96.07
2025-08-19 12:04:20.122,504.80,96.07
2025-08-19 12:04:21.123,504.80,96.07
2025-08-19 12:04:22.124,504.80,96.07
2025-08-19 12:04:23.124,504.80,96.07
2025-08-19 12:04:24.125,504.80,96.07
2025-08-19 12:04:25.126,504.80,96.07
2025-08-19 12:04:26.127,504.80,96.07
2025-08-19 12:04:27.127,504.80,96.07
2025-08-19 12:04:28.128,504.80,96.07
2025-08-19 12:04:29.129,504.80,96.07
2025-08-19 12:04:30.130,504.80,96.07
2025-08-19 12:04:31.130,504.80,96.07
2025-08-19 12:04:32.131,504.80,96.07
2025-08-19 12:04:33.131,504.80,96.07
2025-08-19 12:04:34.132,504.80,96.07
2025-08-19 12:04:35.133,504.80,96.07
2025-08-19 12:04:36.133,504.80,91.70
2025-08-19 12:04:37.134,504.80,91.70
2025-08-19 12:04:38.135,504.80,96.07
2025-08-19 12:04:39.135,504.80,91.70
2025-08-19 12:04:40.136,504.80,91.70
2025-08-19 12:04:41.137,504.80,96.07
2025-08-19 12:04:42.137,504.80,96.07
2025-08-19 12:04:43.138,504.80,96.07
2025-08-19 12:04:44.139,504.80,96.07
2025-08-19 12:04:45.140,504.80,91.70
2025-08-19 12:04:46.140,504.80,91.70
2025-08-19 12:04:47.141,504.80,91.70
2025-08-19 12:04:48.142,504.80,91.70
2025-08-19 12:04:49.143,504.80,91.70
2025-08-19 12:04:50.143,504.80,91.70
2025-08-19 12:04:51.144,504.80,96.07
2025-08-19 12:04:52.145,504.80,96.07
2025-08-19 12:04:53.145,504.80,96.07
2025-08-19 12:04:54.146,504.80,96.07
2025-08-19 12:04:55.147,504.80,96.07
2025-08-19 12:04:56.148,504.80,96.07
2025-08-19 12:04:57.149,504.80,96.07
2025-08-19 12:04:58.150,504.80,96.07
2025-08-19 12:04:59.150,504.80,96.07
2025-08-19 12:05:00.151,504.80,96.07
2025-08-19 12:05:01.152,504.80,96.07
2025-08-19 12:05:02.153,504.80,96.07
2025-08-19 12:05:03.154,504.80,96.07
2025-08-19 12:05:04.154,504.80,96.07
2025-08-19 12:05:05.155,504.80,91.70
2025-08-19 12:05:06.156,504.80,91.70
2025-08-19 12:05:07.156,504.80,91.70
2025-08-19 12:05:08.157,504.80,91.70
2025-08-19 12:05:09.158,504.80,91.70
2025-08-19 12:05:10.158,504.80,91.70
2025-08-19 12:05:11.159,504.80,91.70
2025-08-19 12:05:12.160,504.80,91.70
2025-08-19 12:05:13.161,497.82,91.70
2025-08-19 12:05:14.162,497.82,91.70
2025-08-19 12:05:15.162,497.82,91.70
2025-08-19 12:05:16.163,497.82,91.70
2025-08-19 12:05:17.164,497.82,96.07
2025-08-19 12:05:18.164,497.82,91.70
2025-08-19 12:05:19.165,497.82,91.70
2025-08-19 12:05:20.166,497.82,91.70
2025-08-19 12:05:21.166,497.82,91.70
2025-08-19 12:05:22.167,497.82,96.07
2025-08-19 12:05:23.167,497.82,96.07
2025-08-19 12:05:24.168,497.82,96.07
2025-08-19 12:05:25.169,497.82,96.07
2025-08-19 12:05:26.169,497.82,96.07
2025-08-19 12:05:27.170,497.82,96.07
2025-08-19 12:05:28.171,497.82,96.07
2025-08-19 12:05:29.172,497.82,96.07
2025-08-19 12:05:30.173,497.82,91.70
2025-08-19 12:05:31.174,497.82,91.70
2025-08-19 12:05:32.175,497.82,91.70
2025-08-19 12:05:33.176,497.82,91.70
2025-08-19 12:05:34.177,497.82,91.70
2025-08-19 12:05:35.177,497.82,91.70
2025-08-19 12:05:36.178,497.82,91.70
2025-08-19 12:05:37.179,497.82,96.07
2025-08-19 12:05:38.180,497.82,96.07
2025-08-19 12:05:39.181,497.82,96.07
2025-08-19 12:05:40.183,497.82,96.07
2025-08-19 12:05:41.184,497.82,91.70
2025-08-19 12:05:42.185,497.82,96.07
2025-08-19 12:05:43.186,497.82,91.70
2025-08-19 12:05:44.188,497.82,91.70
2025-08-19 12:05:45.189,497.82,91.70
2025-08-19 12:05:46.190,497.82,91.70
2025-08-19 12:05:47.191,497.82,96.07
2025-08-19 12:05:48.192,497.82,91.70
2025-08-19 12:05:49.193,497.82,91.70
2025-08-19 12:05:50.194,497.82,91.70
2025-08-19 12:05:51.195,497.82,91.70
2025-08-19 12:05:52.196,497.82,91.70
2025-08-19 12:05:53.196,497.82,96.07
2025-08-19 12:05:54.197,497.82,91.70
2025-08-19 12:05:55.198,497.82,96.07
2025-08-19 12:05:56.199,497.82,96.07
2025-08-19 12:05:57.199,497.82,91.70
2025-08-19 12:05:58.200,497.82,96.07
2025-08-19 12:05:59.201,497.82,96.07
2025-08-19 12:06:00.201,497.82,96.07
2025-08-19 12:06:01.202,497.82,96.07
2025-08-19 12:06:02.203,497.82,91.70
2025-08-19 12:06:03.204,497.82,91.70
2025-08-19 12:06:04.204,497.82,96.07
2025-08-19 12:06:05.205,497.82,96.07
2025-08-19 12:06:06.206,497.82,96.07
2025-08-19 12:06:07.207,497.82,96.07
2025-08-19 12:06:08.208,497.82,96.07
2025-08-19 12:06:09.209,497.82,96.07
2025-08-19 12:06:10.209,497.82,96.07
2025-08-19 12:06:11.210,497.82,96.07
2025-08-19 12:06:12.211,497.82,96.07
2025-08-19 12:06:13.212,497.82,96.07
2025-08-19 12:06:14.213,497.82,96.07
2025-08-19 12:06:15.213,497.82,96.07
2025-08-19 12:06:16.214,497.82,96.07
2025-08-19 12:06:17.215,497.82,96.07
2025-08-19 12:06:18.216,497.82,96.07
2025-08-19 12:06:19.217,497.82,96.07
2025-08-19 12:06:20.218,497.82,96.07
2025-08-19 12:06:21.219,497.82,96.07
2025-08-19 12:06:22.220,497.82,96.07
2025-08-19 12:06:23.221,497.82,96.07
2025-08-19 12:06:24.222,497.82,96.07
2025-08-19 12:06:25.222,497.82,96.07
2025-08-19 12:06:26.223,497.82,96.07
2025-08-19 12:06:27.224,497.82,96.07
2025-08-19 12:06:28.225,497.82,96.07
2025-08-19 12:06:29.226,497.82,96.07
2025-08-19 12:06:30.227,497.82,96.07
2025-08-19 12:06:31.228,497.82,96.07
2025-08-19 12:06:32.228,497.82,96.07
2025-08-19 12:06:33.229,497.82,96.07
2025-08-19 12:06:34.230,497.82,96.07
2025-08-19 12:06:35.231,497.82,96.07
2025-08-19 12:06:36.232,497.82,96.07
2025-08-19 12:06:37.232,497.82,96.07
2025-08-19 12:06:38.233,497.82,96.07
2025-08-19 12:06:39.234,497.82,96.07
2025-08-19 12:06:40.236,497.82,109.17
2025-08-19 12:06:41.237,497.82,113.54
2025-08-19 12:06:42.237,497.82,113.54
2025-08-19 12:06:43.238,497.82,109.17
2025-08-19 12:06:44.239,497.82,100.44
2025-08-19 12:06:45.240,497.82,100.44
2025-08-19 12:06:46.239,497.82,96.07
2025-08-19 12:06:47.241,497.82,100.44
2025-08-19 12:06:48.242,497.82,104.80
2025-08-19 12:06:49.243,497.82,104.80
2025-08-19 12:06:50.243,497.82,100.44
2025-08-19 12:06:51.244,497.82,100.44
2025-08-19 12:06:52.244,497.82,96.07
2025-08-19 12:06:53.245,497.82,96.07
2025-08-19 12:06:54.245,497.82,96.07
2025-08-19 12:06:55.246,497.82,96.07
2025-08-19 12:06:56.248,497.82,100.44
2025-08-19 12:06:57.249,497.82,100.44
2025-08-19 12:06:58.249,497.82,100.44
2025-08-19 12:06:59.250,497.82,104.80
2025-08-19 12:07:00.251,497.82,104.80
2025-08-19 12:07:01.252,497.82,104.80
2025-08-19 12:07:02.253,504.80,104.80
2025-08-19 12:07:03.254,504.80,104.80
2025-08-19 12:07:04.254,504.80,100.44
2025-08-19 12:07:05.255,504.80,100.44
2025-08-19 12:07:06.256,504.80,100.44
2025-08-19 12:07:07.257,504.80,100.44
2025-08-19 12:07:08.256,504.80,96.07
2025-08-19 12:07:09.258,504.80,100.44
2025-08-19 12:07:10.259,504.80,104.80
2025-08-19 12:07:11.260,504.80,104.80
2025-08-19 12:07:12.261,504.80,104.80
2025-08-19 12:07:13.261,504.80,96.07
2025-08-19 12:07:14.262,504.80,100.44
2025-08-19 12:07:15.263,504.80,100.44
2025-08-19 12:07:16.264,504.80,104.80
2025-08-19 12:07:17.265,504.80,104.80
2025-08-19 12:07:18.266,504.80,104.80
2025-08-19 12:07:19.267,504.80,104.80
2025-08-19 12:07:20.267,504.80,100.44
2025-08-19 12:07:21.268,504.80,100.44
2025-08-19 12:07:22.268,504.80,96.07
2025-08-19 12:07:23.268,504.80,96.07
2025-08-19 12:07:24.270,504.80,100.44
2025-08-19 12:07:25.269,504.80,96.07
2025-08-19 12:07:26.270,504.80,96.07
2025-08-19 12:07:27.271,504.80,96.07
2025-08-19 12:07:28.272,504.80,96.07
2025-08-19 12:07:29.272,504.80,96.07
2025-08-19 12:07:30.274,504.80,100.44
2025-08-19 12:07:31.274,504.80,96.07
2025-08-19 12:07:32.274,504.80,96.07
2025-08-19 12:07:33.275,504.80,96.07
2025-08-19 12:07:34.276,504.80,96.07
2025-08-19 12:07:35.276,504.80,96.07
2025-08-19 12:07:36.277,504.80,96.07
2025-08-19 12:07:37.278,504.80,96.07
2025-08-19 12:07:38.278,504.80,96.07
2025-08-19 12:07:39.280,504.80,96.07
2025-08-19 12:07:40.280,504.80,96.07
2025-08-19 12:07:41.282,504.80,100.44
2025-08-19 12:07:42.282,504.80,96.07
2025-08-19 12:07:43.284,504.80,100.44
2025-08-19 12:07:44.284,504.80,109.17
2025-08-19 12:07:45.285,504.80,109.17
2025-08-19 12:07:46.286,504.80,104.80
2025-08-19 12:07:47.286,504.80,109.17
2025-08-19 12:07:48.287,504.80,109.17
2025-08-19 12:07:49.288,504.80,100.44
2025-08-19 12:07:50.289,504.80,100.44
2025-08-19 12:07:51.289,504.80,100.44
2025-08-19 12:07:52.290,504.80,100.44
2025-08-19 12:07:53.290,504.80,96.07
2025-08-19 12:07:54.292,504.80,100.44
2025-08-19 12:07:55.292,504.80,100.44
2025-08-19 12:07:56.293,504.80,100.44
2025-08-19 12:07:57.294,504.80,100.44
2025-08-19 12:07:58.294,504.80,100.44
2025-08-19 12:07:59.294,504.80,96.07
2025-08-19 12:08:00.296,504.80,104.80
2025-08-19 12:08:01.296,504.80,104.80
2025-08-19 12:08:02.297,504.80,100.44
2025-08-19 12:08:03.297,504.80,100.44
2025-08-19 12:08:04.298,504.80,100.44
2025-08-19 12:08:05.298,504.80,100.44
2025-08-19 12:08:06.299,504.80,100.44
2025-08-19 12:08:07.299,504.80,100.44
2025-08-19 12:08:08.300,504.80,100.44
2025-08-19 12:08:09.301,504.80,100.44
2025-08-19 12:08:10.300,504.80,96.07
2025-08-19 12:08:11.301,504.80,96.07
2025-08-19 12:08:12.302,504.80,96.07
2025-08-19 12:08:13.302,504.80,96.07
2025-08-19 12:08:14.303,504.80,96.07
2025-08-19 12:08:15.304,504.80,96.07
2025-08-19 12:08:16.305,504.80,96.07
2025-08-19 12:08:17.305,504.80,96.07
2025-08-19 12:08:18.306,504.80,96.07
2025-08-19 12:08:19.307,504.80,96.07
2025-08-19 12:08:20.308,504.80,96.07
2025-08-19 12:08:21.309,504.80,96.07
2025-08-19 12:08:22.309,504.80,96.07
2025-08-19 12:08:23.310,504.80,96.07
2025-08-19 12:08:24.311,504.80,96.07
2025-08-19 12:08:25.312,504.80,96.07
2025-08-19 12:08:26.313,504.80,96.07
2025-08-19 12:08:27.314,504.80,96.07
2025-08-19 12:08:28.315,504.80,96.07
2025-08-19 12:08:29.316,504.80,96.07
2025-08-19 12:08:30.317,504.80,96.07
2025-08-19 12:08:31.319,504.80,96.07
2025-08-19 12:08:32.320,504.80,96.07
2025-08-19 12:08:33.321,504.80,96.07
2025-08-19 12:08:34.322,504.80,96.07
2025-08-19 12:08:35.323,504.80,96.07
2025-08-19 12:08:36.324,504.80,96.07
2025-08-19 12:08:37.324,504.80,96.07
2025-08-19 12:08:38.325,504.80,96.07
2025-08-19 12:08:39.327,504.80,96.07
2025-08-19 12:08:40.329,504.80,100.44
2025-08-19 12:08:41.328,504.80,96.07
2025-08-19 12:08:42.329,504.80,96.07
2025-08-19 12:08:43.330,504.80,96.07
2025-08-19 12:08:44.331,504.80,96.07
2025-08-19 12:08:45.332,504.80,96.07
2025-08-19 12:08:46.333,504.80,96.07
2025-08-19 12:08:47.333,504.80,96.07
2025-08-19 12:08:48.334,504.80,96.07
2025-08-19 12:08:49.335,504.80,96.07
2025-08-19 12:08:50.336,504.80,96.07
2025-08-19 12:08:51.337,504.80,96.07
2025-08-19 12:08:52.338,504.80,96.07
2025-08-19 12:08:53.338,504.80,96.07
2025-08-19 12:08:54.339,504.80,96.07
2025-08-19 12:08:55.340,504.80,96.07
2025-08-19 12:08:56.341,504.80,96.07
2025-08-19 12:08:57.342,504.80,96.07
2025-08-19 12:08:58.343,504.80,96.07
2025-08-19 12:08:59.343,504.80,96.07
2025-08-19 12:09:00.344,504.80,96.07
2025-08-19 12:09:01.345,504.80,96.07
2025-08-19 12:09:02.346,504.80,96.07
2025-08-19 12:09:03.347,504.80,96.07
2025-08-19 12:09:04.348,504.80,96.07
2025-08-19 12:09:05.349,504.80,96.07
2025-08-19 12:09:06.349,504.80,96.07
2025-08-19 12:09:07.350,504.80,96.07
2025-08-19 12:09:08.351,504.80,96.07
2025-08-19 12:09:09.352,504.80,96.07
2025-08-19 12:09:10.353,504.80,96.07
2025-08-19 12:09:11.354,504.80,96.07
2025-08-19 12:09:12.355,504.80,96.07
2025-08-19 12:09:13.355,504.80,96.07
2025-08-19 12:09:14.356,504.80,96.07
2025-08-19 12:09:15.357,504.80,96.07
2025-08-19 12:09:16.358,504.80,96.07
2025-08-19 12:09:17.359,504.80,96.07
2025-08-19 12:09:18.360,504.80,96.07
2025-08-19 12:09:19.360,504.80,96.07
2025-08-19 12:09:20.361,504.80,96.07
2025-08-19 12:09:21.362,504.80,96.07
2025-08-19 12:09:22.363,504.80,96.07
2025-08-19 12:09:23.364,504.80,96.07
2025-08-19 12:09:24.365,504.80,96.07
2025-08-19 12:09:25.366,504.80,96.07
2025-08-19 12:09:26.367,504.80,96.07
2025-08-19 12:09:27.368,504.80,96.07
2025-08-19 12:09:28.369,504.80,96.07
2025-08-19 12:09:29.371,504.80,96.07
2025-08-19 12:09:30.372,504.80,96.07
2025-08-19 12:09:31.372,504.80,96.07
2025-08-19 12:09:32.373,504.80,96.07
2025-08-19 12:09:33.374,504.80,96.07
2025-08-19 12:09:34.375,504.80,96.07
2025-08-19 12:09:35.376,504.80,96.07
2025-08-19 12:09:36.376,504.80,96.07
2025-08-19 12:09:37.377,504.80,96.07
2025-08-19 12:09:38.378,504.80,96.07
2025-08-19 12:09:39.379,504.80,96.07
2025-08-19 12:09:40.379,504.80,96.07
2025-08-19 12:09:41.380,504.80,96.07
2025-08-19 12:09:42.381,504.80,96.07
2025-08-19 12:09:43.382,504.80,96.07
2025-08-19 12:09:44.383,504.80,96.07
2025-08-19 12:09:45.384,504.80,96.07
2025-08-19 12:09:46.385,504.80,96.07
2025-08-19 12:09:47.386,504.80,96.07
2025-08-19 12:09:48.386,504.80,96.07
2025-08-19 12:09:49.387,504.80,96.07
2025-08-19 12:09:50.388,504.80,96.07
2025-08-19 12:09:51.390,504.80,100.44
2025-08-19 12:09:52.390,504.80,96.07
2025-08-19 12:09:53.390,504.80,96.07
2025-08-19 12:09:54.391,504.80,96.07
2025-08-19 12:09:55.392,504.80,96.07
2025-08-19 12:09:56.394,504.80,100.44
2025-08-19 12:09:57.393,504.80,96.07
2025-08-19 12:09:58.394,504.80,96.07
2025-08-19 12:09:59.395,504.80,96.07
2025-08-19 12:10:00.396,504.80,96.07
2025-08-19 12:10:01.397,504.80,96.07
2025-08-19 12:10:02.398,504.80,96.07
2025-08-19 12:10:03.399,504.80,96.07
2025-08-19 12:10:04.399,504.80,96.07
2025-08-19 12:10:05.400,504.80,96.07
2025-08-19 12:10:06.401,504.80,96.07
2025-08-19 12:10:07.402,504.80,96.07
2025-08-19 12:10:08.402,504.80,96.07
2025-08-19 12:10:09.403,504.80,96.07
2025-08-19 12:10:10.403,504.80,96.07
2025-08-19 12:10:11.404,504.80,96.07
2025-08-19 12:10:12.405,504.80,96.07
2025-08-19 12:10:13.406,504.80,96.07
2025-08-19 12:10:14.406,504.80,96.07
2025-08-19 12:10:15.407,504.80,96.07
2025-08-19 12:10:16.407,504.80,96.07
2025-08-19 12:10:17.408,504.80,96.07
2025-08-19 12:10:18.408,504.80,96.07
2025-08-19 12:10:19.410,504.80,100.44
2025-08-19 12:10:20.411,504.80,100.44
2025-08-19 12:10:21.411,504.80,100.44
2025-08-19 12:10:22.412,504.80,100.44
2025-08-19 12:10:23.412,504.80,96.07
2025-08-19 12:10:24.412,504.80,96.07
2025-08-19 12:10:25.413,504.80,96.07
2025-08-19 12:10:26.414,504.80,96.07
2025-08-19 12:10:27.415,504.80,96.07
2025-08-19 12:10:28.415,504.80,96.07
2025-08-19 12:10:29.416,504.80,96.07
2025-08-19 12:10:30.417,504.80,96.07
2025-08-19 12:10:31.417,504.80,96.07
2025-08-19 12:10:32.419,504.80,100.44
2025-08-19 12:10:33.418,504.80,96.07
2025-08-19 12:10:34.419,504.80,96.07
2025-08-19 12:10:35.419,504.80,96.07
2025-08-19 12:10:36.420,504.80,96.07
2025-08-19 12:10:37.420,504.80,96.07
2025-08-19 12:10:38.421,504.80,96.07
2025-08-19 12:10:39.422,504.80,96.07
2025-08-19 12:10:40.422,504.80,96.07
2025-08-19 12:10:41.423,504.80,96.07
2025-08-19 12:10:42.423,504.80,96.07
2025-08-19 12:10:43.424,504.80,96.07
2025-08-19 12:10:44.425,504.80,96.07
2025-08-19 12:10:45.425,504.80,96.07
2025-08-19 12:10:46.426,504.80,96.07
2025-08-19 12:10:47.427,504.80,96.07
2025-08-19 12:10:48.429,504.80,100.44
2025-08-19 12:10:49.430,504.80,100.44
2025-08-19 12:10:50.430,504.80,100.44
2025-08-19 12:10:51.431,504.80,113.54
2025-08-19 12:10:52.431,504.80,113.54
2025-08-19 12:10:53.432,504.80,104.80
2025-08-19 12:10:54.432,504.80,100.44
2025-08-19 12:10:55.433,504.80,100.44
2025-08-19 12:10:56.433,504.80,100.44
2025-08-19 12:10:57.434,504.80,100.44
2025-08-19 12:10:58.434,504.80,100.44
2025-08-19 12:10:59.435,504.80,100.44
2025-08-19 12:11:00.436,504.80,100.44
2025-08-19 12:11:01.437,504.80,100.44
2025-08-19 12:11:02.437,504.80,100.44
2025-08-19 12:11:03.438,504.80,100.44
2025-08-19 12:11:04.438,504.80,100.44
2025-08-19 12:11:05.439,504.80,100.44
2025-08-19 12:11:06.439,504.80,96.07
2025-08-19 12:11:07.440,504.80,96.07
2025-08-19 12:11:08.441,504.80,100.44
2025-08-19 12:11:09.442,504.80,100.44
2025-08-19 12:11:10.443,504.80,100.44
2025-08-19 12:11:11.443,504.80,100.44
2025-08-19 12:11:12.444,504.80,100.44
2025-08-19 12:11:13.445,504.80,100.44
2025-08-19 12:11:14.445,504.80,100.44
2025-08-19 12:11:15.446,504.80,104.80
2025-08-19 12:11:16.447,504.80,104.80
2025-08-19 12:11:17.448,504.80,104.80
2025-08-19 12:11:18.449,504.80,104.80
2025-08-19 12:11:19.449,504.80,100.44
2025-08-19 12:11:20.450,504.80,100.44
2025-08-19 12:11:21.451,504.80,100.44
2025-08-19 12:11:22.451,504.80,96.07
2025-08-19 12:11:23.453,504.80,100.44
2025-08-19 12:11:24.453,504.80,100.44
2025-08-19 12:11:25.453,504.80,96.07
2025-08-19 12:11:26.453,504.80,96.07
2025-08-19 12:11:27.455,504.80,100.44
2025-08-19 12:11:28.456,504.80,100.44
2025-08-19 12:11:29.457,504.80,100.44
2025-08-19 12:11:30.457,504.80,96.07
2025-08-19 12:11:31.458,504.80,96.07
2025-08-19 12:11:32.459,504.80,100.44
2025-08-19 12:11:33.460,504.80,100.44
2025-08-19 12:11:34.461,504.80,100.44
2025-08-19 12:11:35.460,504.80,96.07
2025-08-19 12:11:36.462,504.80,104.80
2025-08-19 12:11:37.463,504.80,104.80
2025-08-19 12:11:38.463,504.80,104.80
2025-08-19 12:11:39.464,504.80,104.80
2025-08-19 12:11:40.465,504.80,104.80
2025-08-19 12:11:41.466,504.80,100.44
2025-08-19 12:11:42.466,504.80,100.44
2025-08-19 12:11:43.467,504.80,100.44
2025-08-19 12:11:44.468,504.80,100.44
2025-08-19 12:11:45.468,504.80,100.44
2025-08-19 12:11:46.469,504.80,100.44
2025-08-19 12:11:47.469,504.80,100.44
2025-08-19 12:11:48.470,504.80,100.44
2025-08-19 12:11:49.469,504.80,96.07
2025-08-19 12:11:50.470,504.80,96.07
2025-08-19 12:11:51.470,504.80,96.07
2025-08-19 12:11:52.471,504.80,96.07
2025-08-19 12:11:53.471,504.80,96.07
2025-08-19 12:11:54.472,504.80,96.07
2025-08-19 12:11:55.473,504.80,100.44
2025-08-19 12:11:56.473,504.80,96.07
2025-08-19 12:11:57.474,504.80,96.07
2025-08-19 12:11:58.475,504.80,100.44
2025-08-19 12:11:59.476,504.80,100.44
2025-08-19 12:12:00.477,504.80,100.44
2025-08-19 12:12:01.478,504.80,100.44
2025-08-19 12:12:02.479,504.80,100.44
2025-08-19 12:12:03.479,504.80,100.44
2025-08-19 12:12:04.480,504.80,104.80
2025-08-19 12:12:05.480,504.80,104.80
2025-08-19 12:12:06.481,504.80,100.44
2025-08-19 12:12:07.481,504.80,100.44
2025-08-19 12:12:08.480,504.80,96.07
2025-08-19 12:12:09.481,504.80,96.07
2025-08-19 12:12:10.481,504.80,96.07
2025-08-19 12:12:11.483,504.80,100.44
2025-08-19 12:12:12.483,511.79,104.80
2025-08-19 12:12:13.484,511.79,104.80
2025-08-19 12:12:14.484,511.79,100.44
2025-08-19 12:12:15.485,511.79,109.17
2025-08-19 12:12:16.485,511.79,104.80
2025-08-19 12:12:17.486,511.79,104.80
2025-08-19 12:12:18.486,511.79,104.80
2025-08-19 12:12:19.487,511.79,100.44
2025-08-19 12:12:20.487,511.79,100.44
2025-08-19 12:12:21.486,511.79,96.07
2025-08-19 12:12:22.487,511.79,96.07
2025-08-19 12:12:23.487,511.79,96.07
2025-08-19 12:12:24.489,511.79,100.44
2025-08-19 12:12:25.489,511.79,100.44
2025-08-19 12:12:26.489,511.79,100.44
2025-08-19 12:12:27.490,511.79,100.44
2025-08-19 12:12:28.490,511.79,100.44
2025-08-19 12:12:29.491,511.79,100.44
2025-08-19 12:12:30.491,511.79,100.44
2025-08-19 12:12:31.492,511.79,100.44
2025-08-19 12:12:32.492,511.79,100.44
2025-08-19 12:12:33.493,511.79,100.44
2025-08-19 12:12:34.493,511.79,100.44
2025-08-19 12:12:35.493,511.79,100.44
2025-08-19 12:12:36.494,511.79,100.44
2025-08-19 12:12:37.494,511.79,100.44
2025-08-19 12:12:38.495,511.79,100.44
2025-08-19 12:12:39.496,511.79,100.44
2025-08-19 12:12:40.496,511.79,100.44
2025-08-19 12:12:41.496,511.79,100.44
2025-08-19 12:12:42.497,511.79,100.44
2025-08-19 12:12:43.497,511.79,100.44
2025-08-19 12:12:44.497,511.79,100.44
2025-08-19 12:12:45.498,511.79,100.44
2025-08-19 12:12:46.498,511.79,100.44
2025-08-19 12:12:47.499,511.79,100.44
2025-08-19 12:12:48.499,511.79,100.44
2025-08-19 12:12:49.500,511.79,100.44
2025-08-19 12:12:50.499,511.79,96.07
2025-08-19 12:12:51.501,511.79,100.44
2025-08-19 12:12:52.501,511.79,100.44
2025-08-19 12:12:53.502,511.79,100.44
2025-08-19 12:12:54.502,511.79,100.44
2025-08-19 12:12:55.503,511.79,100.44
2025-08-19 12:12:56.502,511.79,96.07
2025-08-19 12:12:57.503,511.79,96.07
2025-08-19 12:12:58.503,511.79,96.07
2025-08-19 12:12:59.505,511.79,100.44
2025-08-19 12:13:00.506,511.79,100.44
2025-08-19 12:13:01.506,511.79,100.44
2025-08-19 12:13:02.507,511.79,100.44
2025-08-19 12:13:03.507,511.79,100.44
2025-08-19 12:13:04.508,511.79,100.44
2025-08-19 12:13:05.508,511.79,100.44
2025-08-19 12:13:06.509,511.79,100.44
2025-08-19 12:13:07.510,511.79,100.44
2025-08-19 12:13:08.510,511.79,100.44
2025-08-19 12:13:09.511,511.79,100.44
2025-08-19 12:13:10.512,511.79,100.44
2025-08-19 12:13:11.513,511.79,100.44
2025-08-19 12:13:12.514,511.79,100.44
2025-08-19 12:13:13.515,511.79,100.44
2025-08-19 12:13:14.516,511.79,100.44
2025-08-19 12:13:15.517,511.79,100.44
2025-08-19 12:13:16.517,511.79,100.44
2025-08-19 12:13:17.518,511.79,100.44
2025-08-19 12:13:18.519,511.79,100.44
2025-08-19 12:13:19.520,511.79,100.44
2025-08-19 12:13:20.520,511.79,100.44
2025-08-19 12:13:21.521,511.79,100.44
2025-08-19 12:13:22.522,511.79,100.44
2025-08-19 12:13:23.523,511.79,104.80
2025-08-19 12:13:24.524,511.79,104.80
2025-08-19 12:13:25.525,511.79,104.80
2025-08-19 12:13:26.526,511.79,104.80
2025-08-19 12:13:27.527,511.79,104.80
2025-08-19 12:13:28.527,511.79,104.80
2025-08-19 12:13:29.528,511.79,100.44
2025-08-19 12:13:30.529,511.79,100.44
2025-08-19 12:13:31.530,511.79,100.44
2025-08-19 12:13:32.530,511.79,100.44
2025-08-19 12:13:33.531,511.79,100.44
2025-08-19 12:13:34.532,511.79,100.44
2025-08-19 12:13:35.533,511.79,100.44
2025-08-19 12:13:36.534,511.79,100.44
2025-08-19 12:13:37.535,511.79,100.44
2025-08-19 12:13:38.536,511.79,100.44
2025-08-19 12:13:39.537,511.79,100.44
2025-08-19 12:13:40.537,511.79,100.44
2025-08-19 12:13:41.538,511.79,100.44
2025-08-19 12:13:42.539,511.79,100.44
2025-08-19 12:13:43.540,511.79,100.44
2025-08-19 12:13:44.540,511.79,100.44
2025-08-19 12:13:45.541,511.79,100.44
2025-08-19 12:13:46.542,511.79,100.44
2025-08-19 12:13:47.543,511.79,100.44
2025-08-19 12:13:48.544,511.79,100.44
2025-08-19 12:13:49.544,511.79,100.44
2025-08-19 12:13:50.545,511.79,100.44
2025-08-19 12:13:51.546,511.79,104.80
2025-08-19 12:13:52.547,511.79,104.80
2025-08-19 12:13:53.548,511.79,104.80
2025-08-19 12:13:54.548,511.79,104.80
2025-08-19 12:13:55.549,511.79,100.44
2025-08-19 12:13:56.550,511.79,100.44
2025-08-19 12:13:57.551,511.79,100.44
2025-08-19 12:13:58.552,511.79,100.44
2025-08-19 12:13:59.553,511.79,100.44
2025-08-19 12:14:00.554,511.79,100.44
2025-08-19 12:14:01.554,511.79,96.07
2025-08-19 12:14:02.555,511.79,96.07
2025-08-19 12:14:03.557,511.79,100.44
2025-08-19 12:14:04.558,511.79,100.44
2025-08-19 12:14:05.558,511.79,100.44
2025-08-19 12:14:06.559,511.79,100.44
2025-08-19 12:14:07.561,511.79,100.44
2025-08-19 12:14:08.562,511.79,100.44
2025-08-19 12:14:09.563,511.79,100.44
2025-08-19 12:14:10.564,511.79,100.44
2025-08-19 12:14:11.564,511.79,100.44
2025-08-19 12:14:12.565,511.79,100.44
2025-08-19 12:14:13.566,511.79,100.44
2025-08-19 12:14:14.567,511.79,104.80
2025-08-19 12:14:15.567,511.79,104.80
2025-08-19 12:14:16.568,511.79,104.80
2025-08-19 12:14:17.569,511.79,104.80
2025-08-19 12:14:18.570,511.79,104.80
2025-08-19 12:14:19.571,511.79,104.80
2025-08-19 12:14:20.571,511.79,104.80
2025-08-19 12:14:21.572,511.79,104.80
2025-08-19 12:14:22.573,511.79,104.80
2025-08-19 12:14:23.574,511.79,104.80
2025-08-19 12:14:24.574,511.79,104.80
2025-08-19 12:14:25.575,511.79,104.80
2025-08-19 12:14:26.575,511.79,104.80
2025-08-19 12:14:27.576,511.79,104.80
2025-08-19 12:14:28.577,511.79,104.80
2025-08-19 12:14:29.577,511.79,104.80
2025-08-19 12:14:30.578,511.79,100.44
2025-08-19 12:14:31.578,511.79,100.44
2025-08-19 12:14:32.579,511.79,100.44
2025-08-19 12:14:33.580,511.79,100.44
2025-08-19 12:14:34.581,511.79,100.44
2025-08-19 12:14:35.581,511.79,100.44
2025-08-19 12:14:36.582,511.79,100.44
2025-08-19 12:14:37.583,511.79,100.44
2025-08-19 12:14:38.584,511.79,100.44
2025-08-19 12:14:39.585,511.79,100.44
2025-08-19 12:14:40.585,511.79,100.44
2025-08-19 12:14:41.586,511.79,100.44
2025-08-19 12:14:42.587,511.79,100.44
2025-08-19 12:14:43.588,511.79,104.80
2025-08-19 12:14:44.588,511.79,104.80
2025-08-19 12:14:45.589,511.79,100.44
2025-08-19 12:14:46.590,511.79,100.44
2025-08-19 12:14:47.591,511.79,100.44
2025-08-19 12:14:48.591,511.79,100.44
2025-08-19 12:14:49.592,511.79,104.80
2025-08-19 12:14:50.593,511.79,100.44
2025-08-19 12:14:51.593,511.79,100.44
2025-08-19 12:14:52.594,511.79,104.80
2025-08-19 12:14:53.595,511.79,104.80
2025-08-19 12:14:54.596,511.79,100.44
2025-08-19 12:14:55.596,511.79,100.44
2025-08-19 12:14:56.596,511.79,96.07
2025-08-19 12:14:57.598,511.79,100.44
2025-08-19 12:14:58.599,511.79,100.44
2025-08-19 12:14:59.600,511.79,100.44
2025-08-19 12:15:00.601,511.79,100.44
2025-08-19 12:15:01.602,511.79,100.44
2025-08-19 12:15:02.603,511.79,100.44
2025-08-19 12:15:03.604,511.79,100.44
2025-08-19 12:15:04.605,511.79,100.44
2025-08-19 12:15:05.606,511.79,100.44
2025-08-19 12:15:06.607,511.79,100.44
2025-08-19 12:15:07.608,511.79,100.44
2025-08-19 12:15:08.608,511.79,100.44
2025-08-19 12:15:09.609,511.79,100.44
2025-08-19 12:15:10.611,511.79,100.44
2025-08-19 12:15:11.612,511.79,100.44
2025-08-19 12:15:12.612,511.79,96.07
2025-08-19 12:15:13.613,511.79,96.07
2025-08-19 12:15:14.613,511.79,96.07
2025-08-19 12:15:15.615,518.78,100.44
2025-08-19 12:15:16.616,518.78,100.44
2025-08-19 12:15:17.617,518.78,100.44
2025-08-19 12:15:18.618,518.78,100.44
2025-08-19 12:15:19.619,518.78,100.44
2025-08-19 12:15:20.620,518.78,100.44
2025-08-19 12:15:21.621,518.78,100.44
2025-08-19 12:15:22.622,518.78,100.44
2025-08-19 12:15:23.622,518.78,100.44
2025-08-19 12:15:24.623,518.78,100.44
2025-08-19 12:15:25.624,518.78,100.44
2025-08-19 12:15:26.626,518.78,100.44
2025-08-19 12:15:27.626,518.78,100.44
2025-08-19 12:15:28.627,518.78,100.44
2025-08-19 12:15:29.628,518.78,100.44
2025-08-19 12:15:30.629,518.78,100.44
2025-08-19 12:15:31.630,518.78,100.44
2025-08-19 12:15:32.630,518.78,100.44
2025-08-19 12:15:33.631,518.78,100.44
2025-08-19 12:15:34.632,518.78,100.44
2025-08-19 12:15:35.633,518.78,100.44
2025-08-19 12:15:36.634,518.78,100.44
2025-08-19 12:15:37.635,518.78,100.44
2025-08-19 12:15:38.636,518.78,100.44
2025-08-19 12:15:39.637,518.78,100.44
2025-08-19 12:15:40.638,518.78,100.44
2025-08-19 12:15:41.639,518.78,100.44
2025-08-19 12:15:42.640,518.78,100.44
2025-08-19 12:15:43.641,518.78,100.44
2025-08-19 12:15:44.643,518.78,100.44
2025-08-19 12:15:45.644,518.78,100.44
2025-08-19 12:15:46.645,518.78,100.44
2025-08-19 12:15:47.646,518.78,100.44
2025-08-19 12:15:48.647,518.78,100.44
2025-08-19 12:15:49.648,518.78,100.44
2025-08-19 12:15:50.650,518.78,100.44
2025-08-19 12:15:51.650,518.78,100.44
2025-08-19 12:15:52.651,518.78,100.44
2025-08-19 12:15:53.653,518.78,100.44
2025-08-19 12:15:54.653,518.78,100.44
2025-08-19 12:15:55.655,518.78,100.44
2025-08-19 12:15:56.656,518.78,100.44
2025-08-19 12:15:57.657,518.78,100.44
2025-08-19 12:15:58.658,518.78,100.44
2025-08-19 12:15:59.659,518.78,100.44
2025-08-19 12:16:00.660,518.78,100.44
2025-08-19 12:16:01.661,518.78,100.44
2025-08-19 12:16:02.662,518.78,100.44
2025-08-19 12:16:03.662,518.78,96.07
2025-08-19 12:16:04.664,518.78,100.44
2025-08-19 12:16:05.665,518.78,109.17
2025-08-19 12:16:06.666,518.78,113.54
2025-08-19 12:16:07.667,518.78,109.17
2025-08-19 12:16:08.668,518.78,109.17
2025-08-19 12:16:09.669,518.78,109.17
2025-08-19 12:16:10.670,518.78,104.80
2025-08-19 12:16:11.671,518.78,104.80
2025-08-19 12:16:12.672,518.78,100.44
2025-08-19 12:16:13.674,518.78,100.44
2025-08-19 12:16:14.675,518.78,104.80
2025-08-19 12:16:15.676,518.78,104.80
2025-08-19 12:16:16.677,518.78,100.44
2025-08-19 12:16:17.678,518.78,100.44
2025-08-19 12:16:18.679,518.78,100.44
2025-08-19 12:16:19.680,518.78,100.44
2025-08-19 12:16:20.681,518.78,100.44
2025-08-19 12:16:21.682,518.78,100.44
2025-08-19 12:16:22.683,518.78,100.44
2025-08-19 12:16:23.684,518.78,100.44
2025-08-19 12:16:24.685,518.78,100.44
2025-08-19 12:16:25.686,518.78,100.44
2025-08-19 12:16:26.686,518.78,96.07
2025-08-19 12:16:27.689,518.78,100.44
2025-08-19 12:16:28.690,518.78,100.44
2025-08-19 12:16:29.691,518.78,100.44
2025-08-19 12:16:30.692,518.78,100.44
2025-08-19 12:16:31.693,518.78,100.44
2025-08-19 12:16:32.694,518.78,100.44
2025-08-19 12:16:33.695,518.78,100.44
2025-08-19 12:16:34.696,518.78,100.44
2025-08-19 12:16:35.697,518.78,100.44
2025-08-19 12:16:36.698,518.78,100.44
2025-08-19 12:16:37.699,518.78,100.44
2025-08-19 12:16:38.700,518.78,104.80
2025-08-19 12:16:39.701,518.78,104.80
2025-08-19 12:16:40.703,518.78,104.80
2025-08-19 12:16:41.704,518.78,104.80
2025-08-19 12:16:42.705,518.78,100.44
2025-08-19 12:16:43.706,518.78,100.44
2025-08-19 12:16:44.707,518.78,100.44
2025-08-19 12:16:45.709,518.78,100.44
2025-08-19 12:16:46.710,518.78,100.44
2025-08-19 12:16:47.711,518.78,100.44
2025-08-19 12:16:48.712,518.78,100.44
2025-08-19 12:16:49.713,518.78,100.44
2025-08-19 12:16:50.714,518.78,100.44
2025-08-19 12:16:51.714,518.78,96.07
2025-08-19 12:16:52.716,518.78,100.44
2025-08-19 12:16:53.717,518.78,100.44
2025-08-19 12:16:54.717,518.78,96.07
2025-08-19 12:16:55.718,518.78,96.07
2025-08-19 12:16:56.719,518.78,100.44
2025-08-19 12:16:57.720,518.78,100.44
2025-08-19 12:16:58.721,518.78,100.44
2025-08-19 12:16:59.722,518.78,100.44
2025-08-19 12:17:00.723,518.78,100.44
2025-08-19 12:17:01.724,518.78,100.44
2025-08-19 12:17:02.725,518.78,100.44
2025-08-19 12:17:03.727,518.78,100.44
2025-08-19 12:17:04.728,518.78,104.80
2025-08-19 12:17:05.730,518.78,100.44
2025-08-19 12:17:06.731,518.78,100.44
2025-08-19 12:17:07.732,518.78,100.44
2025-08-19 12:17:08.733,518.78,100.44
2025-08-19 12:17:09.734,518.78,100.44
2025-08-19 12:17:10.735,518.78,100.44
2025-08-19 12:17:11.736,518.78,100.44
2025-08-19 12:17:12.737,518.78,100.44
2025-08-19 12:17:13.737,518.78,96.07
2025-08-19 12:17:14.738,518.78,96.07
2025-08-19 12:17:15.740,518.78,100.44
2025-08-19 12:17:16.740,518.78,100.44
2025-08-19 12:17:17.740,518.78,96.07
2025-08-19 12:17:18.741,518.78,96.07
2025-08-19 12:17:19.742,518.78,96.07
2025-08-19 12:17:20.743,518.78,96.07
2025-08-19 12:17:21.743,518.78,96.07
2025-08-19 12:17:22.745,518.78,100.44
2025-08-19 12:17:23.745,518.78,96.07
2025-08-19 12:17:24.746,518.78,96.07
2025-08-19 12:17:25.747,518.78,96.07
2025-08-19 12:17:26.749,518.78,100.44
2025-08-19 12:17:27.749,518.78,100.44
2025-08-19 12:17:28.750,518.78,100.44
2025-08-19 12:17:29.750,518.78,96.07
2025-08-19 12:17:30.751,518.78,96.07
2025-08-19 12:17:31.754,518.78,100.44
2025-08-19 12:17:32.755,518.78,100.44
2025-08-19 12:17:33.756,518.78,100.44
2025-08-19 12:17:34.756,518.78,96.07
2025-08-19 12:17:35.758,518.78,100.44
2025-08-19 12:17:36.759,518.78,100.44
2025-08-19 12:17:37.759,518.78,96.07
2025-08-19 12:17:38.761,518.78,100.44
2025-08-19 12:17:39.762,518.78,100.44
2025-08-19 12:17:40.762,518.78,96.07
2025-08-19 12:17:41.763,518.78,96.07
2025-08-19 12:17:42.764,518.78,96.07
2025-08-19 12:17:43.765,518.78,96.07
2025-08-19 12:17:44.766,518.78,96.07
2025-08-19 12:17:45.767,518.78,96.07
2025-08-19 12:17:46.770,518.78,100.44
2025-08-19 12:17:47.771,518.78,104.80
2025-08-19 12:17:48.772,518.78,104.80
2025-08-19 12:17:49.773,518.78,104.80
2025-08-19 12:17:50.774,518.78,104.80
2025-08-19 12:17:51.775,518.78,104.80
2025-08-19 12:17:52.776,518.78,104.80
2025-08-19 12:17:53.777,518.78,100.44
2025-08-19 12:17:54.778,518.78,100.44
2025-08-19 12:17:55.779,518.78,100.44
2025-08-19 12:17:56.780,518.78,100.44
2025-08-19 12:17:57.781,518.78,100.44
2025-08-19 12:17:58.782,518.78,100.44
2025-08-19 12:17:59.783,518.78,100.44
2025-08-19 12:18:00.784,518.78,100.44
2025-08-19 12:18:01.785,518.78,100.44
2025-08-19 12:18:02.785,518.78,100.44
2025-08-19 12:18:03.786,518.78,100.44
2025-08-19 12:18:04.787,518.78,100.44
2025-08-19 12:18:05.788,518.78,100.44
2025-08-19 12:18:06.788,518.78,100.44
2025-08-19 12:18:07.789,518.78,100.44
2025-08-19 12:18:08.789,518.78,96.07
2025-08-19 12:18:09.790,518.78,96.07
2025-08-19 12:18:10.791,518.78,96.07
2025-08-19 12:18:11.791,518.78,96.07
2025-08-19 12:18:12.794,518.78,100.44
2025-08-19 12:18:13.795,518.78,100.44
2025-08-19 12:18:14.796,518.78,100.44
2025-08-19 12:18:15.796,518.78,100.44
2025-08-19 12:18:16.796,518.78,96.07
2025-08-19 12:18:17.797,518.78,96.07
2025-08-19 12:18:18.799,518.78,100.44
2025-08-19 12:18:19.800,518.78,100.44
2025-08-19 12:18:20.800,518.78,100.44
2025-08-19 12:18:21.801,518.78,100.44
2025-08-19 12:18:22.801,518.78,96.07
2025-08-19 12:18:23.802,518.78,96.07
2025-08-19 12:18:24.802,518.78,96.07
2025-08-19 12:18:25.803,518.78,96.07
2025-08-19 12:18:26.804,518.78,96.07
2025-08-19 12:18:27.805,518.78,96.07
2025-08-19 12:18:28.806,518.78,96.07
2025-08-19 12:18:29.808,518.78,100.44
2025-08-19 12:18:30.808,518.78,100.44
2025-08-19 12:18:31.809,518.78,100.44
2025-08-19 12:18:32.810,518.78,100.44
2025-08-19 12:18:33.811,518.78,100.44
2025-08-19 12:18:34.812,518.78,100.44
2025-08-19 12:18:35.812,518.78,100.44
2025-08-19 12:18:36.813,518.78,100.44
2025-08-19 12:18:37.814,518.78,100.44
2025-08-19 12:18:38.815,518.78,100.44
2025-08-19 12:18:39.816,518.78,100.44
2025-08-19 12:18:40.817,518.78,100.44
2025-08-19 12:18:41.818,518.78,100.44
2025-08-19 12:18:42.819,518.78,100.44
2025-08-19 12:18:43.820,518.78,100.44
2025-08-19 12:18:44.821,518.78,100.44
2025-08-19 12:18:45.822,518.78,100.44
2025-08-19 12:18:46.822,518.78,96.07
2025-08-19 12:18:47.823,518.78,96.07
2025-08-19 12:18:48.824,518.78,96.07
2025-08-19 12:18:49.825,518.78,100.44
2025-08-19 12:18:50.826,518.78,100.44
2025-08-19 12:18:51.827,518.78,100.44
2025-08-19 12:18:52.827,518.78,96.07
2025-08-19 12:18:53.828,518.78,96.07
2025-08-19 12:18:54.829,518.78,96.07
2025-08-19 12:18:55.830,518.78,96.07
2025-08-19 12:18:56.831,518.78,100.44
2025-08-19 12:18:57.832,518.78,100.44
2025-08-19 12:18:58.833,518.78,100.44
2025-08-19 12:18:59.834,518.78,100.44
2025-08-19 12:19:00.835,518.78,100.44
2025-08-19 12:19:01.835,518.78,100.44
2025-08-19 12:19:02.836,518.78,100.44
2025-08-19 12:19:03.837,518.78,100.44
2025-08-19 12:19:04.838,518.78,100.44
2025-08-19 12:19:05.838,518.78,96.07
2025-08-19 12:19:06.838,518.78,96.07
2025-08-19 12:19:07.840,518.78,100.44
2025-08-19 12:19:08.841,518.78,100.44
2025-08-19 12:19:09.845,518.78,100.44
2025-08-19 12:19:10.843,518.78,96.07
2025-08-19 12:19:11.844,518.78,96.07
2025-08-19 12:19:12.846,518.78,100.44
2025-08-19 12:19:13.845,518.78,96.07
2025-08-19 12:19:14.846,518.78,96.07
2025-08-19 12:19:15.847,518.78,96.07
2025-08-19 12:19:16.849,518.78,96.07
2025-08-19 12:19:17.851,518.78,100.44
2025-08-19 12:19:18.852,518.78,100.44
2025-08-19 12:19:19.853,518.78,100.44
2025-08-19 12:19:20.854,518.78,100.44
2025-08-19 12:19:21.855,518.78,100.44
2025-08-19 12:19:22.856,518.78,100.44
2025-08-19 12:19:23.857,518.78,100.44
2025-08-19 12:19:24.858,518.78,100.44
2025-08-19 12:19:25.859,518.78,100.44
2025-08-19 12:19:26.861,518.78,100.44
2025-08-19 12:19:27.862,518.78,100.44
2025-08-19 12:19:28.863,518.78,100.44
2025-08-19 12:19:29.864,518.78,100.44
2025-08-19 12:19:30.864,518.78,100.44
2025-08-19 12:19:31.865,518.78,100.44
2025-08-19 12:19:32.866,518.78,100.44
2025-08-19 12:19:33.867,518.78,100.44
2025-08-19 12:19:34.868,518.78,100.44
2025-08-19 12:19:35.869,518.78,100.44
2025-08-19 12:19:36.870,518.78,100.44
2025-08-19 12:19:37.871,518.78,100.44
2025-08-19 12:19:38.872,518.78,100.44
2025-08-19 12:19:39.872,518.78,100.44
2025-08-19 12:19:40.873,518.78,100.44
2025-08-19 12:19:41.874,518.78,100.44
2025-08-19 12:19:42.875,518.78,100.44
2025-08-19 12:19:43.876,518.78,100.44
2025-08-19 12:19:44.876,518.78,100.44
2025-08-19 12:19:45.877,518.78,100.44
2025-08-19 12:19:46.878,518.78,100.44
2025-08-19 12:19:47.879,518.78,100.44
2025-08-19 12:19:48.880,518.78,100.44
2025-08-19 12:19:49.880,518.78,104.80
2025-08-19 12:19:50.881,518.78,104.80
2025-08-19 12:19:51.882,518.78,104.80
2025-08-19 12:19:52.883,518.78,104.80
2025-08-19 12:19:53.883,518.78,104.80
2025-08-19 12:19:54.884,518.78,100.44
2025-08-19 12:19:55.885,518.78,100.44
2025-08-19 12:19:56.886,518.78,100.44
2025-08-19 12:19:57.886,518.78,100.44
2025-08-19 12:19:58.887,518.78,100.44
2025-08-19 12:19:59.888,518.78,100.44
2025-08-19 12:20:00.889,518.78,100.44
2025-08-19 12:20:01.889,518.78,100.44
2025-08-19 12:20:02.890,518.78,100.44
2025-08-19 12:20:03.891,518.78,100.44
2025-08-19 12:20:04.892,518.78,104.80
2025-08-19 12:20:05.892,518.78,104.80
2025-08-19 12:20:06.893,518.78,100.44
2025-08-19 12:20:07.894,518.78,100.44
2025-08-19 12:20:08.895,518.78,100.44
2025-08-19 12:20:09.896,518.78,100.44
2025-08-19 12:20:10.897,518.78,100.44
2025-08-19 12:20:11.898,518.78,100.44
2025-08-19 12:20:12.899,518.78,100.44
2025-08-19 12:20:13.899,518.78,100.44
2025-08-19 12:20:14.900,518.78,100.44
2025-08-19 12:20:15.901,518.78,100.44
2025-08-19 12:20:16.902,518.78,100.44
2025-08-19 12:20:17.903,518.78,100.44
2025-08-19 12:20:18.903,525.76,100.44
2025-08-19 12:20:19.904,525.76,100.44
2025-08-19 12:20:20.905,525.76,104.80
2025-08-19 12:20:21.905,525.76,100.44
2025-08-19 12:20:22.906,525.76,100.44
2025-08-19 12:20:23.907,525.76,100.44
2025-08-19 12:20:24.907,525.76,100.44
2025-08-19 12:20:25.908,525.76,100.44
2025-08-19 12:20:26.909,525.76,100.44
2025-08-19 12:20:27.910,525.76,100.44
2025-08-19 12:20:28.911,525.76,100.44
2025-08-19 12:20:29.912,525.76,100.44
2025-08-19 12:20:30.912,525.76,100.44
2025-08-19 12:20:31.913,525.76,100.44
2025-08-19 12:20:32.914,525.76,100.44
2025-08-19 12:20:33.914,525.76,100.44
2025-08-19 12:20:34.915,525.76,100.44
2025-08-19 12:20:35.916,525.76,100.44
2025-08-19 12:20:36.917,525.76,100.44
2025-08-19 12:20:37.918,525.76,100.44
2025-08-19 12:20:38.918,525.76,100.44
2025-08-19 12:20:39.919,525.76,104.80
2025-08-19 12:20:40.920,525.76,100.44
2025-08-19 12:20:41.921,525.76,100.44
2025-08-19 12:20:42.922,525.76,100.44
2025-08-19 12:20:43.923,525.76,100.44
2025-08-19 12:20:44.923,525.76,100.44
2025-08-19 12:20:45.924,525.76,100.44
2025-08-19 12:20:46.925,525.76,100.44
2025-08-19 12:20:47.926,525.76,100.44
2025-08-19 12:20:48.927,525.76,100.44
2025-08-19 12:20:49.928,525.76,100.44
2025-08-19 12:20:50.930,525.76,104.80
2025-08-19 12:20:51.931,525.76,109.17
2025-08-19 12:20:52.931,525.76,109.17
2025-08-19 12:20:53.932,525.76,109.17
2025-08-19 12:20:54.933,525.76,104.80
2025-08-19 12:20:55.934,525.76,100.44
2025-08-19 12:20:56.935,525.76,100.44
2025-08-19 12:20:57.936,525.76,104.80
2025-08-19 12:20:58.937,525.76,104.80
2025-08-19 12:20:59.938,525.76,100.44
2025-08-19 12:21:00.939,525.76,100.44
2025-08-19 12:21:01.940,525.76,100.44
2025-08-19 12:21:02.940,525.76,100.44
2025-08-19 12:21:03.941,525.76,100.44
2025-08-19 12:21:04.942,525.76,100.44
2025-08-19 12:21:05.943,525.76,100.44
2025-08-19 12:21:06.944,525.76,100.44
2025-08-19 12:21:07.945,525.76,100.44
2025-08-19 12:21:08.945,525.76,100.44
2025-08-19 12:21:09.946,525.76,100.44
2025-08-19 12:21:10.947,525.76,100.44
2025-08-19 12:21:11.948,525.76,100.44
2025-08-19 12:21:12.949,525.76,100.44
2025-08-19 12:21:13.950,525.76,100.44
2025-08-19 12:21:14.950,525.76,104.80
2025-08-19 12:21:15.951,525.76,100.44
2025-08-19 12:21:16.952,525.76,100.44
2025-08-19 12:21:17.953,525.76,100.44
2025-08-19 12:21:18.954,525.76,100.44
2025-08-19 12:21:19.954,525.76,100.44
2025-08-19 12:21:20.955,525.76,100.44
2025-08-19 12:21:21.955,525.76,96.07
2025-08-19 12:21:22.955,525.76,96.07
2025-08-19 12:21:23.957,525.76,100.44
2025-08-19 12:21:24.957,525.76,100.44
2025-08-19 12:21:25.957,525.76,96.07
2025-08-19 12:21:26.958,525.76,96.07
2025-08-19 12:21:27.958,525.76,96.07
2025-08-19 12:21:28.959,525.76,96.07
2025-08-19 12:21:29.960,525.76,96.07
2025-08-19 12:21:30.961,525.76,96.07
2025-08-19 12:21:31.962,525.76,96.07
2025-08-19 12:21:32.963,525.76,96.07
2025-08-19 12:21:33.964,525.76,96.07
2025-08-19 12:21:34.965,525.76,96.07
2025-08-19 12:21:35.966,525.76,96.07
2025-08-19 12:21:36.967,525.76,100.44
2025-08-19 12:21:37.968,525.76,100.44
2025-08-19 12:21:38.969,525.76,104.80
2025-08-19 12:21:39.970,525.76,104.80
2025-08-19 12:21:40.971,525.76,104.80
2025-08-19 12:21:41.972,525.76,104.80
2025-08-19 12:21:42.973,525.76,100.44
2025-08-19 12:21:43.973,525.76,100.44
2025-08-19 12:21:44.974,525.76,100.44
2025-08-19 12:21:45.975,525.76,100.44
2025-08-19 12:21:46.976,525.76,100.44
2025-08-19 12:21:47.977,525.76,100.44
2025-08-19 12:21:48.977,525.76,100.44
2025-08-19 12:21:49.978,525.76,100.44
2025-08-19 12:21:50.979,525.76,100.44
2025-08-19 12:21:51.980,525.76,100.44
2025-08-19 12:21:52.981,525.76,100.44
2025-08-19 12:21:53.981,525.76,100.44
2025-08-19 12:21:54.982,525.76,100.44
2025-08-19 12:21:55.982,525.76,100.44
2025-08-19 12:21:56.983,525.76,100.44
2025-08-19 12:21:57.983,525.76,96.07
2025-08-19 12:21:58.984,525.76,100.44
2025-08-19 12:21:59.984,525.76,96.07
2025-08-19 12:22:00.984,525.76,96.07
2025-08-19 12:22:01.985,525.76,96.07
2025-08-19 12:22:02.985,525.76,96.07
2025-08-19 12:22:03.986,525.76,96.07
2025-08-19 12:22:04.989,525.76,100.44
2025-08-19 12:22:05.989,525.76,100.44
2025-08-19 12:22:06.988,525.76,96.07
2025-08-19 12:22:07.989,525.76,96.07
2025-08-19 12:22:08.991,525.76,100.44
2025-08-19 12:22:09.990,525.76,96.07
2025-08-19 12:22:10.991,525.76,96.07
2025-08-19 12:22:11.993,525.76,100.44
2025-08-19 12:22:12.994,525.76,100.44
2025-08-19 12:22:13.994,525.76,100.44
2025-08-19 12:22:14.995,525.76,100.44
2025-08-19 12:22:15.994,525.76,96.07
2025-08-19 12:22:16.996,525.76,100.44
2025-08-19 12:22:17.997,525.76,100.44
2025-08-19 12:22:18.997,525.76,96.07
2025-08-19 12:22:19.997,525.76,96.07
2025-08-19 12:22:20.998,525.76,96.07
2025-08-19 12:22:21.999,525.76,96.07
2025-08-19 12:22:23.000,525.76,96.07
2025-08-19 12:22:24.001,525.76,96.07
2025-08-19 12:22:25.001,525.76,96.07
2025-08-19 12:22:26.003,525.76,100.44
2025-08-19 12:22:27.004,525.76,100.44
2025-08-19 12:22:28.005,525.76,100.44
2025-08-19 12:22:29.005,525.76,96.07
2025-08-19 12:22:30.005,525.76,96.07
2025-08-19 12:22:31.006,525.76,96.07
2025-08-19 12:22:32.007,525.76,96.07
2025-08-19 12:22:33.008,525.76,96.07
2025-08-19 12:22:34.008,525.76,96.07
2025-08-19 12:22:35.010,525.76,100.44
2025-08-19 12:22:36.011,525.76,100.44
2025-08-19 12:22:37.012,525.76,100.44
2025-08-19 12:22:38.013,525.76,100.44
2025-08-19 12:22:39.014,525.76,100.44
2025-08-19 12:22:40.015,525.76,100.44
2025-08-19 12:22:41.016,525.76,100.44
2025-08-19 12:22:42.017,525.76,100.44
2025-08-19 12:22:43.017,525.76,96.07
2025-08-19 12:22:44.018,525.76,96.07
2025-08-19 12:22:45.019,525.76,96.07
2025-08-19 12:22:46.020,525.76,96.07
2025-08-19 12:22:47.021,525.76,96.07
2025-08-19 12:22:48.022,525.76,96.07
2025-08-19 12:22:49.022,525.76,96.07
2025-08-19 12:22:50.023,525.76,96.07
2025-08-19 12:22:51.024,525.76,96.07
2025-08-19 12:22:52.025,525.76,96.07
2025-08-19 12:22:53.026,525.76,96.07
2025-08-19 12:22:54.028,525.76,100.44
2025-08-19 12:22:55.029,525.76,100.44
2025-08-19 12:22:56.029,525.76,96.07
2025-08-19 12:22:57.030,525.76,96.07
2025-08-19 12:22:58.031,525.76,96.07
2025-08-19 12:22:59.032,525.76,96.07
2025-08-19 12:23:00.033,525.76,96.07
2025-08-19 12:23:01.035,525.76,100.44
2025-08-19 12:23:02.035,525.76,96.07
2025-08-19 12:23:03.036,525.76,96.07
2025-08-19 12:23:04.037,525.76,96.07
2025-08-19 12:23:05.038,525.76,96.07
2025-08-19 12:23:06.039,525.76,96.07
2025-08-19 12:23:07.039,525.76,96.07
2025-08-19 12:23:08.040,525.76,96.07
2025-08-19 12:23:09.041,525.76,96.07
2025-08-19 12:23:10.043,525.76,100.44
2025-08-19 12:23:11.043,525.76,100.44
2025-08-19 12:23:12.044,525.76,100.44
2025-08-19 12:23:13.044,525.76,100.44
2025-08-19 12:23:14.045,525.76,100.44
2025-08-19 12:23:15.046,525.76,100.44
2025-08-19 12:23:16.047,525.76,100.44
2025-08-19 12:23:17.047,525.76,96.07
2025-08-19 12:23:18.047,525.76,96.07
2025-08-19 12:23:19.048,525.76,96.07
2025-08-19 12:23:20.050,525.76,100.44
2025-08-19 12:23:21.051,525.76,100.44
2025-08-19 12:23:22.052,525.76,100.44
2025-08-19 12:23:23.053,525.76,100.44
2025-08-19 12:23:24.054,525.76,100.44
2025-08-19 12:23:25.055,525.76,100.44
2025-08-19 12:23:26.056,525.76,100.44
2025-08-19 12:23:27.057,525.76,100.44
2025-08-19 12:23:28.058,525.76,100.44
2025-08-19 12:23:29.059,525.76,100.44
2025-08-19 12:23:30.059,525.76,96.07
2025-08-19 12:23:31.060,525.76,100.44
2025-08-19 12:23:32.061,525.76,100.44
2025-08-19 12:23:33.061,525.76,100.44
2025-08-19 12:23:34.062,525.76,100.44
2025-08-19 12:23:35.063,525.76,100.44
2025-08-19 12:23:36.063,525.76,104.80
2025-08-19 12:23:37.064,525.76,100.44
2025-08-19 12:23:38.064,525.76,96.07
2025-08-19 12:23:39.064,525.76,96.07
2025-08-19 12:23:40.065,525.76,96.07
2025-08-19 12:23:41.066,525.76,100.44
2025-08-19 12:23:42.067,525.76,100.44
2025-08-19 12:23:43.067,525.76,100.44
2025-08-19 12:23:44.068,525.76,113.54
2025-08-19 12:23:45.069,525.76,122.27
2025-08-19 12:23:46.070,525.76,117.90
2025-08-19 12:23:47.071,525.76,109.17
2025-08-19 12:23:48.072,525.76,100.44
2025-08-19 12:23:49.072,525.76,100.44
2025-08-19 12:23:50.073,525.76,100.44
2025-08-19 12:23:51.074,525.76,100.44
2025-08-19 12:23:52.076,525.76,100.44
2025-08-19 12:23:53.076,525.76,100.44
2025-08-19 12:23:54.077,525.76,100.44
2025-08-19 12:23:55.078,525.76,100.44
2025-08-19 12:23:56.079,525.76,100.44
2025-08-19 12:23:57.079,525.76,100.44
2025-08-19 12:23:58.079,525.76,96.07
2025-08-19 12:23:59.081,525.76,100.44
2025-08-19 12:24:00.082,525.76,100.44
2025-08-19 12:24:01.083,525.76,100.44
2025-08-19 12:24:02.084,525.76,104.80
2025-08-19 12:24:03.084,525.76,104.80
2025-08-19 12:24:04.085,525.76,109.17
2025-08-19 12:24:05.086,525.76,113.54
2025-08-19 12:24:06.087,525.76,104.80
2025-08-19 12:24:07.088,525.76,104.80
2025-08-19 12:24:08.089,525.76,100.44
2025-08-19 12:24:09.090,525.76,100.44
2025-08-19 12:24:10.091,525.76,104.80
2025-08-19 12:24:11.092,525.76,104.80
2025-08-19 12:24:12.093,525.76,100.44
2025-08-19 12:24:13.094,525.76,100.44
2025-08-19 12:24:14.095,525.76,100.44
2025-08-19 12:24:15.096,525.76,104.80
2025-08-19 12:24:16.097,525.76,104.80
2025-08-19 12:24:17.097,525.76,104.80
2025-08-19 12:24:18.099,525.76,104.80
2025-08-19 12:24:19.100,525.76,104.80
2025-08-19 12:24:20.101,525.76,109.17
2025-08-19 12:24:21.102,525.76,109.17
2025-08-19 12:24:22.103,525.76,109.17
2025-08-19 12:24:23.104,525.76,109.17
2025-08-19 12:24:24.106,525.76,104.80
2025-08-19 12:24:25.106,525.76,104.80
2025-08-19 12:24:26.107,525.76,100.44
2025-08-19 12:24:27.108,525.76,104.80
2025-08-19 12:24:28.109,525.76,104.80
2025-08-19 12:24:29.110,525.76,104.80
2025-08-19 12:24:30.111,525.76,104.80
2025-08-19 12:24:31.112,525.76,100.44
2025-08-19 12:24:32.112,525.76,109.17
2025-08-19 12:24:33.113,525.76,104.80
2025-08-19 12:24:34.114,525.76,104.80
2025-08-19 12:24:35.115,525.76,104.80
2025-08-19 12:24:36.116,525.76,104.80
2025-08-19 12:24:37.116,525.76,100.44
2025-08-19 12:24:38.117,525.76,100.44
2025-08-19 12:24:39.118,525.76,100.44
2025-08-19 12:24:40.119,525.76,100.44
2025-08-19 12:24:41.120,525.76,100.44
2025-08-19 12:24:42.121,525.76,100.44
2025-08-19 12:24:43.122,525.76,100.44
2025-08-19 12:24:44.123,525.76,100.44
2025-08-19 12:24:45.124,525.76,100.44
2025-08-19 12:24:46.125,525.76,100.44
2025-08-19 12:24:47.126,525.76,100.44
2025-08-19 12:24:48.128,525.76,100.44
2025-08-19 12:24:49.129,525.76,100.44
2025-08-19 12:24:50.130,525.76,100.44
2025-08-19 12:24:51.131,525.76,100.44
2025-08-19 12:24:52.132,525.76,100.44
2025-08-19 12:24:53.133,525.76,100.44
2025-08-19 12:24:54.134,525.76,100.44
2025-08-19 12:24:55.135,525.76,100.44
2025-08-19 12:24:56.136,525.76,100.44
2025-08-19 12:24:57.137,525.76,100.44
2025-08-19 12:24:58.138,525.76,104.80
2025-08-19 12:24:59.139,525.76,104.80
2025-08-19 12:25:00.140,525.76,104.80
2025-08-19 12:25:01.141,525.76,104.80
2025-08-19 12:25:02.142,525.76,104.80
2025-08-19 12:25:03.143,525.76,104.80
2025-08-19 12:25:04.144,525.76,104.80
2025-08-19 12:25:05.144,525.76,104.80
2025-08-19 12:25:06.145,525.76,104.80
2025-08-19 12:25:07.146,525.76,109.17
2025-08-19 12:25:08.147,525.76,104.80
2025-08-19 12:25:09.148,525.76,104.80
2025-08-19 12:25:10.149,525.76,104.80
2025-08-19 12:25:11.149,525.76,104.80
2025-08-19 12:25:12.150,525.76,104.80
2025-08-19 12:25:13.151,525.76,104.80
2025-08-19 12:25:14.151,525.76,104.80
2025-08-19 12:25:15.152,525.76,104.80
2025-08-19 12:25:16.153,525.76,104.80
2025-08-19 12:25:17.154,525.76,104.80
2025-08-19 12:25:18.155,525.76,109.17
2025-08-19 12:25:19.156,525.76,109.17
2025-08-19 12:25:20.156,525.76,109.17
2025-08-19 12:25:21.157,525.76,104.80
2025-08-19 12:25:22.158,525.76,104.80
2025-08-19 12:25:23.159,525.76,104.80
2025-08-19 12:25:24.160,525.76,104.80
2025-08-19 12:25:25.161,525.76,104.80
2025-08-19 12:25:26.161,525.76,104.80
2025-08-19 12:25:27.162,525.76,104.80
2025-08-19 12:25:28.163,532.75,100.44
2025-08-19 12:25:29.163,532.75,100.44
2025-08-19 12:25:30.164,532.75,100.44
2025-08-19 12:25:31.165,532.75,100.44
2025-08-19 12:25:32.165,532.75,104.80
2025-08-19 12:25:33.165,532.75,104.80
2025-08-19 12:25:34.166,532.75,100.44
2025-08-19 12:25:35.166,532.75,100.44
2025-08-19 12:25:36.167,532.75,100.44
2025-08-19 12:25:37.168,532.75,100.44
2025-08-19 12:25:38.169,532.75,100.44
2025-08-19 12:25:39.169,532.75,100.44
2025-08-19 12:25:40.170,532.75,100.44
2025-08-19 12:25:41.171,532.75,100.44
2025-08-19 12:25:42.171,532.75,100.44
2025-08-19 12:25:43.171,532.75,96.07
2025-08-19 12:25:44.171,532.75,96.07
2025-08-19 12:25:45.173,532.75,100.44
2025-08-19 12:25:46.174,532.75,104.80
2025-08-19 12:25:47.175,532.75,104.80
2025-08-19 12:25:48.175,532.75,104.80
2025-08-19 12:25:49.176,532.75,104.80
2025-08-19 12:25:50.177,532.75,104.80
2025-08-19 12:25:51.178,532.75,100.44
2025-08-19 12:25:52.178,532.75,100.44
2025-08-19 12:25:53.179,532.75,100.44
2025-08-19 12:25:54.180,532.75,100.44
2025-08-19 12:25:55.181,532.75,100.44
2025-08-19 12:25:56.182,532.75,100.44
2025-08-19 12:25:57.182,532.75,96.07
2025-08-19 12:25:58.183,532.75,96.07
2025-08-19 12:25:59.185,532.75,100.44
2025-08-19 12:26:00.185,532.75,100.44
2025-08-19 12:26:01.186,532.75,100.44
2025-08-19 12:26:02.187,532.75,100.44
2025-08-19 12:26:03.187,532.75,100.44
2025-08-19 12:26:04.188,532.75,100.44
2025-08-19 12:26:05.189,532.75,100.44
2025-08-19 12:26:06.190,532.75,100.44
2025-08-19 12:26:07.191,532.75,100.44
2025-08-19 12:26:08.191,532.75,100.44
2025-08-19 12:26:09.192,532.75,100.44
2025-08-19 12:26:10.193,532.75,100.44
2025-08-19 12:26:11.194,532.75,100.44
2025-08-19 12:26:12.195,532.75,100.44
2025-08-19 12:26:13.196,532.75,100.44
2025-08-19 12:26:14.197,532.75,100.44
2025-08-19 12:26:15.198,532.75,100.44
2025-08-19 12:26:16.199,532.75,100.44
2025-08-19 12:26:17.200,532.75,100.44
2025-08-19 12:26:18.201,532.75,100.44
2025-08-19 12:26:19.202,532.75,100.44
2025-08-19 12:26:20.203,532.75,100.44
2025-08-19 12:26:21.204,532.75,100.44
2025-08-19 12:26:22.205,532.75,100.44
2025-08-19 12:26:23.206,532.75,100.44
2025-08-19 12:26:24.208,532.75,100.44
2025-08-19 12:26:25.209,532.75,100.44
2025-08-19 12:26:26.210,532.75,100.44
2025-08-19 12:26:27.211,532.75,100.44
2025-08-19 12:26:28.213,532.75,100.44
2025-08-19 12:26:29.214,532.75,100.44
2025-08-19 12:26:30.215,532.75,100.44
2025-08-19 12:26:31.216,532.75,100.44
2025-08-19 12:26:32.217,532.75,100.44
2025-08-19 12:26:33.218,532.75,100.44
2025-08-19 12:26:34.219,532.75,100.44
2025-08-19 12:26:35.220,532.75,100.44
2025-08-19 12:26:36.221,532.75,100.44
2025-08-19 12:26:37.222,532.75,100.44
2025-08-19 12:26:38.223,532.75,104.80
2025-08-19 12:26:39.224,532.75,104.80
2025-08-19 12:26:40.225,532.75,100.44
2025-08-19 12:26:41.226,532.75,100.44
2025-08-19 12:26:42.227,532.75,100.44
2025-08-19 12:26:43.227,532.75,100.44
2025-08-19 12:26:44.228,532.75,100.44
2025-08-19 12:26:45.229,532.75,100.44
2025-08-19 12:26:46.230,532.75,100.44
2025-08-19 12:26:47.232,532.75,100.44
2025-08-19 12:26:48.233,532.75,100.44
2025-08-19 12:26:49.233,532.75,100.44
2025-08-19 12:26:50.234,532.75,100.44
2025-08-19 12:26:51.235,532.75,100.44
2025-08-19 12:26:52.236,532.75,100.44
2025-08-19 12:26:53.237,532.75,100.44
2025-08-19 12:26:54.238,532.75,100.44
2025-08-19 12:26:55.239,532.75,100.44
2025-08-19 12:26:56.240,532.75,100.44
2025-08-19 12:26:57.241,532.75,100.44
2025-08-19 12:26:58.242,532.75,100.44
2025-08-19 12:26:59.243,532.75,100.44
2025-08-19 12:27:00.244,532.75,100.44
2025-08-19 12:27:01.246,532.75,100.44
2025-08-19 12:27:02.247,532.75,100.44
2025-08-19 12:27:03.248,532.75,100.44
2025-08-19 12:27:04.249,532.75,100.44
2025-08-19 12:27:05.250,532.75,100.44
2025-08-19 12:27:06.251,532.75,100.44
2025-08-19 12:27:07.252,532.75,100.44
2025-08-19 12:27:08.253,532.75,100.44
2025-08-19 12:27:09.254,532.75,100.44
2025-08-19 12:27:10.254,532.75,104.80
2025-08-19 12:27:11.255,532.75,104.80
2025-08-19 12:27:12.256,532.75,104.80
2025-08-19 12:27:13.257,532.75,104.80
2025-08-19 12:27:14.258,532.75,104.80
2025-08-19 12:27:15.259,532.75,104.80
2025-08-19 12:27:16.259,532.75,109.17
2025-08-19 12:27:17.260,532.75,109.17
2025-08-19 12:27:18.261,532.75,109.17
2025-08-19 12:27:19.262,532.75,104.80
2025-08-19 12:27:20.263,532.75,104.80
2025-08-19 12:27:21.264,532.75,104.80
2025-08-19 12:27:22.265,532.75,104.80
2025-08-19 12:27:23.266,532.75,104.80
2025-08-19 12:27:24.267,532.75,104.80
2025-08-19 12:27:25.268,532.75,104.80
2025-08-19 12:27:26.268,532.75,104.80
2025-08-19 12:27:27.269,532.75,104.80
2025-08-19 12:27:28.270,532.75,104.80
2025-08-19 12:27:29.271,532.75,104.80
2025-08-19 12:27:30.271,532.75,100.44
2025-08-19 12:27:31.272,532.75,104.80
2025-08-19 12:27:32.273,532.75,104.80
2025-08-19 12:27:33.274,532.75,104.80
2025-08-19 12:27:34.274,532.75,100.44
2025-08-19 12:27:35.276,532.75,100.44
2025-08-19 12:27:36.276,532.75,100.44
2025-08-19 12:27:37.277,532.75,117.90
2025-08-19 12:27:38.278,532.75,113.54
2025-08-19 12:27:39.279,532.75,104.80
2025-08-19 12:27:40.280,532.75,104.80
2025-08-19 12:27:41.280,532.75,104.80
2025-08-19 12:27:42.281,532.75,104.80
2025-08-19 12:27:43.282,532.75,104.80
2025-08-19 12:27:44.283,532.75,104.80
2025-08-19 12:27:45.284,532.75,104.80
2025-08-19 12:27:46.285,532.75,104.80
2025-08-19 12:27:47.286,532.75,100.44
2025-08-19 12:27:48.287,532.75,100.44
2025-08-19 12:27:49.288,532.75,100.44
2025-08-19 12:27:50.288,532.75,104.80
2025-08-19 12:27:51.289,532.75,100.44
2025-08-19 12:27:52.290,532.75,100.44
2025-08-19 12:27:53.291,532.75,104.80
2025-08-19 12:27:54.292,532.75,104.80
2025-08-19 12:27:55.292,532.75,104.80
2025-08-19 12:27:56.293,532.75,100.44
2025-08-19 12:27:57.294,532.75,104.80
2025-08-19 12:27:58.295,532.75,104.80
2025-08-19 12:27:59.295,532.75,100.44
2025-08-19 12:28:00.297,532.75,100.44
2025-08-19 12:28:01.297,532.75,100.44
2025-08-19 12:28:02.297,532.75,96.07
2025-08-19 12:28:03.300,532.75,100.44
2025-08-19 12:28:04.301,532.75,100.44
2025-08-19 12:28:05.301,532.75,96.07
2025-08-19 12:28:06.303,532.75,100.44
2025-08-19 12:28:07.304,532.75,100.44
2025-08-19 12:28:08.305,532.75,100.44
2025-08-19 12:28:09.307,532.75,100.44
2025-08-19 12:28:10.307,532.75,104.80
2025-08-19 12:28:11.308,532.75,104.80
2025-08-19 12:28:12.309,532.75,109.17
2025-08-19 12:28:13.310,532.75,109.17
2025-08-19 12:28:14.311,532.75,104.80
2025-08-19 12:28:15.311,532.75,104.80
2025-08-19 12:28:16.312,532.75,104.80
2025-08-19 12:28:17.313,532.75,100.44
2025-08-19 12:28:18.314,532.75,100.44
2025-08-19 12:28:19.315,532.75,104.80
2025-08-19 12:28:20.316,532.75,100.44
2025-08-19 12:28:21.317,532.75,100.44
2025-08-19 12:28:22.318,532.75,100.44
2025-08-19 12:28:23.317,532.75,96.07
2025-08-19 12:28:24.319,532.75,100.44
2025-08-19 12:28:25.319,532.75,96.07
2025-08-19 12:28:26.321,532.75,100.44
2025-08-19 12:28:27.322,532.75,100.44
2025-08-19 12:28:28.322,532.75,100.44
2025-08-19 12:28:29.323,532.75,100.44
2025-08-19 12:28:30.324,532.75,104.80
2025-08-19 12:28:31.324,532.75,104.80
2025-08-19 12:28:32.325,532.75,104.80
2025-08-19 12:28:33.326,532.75,104.80
2025-08-19 12:28:34.327,532.75,104.80
2025-08-19 12:28:35.328,532.75,104.80
2025-08-19 12:28:36.328,532.75,100.44
2025-08-19 12:28:37.329,532.75,100.44
2025-08-19 12:28:38.330,532.75,100.44
2025-08-19 12:28:39.331,532.75,100.44
2025-08-19 12:28:40.331,532.75,100.44
2025-08-19 12:28:41.332,532.75,100.44
2025-08-19 12:28:42.333,532.75,100.44
2025-08-19 12:28:43.333,532.75,100.44
2025-08-19 12:28:44.334,532.75,100.44
2025-08-19 12:28:45.335,532.75,100.44
2025-08-19 12:28:46.335,532.75,100.44
2025-08-19 12:28:47.336,532.75,104.80
2025-08-19 12:28:48.337,532.75,104.80
2025-08-19 12:28:49.338,532.75,104.80
2025-08-19 12:28:50.338,532.75,100.44
2025-08-19 12:28:51.339,532.75,100.44
2025-08-19 12:28:52.340,532.75,100.44
2025-08-19 12:28:53.340,532.75,100.44
2025-08-19 12:28:54.341,532.75,100.44
2025-08-19 12:28:55.342,532.75,100.44
2025-08-19 12:28:56.343,532.75,100.44
2025-08-19 12:28:57.343,532.75,100.44
2025-08-19 12:28:58.344,532.75,100.44
2025-08-19 12:28:59.345,532.75,100.44
2025-08-19 12:29:00.346,532.75,100.44
2025-08-19 12:29:01.346,532.75,100.44
2025-08-19 12:29:02.346,532.75,96.07
2025-08-19 12:29:03.347,532.75,100.44
2025-08-19 12:29:04.348,532.75,100.44
2025-08-19 12:29:05.348,532.75,100.44
2025-08-19 12:29:06.349,532.75,100.44
2025-08-19 12:29:07.349,532.75,96.07
2025-08-19 12:29:08.349,532.75,96.07
2025-08-19 12:29:09.350,532.75,96.07
2025-08-19 12:29:10.351,532.75,96.07
2025-08-19 12:29:11.352,532.75,96.07
2025-08-19 12:29:12.354,532.75,100.44
2025-08-19 12:29:13.354,532.75,100.44
2025-08-19 12:29:14.354,532.75,96.07
2025-08-19 12:29:15.356,532.75,100.44
2025-08-19 12:29:16.356,532.75,100.44
2025-08-19 12:29:17.357,532.75,100.44
2025-08-19 12:29:18.358,532.75,100.44
2025-08-19 12:29:19.358,532.75,100.44
2025-08-19 12:29:20.359,532.75,100.44
2025-08-19 12:29:21.360,532.75,100.44
2025-08-19 12:29:22.360,532.75,100.44
2025-08-19 12:29:23.361,532.75,100.44
2025-08-19 12:29:24.362,532.75,100.44
2025-08-19 12:29:25.362,532.75,100.44
2025-08-19 12:29:26.363,532.75,100.44
2025-08-19 12:29:27.363,532.75,96.07
2025-08-19 12:29:28.365,532.75,100.44
2025-08-19 12:29:29.366,532.75,100.44
2025-08-19 12:29:30.366,532.75,100.44
2025-08-19 12:29:31.367,532.75,100.44
2025-08-19 12:29:32.368,532.75,100.44
2025-08-19 12:29:33.369,532.75,100.44
2025-08-19 12:29:34.370,532.75,100.44
2025-08-19 12:29:35.371,532.75,100.44
2025-08-19 12:29:36.372,532.75,100.44
2025-08-19 12:29:37.373,532.75,100.44
2025-08-19 12:29:38.374,532.75,100.44
2025-08-19 12:29:39.375,532.75,100.44
2025-08-19 12:29:40.375,532.75,100.44
2025-08-19 12:29:41.376,532.75,100.44
2025-08-19 12:29:42.377,532.75,100.44
2025-08-19 12:29:43.378,532.75,104.80
2025-08-19 12:29:44.378,532.75,104.80
2025-08-19 12:29:45.379,532.75,104.80
2025-08-19 12:29:46.380,532.75,104.80
2025-08-19 12:29:47.381,532.75,104.80
2025-08-19 12:29:48.382,532.75,104.80
2025-08-19 12:29:49.383,532.75,104.80
2025-08-19 12:29:50.384,532.75,104.80
2025-08-19 12:29:51.384,532.75,104.80
2025-08-19 12:29:52.385,532.75,104.80
2025-08-19 12:29:53.386,532.75,104.80
2025-08-19 12:29:54.387,532.75,104.80
2025-08-19 12:29:55.388,532.75,100.44
2025-08-19 12:29:56.389,532.75,100.44
2025-08-19 12:29:57.390,532.75,100.44
2025-08-19 12:29:58.390,532.75,100.44
2025-08-19 12:29:59.391,532.75,100.44
2025-08-19 12:30:00.392,532.75,104.80
2025-08-19 12:30:01.393,532.75,104.80
2025-08-19 12:30:02.394,532.75,104.80
2025-08-19 12:30:03.395,532.75,104.80
2025-08-19 12:30:04.396,532.75,104.80
2025-08-19 12:30:05.397,532.75,104.80
2025-08-19 12:30:06.398,532.75,100.44
2025-08-19 12:30:07.399,532.75,100.44
2025-08-19 12:30:08.400,532.75,100.44
2025-08-19 12:30:09.401,532.75,104.80
2025-08-19 12:30:10.402,532.75,104.80
2025-08-19 12:30:11.403,532.75,104.80
2025-08-19 12:30:12.404,532.75,104.80
2025-08-19 12:30:13.405,532.75,104.80
2025-08-19 12:30:14.406,532.75,104.80
2025-08-19 12:30:15.407,532.75,104.80
2025-08-19 12:30:16.408,532.75,104.80
2025-08-19 12:30:17.409,532.75,104.80
2025-08-19 12:30:18.410,532.75,104.80
2025-08-19 12:30:19.411,532.75,104.80
2025-08-19 12:30:20.413,532.75,104.80
2025-08-19 12:30:21.414,532.75,104.80
2025-08-19 12:30:22.414,532.75,104.80
2025-08-19 12:30:23.415,532.75,104.80
2025-08-19 12:30:24.416,532.75,104.80
2025-08-19 12:30:25.417,532.75,104.80
2025-08-19 12:30:26.417,532.75,100.44
2025-08-19 12:30:27.418,532.75,100.44
2025-08-19 12:30:28.419,532.75,100.44
2025-08-19 12:30:29.420,532.75,100.44
2025-08-19 12:30:30.421,532.75,100.44
2025-08-19 12:30:31.422,532.75,100.44
2025-08-19 12:30:32.423,532.75,100.44
2025-08-19 12:30:33.425,532.75,100.44
2025-08-19 12:30:34.425,532.75,100.44
2025-08-19 12:30:35.427,532.75,100.44
2025-08-19 12:30:36.428,532.75,100.44
2025-08-19 12:30:37.428,532.75,100.44
2025-08-19 12:30:38.429,532.75,100.44
2025-08-19 12:30:39.430,532.75,100.44
2025-08-19 12:30:40.431,532.75,100.44
2025-08-19 12:30:41.432,532.75,100.44
2025-08-19 12:30:42.433,532.75,100.44
2025-08-19 12:30:43.434,532.75,100.44
2025-08-19 12:30:44.434,532.75,100.44
2025-08-19 12:30:45.435,532.75,100.44
2025-08-19 12:30:46.436,532.75,100.44
2025-08-19 12:30:47.437,532.75,100.44
2025-08-19 12:30:48.438,532.75,100.44
2025-08-19 12:30:49.439,532.75,100.44
2025-08-19 12:30:50.440,532.75,100.44
2025-08-19 12:30:51.442,532.75,100.44
2025-08-19 12:30:52.443,532.75,100.44
2025-08-19 12:30:53.444,532.75,100.44
2025-08-19 12:30:54.445,532.75,100.44
2025-08-19 12:30:55.447,532.75,100.44
2025-08-19 12:30:56.448,532.75,100.44
2025-08-19 12:30:57.449,532.75,109.17
2025-08-19 12:30:58.450,532.75,109.17
2025-08-19 12:30:59.451,532.75,109.17
2025-08-19 12:31:00.452,532.75,104.80
2025-08-19 12:31:01.453,539.74,104.80
2025-08-19 12:31:02.454,539.74,104.80
2025-08-19 12:31:03.455,539.74,104.80
2025-08-19 12:31:04.455,539.74,104.80
2025-08-19 12:31:05.456,539.74,104.80
2025-08-19 12:31:06.457,539.74,104.80
2025-08-19 12:31:07.458,539.74,100.44
2025-08-19 12:31:08.459,539.74,100.44
2025-08-19 12:31:09.460,539.74,100.44
2025-08-19 12:31:10.461,539.74,100.44
2025-08-19 12:31:11.462,539.74,104.80
2025-08-19 12:31:12.463,539.74,104.80
2025-08-19 12:31:13.464,539.74,100.44
2025-08-19 12:31:14.465,539.74,104.80
2025-08-19 12:31:15.466,539.74,104.80
2025-08-19 12:31:16.466,539.74,104.80
2025-08-19 12:31:17.467,539.74,100.44
2025-08-19 12:31:18.468,539.74,100.44
2025-08-19 12:31:19.469,539.74,100.44
2025-08-19 12:31:20.470,539.74,100.44
2025-08-19 12:31:21.470,539.74,100.44
2025-08-19 12:31:22.471,539.74,100.44
2025-08-19 12:31:23.472,539.74,100.44
2025-08-19 12:31:24.473,539.74,100.44
2025-08-19 12:31:25.474,539.74,100.44
2025-08-19 12:31:26.475,539.74,100.44
2025-08-19 12:31:27.476,539.74,100.44
2025-08-19 12:31:28.477,539.74,100.44
2025-08-19 12:31:29.478,539.74,100.44
2025-08-19 12:31:30.480,539.74,100.44
2025-08-19 12:31:31.481,539.74,100.44
2025-08-19 12:31:32.482,539.74,100.44
2025-08-19 12:31:33.483,539.74,100.44
2025-08-19 12:31:34.484,539.74,100.44
2025-08-19 12:31:35.485,539.74,100.44
2025-08-19 12:31:36.486,539.74,100.44
2025-08-19 12:31:37.487,539.74,100.44
2025-08-19 12:31:38.488,539.74,100.44
2025-08-19 12:31:39.489,539.74,100.44
2025-08-19 12:31:40.490,539.74,100.44
2025-08-19 12:31:41.491,539.74,100.44
2025-08-19 12:31:42.492,539.74,100.44
2025-08-19 12:31:43.493,539.74,100.44
2025-08-19 12:31:44.494,539.74,104.80
2025-08-19 12:31:45.495,539.74,100.44
2025-08-19 12:31:46.495,539.74,104.80
2025-08-19 12:31:47.496,539.74,100.44
2025-08-19 12:31:48.497,539.74,100.44
2025-08-19 12:31:49.498,539.74,100.44
2025-08-19 12:31:50.499,539.74,100.44
2025-08-19 12:31:51.500,539.74,100.44
2025-08-19 12:31:52.500,539.74,100.44
2025-08-19 12:31:53.501,539.74,100.44
2025-08-19 12:31:54.502,539.74,104.80
2025-08-19 12:31:55.503,539.74,104.80
2025-08-19 12:31:56.503,539.74,104.80
2025-08-19 12:31:57.504,539.74,104.80
2025-08-19 12:31:58.505,539.74,104.80
2025-08-19 12:31:59.506,539.74,100.44
2025-08-19 12:32:00.507,539.74,104.80
2025-08-19 12:32:01.508,539.74,104.80
2025-08-19 12:32:02.509,539.74,104.80
2025-08-19 12:32:03.510,539.74,100.44
2025-08-19 12:32:04.511,539.74,100.44
2025-08-19 12:32:05.512,539.74,100.44
2025-08-19 12:32:06.513,539.74,100.44
2025-08-19 12:32:07.513,539.74,100.44
2025-08-19 12:32:08.514,539.74,100.44
2025-08-19 12:32:09.515,539.74,100.44
2025-08-19 12:32:10.516,539.74,104.80
2025-08-19 12:32:11.517,539.74,104.80
2025-08-19 12:32:12.518,539.74,104.80
2025-08-19 12:32:13.519,539.74,104.80
2025-08-19 12:32:14.520,539.74,104.80
2025-08-19 12:32:15.521,539.74,104.80
2025-08-19 12:32:16.522,539.74,104.80
2025-08-19 12:32:17.523,539.74,104.80
2025-08-19 12:32:18.524,539.74,104.80
2025-08-19 12:32:19.525,539.74,104.80
2025-08-19 12:32:20.527,539.74,104.80
2025-08-19 12:32:21.527,539.74,104.80
2025-08-19 12:32:22.528,539.74,104.80
2025-08-19 12:32:23.530,539.74,104.80
2025-08-19 12:32:24.530,539.74,104.80
2025-08-19 12:32:25.531,539.74,104.80
2025-08-19 12:32:26.532,539.74,104.80
2025-08-19 12:32:27.533,539.74,104.80
2025-08-19 12:32:28.535,539.74,104.80
2025-08-19 12:32:29.536,539.74,104.80
2025-08-19 12:32:30.537,539.74,104.80
2025-08-19 12:32:31.538,539.74,104.80
2025-08-19 12:32:32.539,539.74,100.44
2025-08-19 12:32:33.540,539.74,100.44
2025-08-19 12:32:34.541,539.74,100.44
2025-08-19 12:32:35.542,539.74,104.80
2025-08-19 12:32:36.543,539.74,104.80
2025-08-19 12:32:37.544,539.74,104.80
2025-08-19 12:32:38.545,539.74,104.80
2025-08-19 12:32:39.547,539.74,104.80
2025-08-19 12:32:40.548,539.74,104.80
2025-08-19 12:32:41.548,539.74,100.44
2025-08-19 12:32:42.549,539.74,100.44
2025-08-19 12:32:43.550,539.74,104.80
2025-08-19 12:32:44.551,539.74,100.44
2025-08-19 12:32:45.552,539.74,100.44
2025-08-19 12:32:46.553,539.74,100.44
2025-08-19 12:32:47.553,539.74,100.44
2025-08-19 12:32:48.554,539.74,100.44
2025-08-19 12:32:49.555,539.74,100.44
2025-08-19 12:32:50.556,539.74,100.44
2025-08-19 12:32:51.556,539.74,100.44
2025-08-19 12:32:52.557,539.74,100.44
2025-08-19 12:32:53.558,539.74,100.44
2025-08-19 12:32:54.559,539.74,100.44
2025-08-19 12:32:55.559,539.74,100.44
2025-08-19 12:32:56.560,539.74,100.44
2025-08-19 12:32:57.561,539.74,104.80
2025-08-19 12:32:58.562,539.74,104.80
2025-08-19 12:32:59.563,539.74,104.80
2025-08-19 12:33:00.564,539.74,100.44
2025-08-19 12:33:01.565,539.74,100.44
2025-08-19 12:33:02.565,539.74,104.80
2025-08-19 12:33:03.566,539.74,104.80
2025-08-19 12:33:04.567,539.74,104.80
2025-08-19 12:33:05.569,539.74,104.80
2025-08-19 12:33:06.570,539.74,104.80
2025-08-19 12:33:07.571,539.74,104.80
2025-08-19 12:33:08.572,539.74,100.44
2025-08-19 12:33:09.574,539.74,104.80
2025-08-19 12:33:10.575,539.74,104.80
2025-08-19 12:33:11.576,539.74,100.44
2025-08-19 12:33:12.577,539.74,100.44
2025-08-19 12:33:13.578,539.74,100.44
2025-08-19 12:33:14.579,539.74,100.44
2025-08-19 12:33:15.581,539.74,104.80
2025-08-19 12:33:16.582,539.74,104.80
2025-08-19 12:33:17.583,539.74,104.80
2025-08-19 12:33:18.584,539.74,100.44
2025-08-19 12:33:19.585,539.74,100.44
2025-08-19 12:33:20.586,539.74,100.44
2025-08-19 12:33:21.587,539.74,100.44
2025-08-19 12:33:22.588,539.74,104.80
2025-08-19 12:33:23.589,539.74,104.80
2025-08-19 12:33:24.590,539.74,104.80
2025-08-19 12:33:25.591,539.74,104.80
2025-08-19 12:33:26.593,539.74,100.44
2025-08-19 12:33:27.594,539.74,104.80
2025-08-19 12:33:28.595,539.74,104.80
2025-08-19 12:33:29.596,539.74,100.44
2025-08-19 12:33:30.597,539.74,100.44
2025-08-19 12:33:31.598,539.74,100.44
2025-08-19 12:33:32.599,539.74,100.44
2025-08-19 12:33:33.600,539.74,100.44
2025-08-19 12:33:34.601,539.74,100.44
2025-08-19 12:33:35.602,539.74,100.44
2025-08-19 12:33:36.602,539.74,104.80
2025-08-19 12:33:37.603,539.74,104.80
2025-08-19 12:33:38.604,539.74,104.80
2025-08-19 12:33:39.605,539.74,104.80
2025-08-19 12:33:40.606,539.74,104.80
2025-08-19 12:33:41.606,539.74,104.80
2025-08-19 12:33:42.607,539.74,100.44
2025-08-19 12:33:43.608,539.74,100.44
2025-08-19 12:33:44.609,539.74,100.44
2025-08-19 12:33:45.609,539.74,100.44
2025-08-19 12:33:46.610,539.74,100.44
2025-08-19 12:33:47.611,539.74,100.44
2025-08-19 12:33:48.612,539.74,100.44
2025-08-19 12:33:49.612,539.74,100.44
2025-08-19 12:33:50.613,539.74,100.44
2025-08-19 12:33:51.614,539.74,104.80
2025-08-19 12:33:52.615,539.74,104.80
2025-08-19 12:33:53.616,539.74,104.80
2025-08-19 12:33:54.617,539.74,104.80
2025-08-19 12:33:55.618,539.74,104.80
2025-08-19 12:33:56.619,539.74,104.80
2025-08-19 12:33:57.620,539.74,104.80
2025-08-19 12:33:58.621,539.74,104.80
2025-08-19 12:33:59.622,539.74,104.80
2025-08-19 12:34:00.623,539.74,104.80
2025-08-19 12:34:01.624,539.74,104.80
2025-08-19 12:34:02.625,539.74,104.80
2025-08-19 12:34:03.626,539.74,104.80
2025-08-19 12:34:04.627,539.74,104.80
2025-08-19 12:34:05.627,539.74,104.80
2025-08-19 12:34:06.628,539.74,100.44
2025-08-19 12:34:07.629,539.74,100.44
2025-08-19 12:34:08.630,539.74,100.44
2025-08-19 12:34:09.631,539.74,104.80
2025-08-19 12:34:10.632,539.74,109.17
2025-08-19 12:34:11.633,539.74,109.17
2025-08-19 12:34:12.634,539.74,109.17
2025-08-19 12:34:13.635,539.74,109.17
2025-08-19 12:34:14.636,539.74,104.80
2025-08-19 12:34:15.637,539.74,104.80
2025-08-19 12:34:16.638,539.74,104.80
2025-08-19 12:34:17.640,539.74,104.80
2025-08-19 12:34:18.641,539.74,104.80
2025-08-19 12:34:19.642,539.74,104.80
2025-08-19 12:34:20.643,539.74,104.80
2025-08-19 12:34:21.644,539.74,100.44
2025-08-19 12:34:22.645,539.74,100.44
2025-08-19 12:34:23.646,539.74,104.80
2025-08-19 12:34:24.647,539.74,104.80
2025-08-19 12:34:25.648,539.74,104.80
2025-08-19 12:34:26.649,539.74,104.80
2025-08-19 12:34:27.650,539.74,104.80
2025-08-19 12:34:28.651,539.74,104.80
2025-08-19 12:34:29.652,539.74,104.80
2025-08-19 12:34:30.653,539.74,104.80
2025-08-19 12:34:31.653,539.74,104.80
2025-08-19 12:34:32.654,539.74,104.80
2025-08-19 12:34:33.655,539.74,109.17
2025-08-19 12:34:34.657,539.74,109.17
2025-08-19 12:34:35.658,539.74,109.17
2025-08-19 12:34:36.659,539.74,109.17
2025-08-19 12:34:37.660,539.74,109.17
2025-08-19 12:34:38.660,539.74,109.17
2025-08-19 12:34:39.661,539.74,109.17
2025-08-19 12:34:40.662,539.74,109.17
2025-08-19 12:34:41.663,539.74,104.80
2025-08-19 12:34:42.664,539.74,104.80
2025-08-19 12:34:43.665,539.74,104.80
2025-08-19 12:34:44.666,539.74,104.80
2025-08-19 12:34:45.667,539.74,104.80
2025-08-19 12:34:46.668,539.74,104.80
2025-08-19 12:34:47.669,539.74,104.80
2025-08-19 12:34:48.670,539.74,104.80
2025-08-19 12:34:49.671,539.74,104.80
2025-08-19 12:34:50.673,539.74,104.80
2025-08-19 12:34:51.674,539.74,104.80
2025-08-19 12:34:52.675,539.74,104.80
2025-08-19 12:34:53.676,539.74,104.80
2025-08-19 12:34:54.677,539.74,104.80
2025-08-19 12:34:55.678,539.74,104.80
2025-08-19 12:34:56.679,539.74,104.80
2025-08-19 12:34:57.680,539.74,104.80
2025-08-19 12:34:58.681,539.74,104.80
2025-08-19 12:34:59.682,539.74,104.80
2025-08-19 12:35:00.682,539.74,104.80
2025-08-19 12:35:01.683,539.74,104.80
2025-08-19 12:35:02.684,539.74,104.80
2025-08-19 12:35:03.685,539.74,104.80
2025-08-19 12:35:04.686,539.74,104.80
2025-08-19 12:35:05.687,539.74,104.80
2025-08-19 12:35:06.688,539.74,104.80
2025-08-19 12:35:07.689,539.74,100.44
2025-08-19 12:35:08.690,546.72,104.80
2025-08-19 12:35:09.691,546.72,104.80
2025-08-19 12:35:10.693,546.72,104.80
2025-08-19 12:35:11.694,546.72,104.80
2025-08-19 12:35:12.695,546.72,104.80
2025-08-19 12:35:13.696,546.72,104.80
2025-08-19 12:35:14.697,546.72,104.80
2025-08-19 12:35:15.698,546.72,104.80
2025-08-19 12:35:16.699,546.72,104.80
2025-08-19 12:35:17.700,546.72,104.80
2025-08-19 12:35:18.701,546.72,104.80
2025-08-19 12:35:19.702,546.72,104.80
2025-08-19 12:35:20.703,546.72,109.17
2025-08-19 12:35:21.703,546.72,109.17
2025-08-19 12:35:22.704,546.72,109.17
2025-08-19 12:35:23.705,546.72,104.80
2025-08-19 12:35:24.706,546.72,104.80
2025-08-19 12:35:25.707,546.72,109.17
2025-08-19 12:35:26.708,546.72,109.17
2025-08-19 12:35:27.709,546.72,104.80
2025-08-19 12:35:28.710,546.72,104.80
2025-08-19 12:35:29.712,546.72,104.80
2025-08-19 12:35:30.713,546.72,104.80
2025-08-19 12:35:31.714,546.72,104.80
2025-08-19 12:35:32.715,546.72,104.80
2025-08-19 12:35:33.716,546.72,109.17
2025-08-19 12:35:34.717,546.72,109.17
2025-08-19 12:35:35.718,546.72,109.17
2025-08-19 12:35:36.719,546.72,104.80
2025-08-19 12:35:37.720,546.72,104.80
2025-08-19 12:35:38.722,546.72,104.80
2025-08-19 12:35:39.723,546.72,100.44
2025-08-19 12:35:40.724,546.72,100.44
2025-08-19 12:35:41.725,546.72,100.44
2025-08-19 12:35:42.727,546.72,100.44
2025-08-19 12:35:43.728,546.72,100.44
2025-08-19 12:35:44.729,546.72,104.80
2025-08-19 12:35:45.730,546.72,104.80
2025-08-19 12:35:46.731,546.72,100.44
2025-08-19 12:35:47.732,546.72,100.44
2025-08-19 12:35:48.734,546.72,100.44
2025-08-19 12:35:49.735,546.72,100.44
2025-08-19 12:35:50.736,546.72,100.44
2025-08-19 12:35:51.737,546.72,100.44
2025-08-19 12:35:52.738,546.72,100.44
2025-08-19 12:35:53.739,546.72,100.44
2025-08-19 12:35:54.741,546.72,100.44
2025-08-19 12:35:55.742,546.72,100.44
2025-08-19 12:35:56.743,546.72,100.44
2025-08-19 12:35:57.744,546.72,100.44
2025-08-19 12:35:58.745,546.72,100.44
2025-08-19 12:35:59.747,546.72,100.44
2025-08-19 12:36:00.748,546.72,100.44
2025-08-19 12:36:01.749,546.72,104.80
2025-08-19 12:36:02.750,546.72,104.80
2025-08-19 12:36:03.751,546.72,104.80
2025-08-19 12:36:04.752,546.72,104.80
2025-08-19 12:36:05.754,546.72,104.80
2025-08-19 12:36:06.755,546.72,104.80
2025-08-19 12:36:07.756,546.72,104.80
2025-08-19 12:36:08.757,546.72,100.44
2025-08-19 12:36:09.758,546.72,100.44
2025-08-19 12:36:10.759,546.72,100.44
2025-08-19 12:36:11.760,546.72,100.44
2025-08-19 12:36:12.761,546.72,100.44
2025-08-19 12:36:13.762,546.72,100.44
2025-08-19 12:36:14.763,546.72,100.44
2025-08-19 12:36:15.764,546.72,100.44
2025-08-19 12:36:16.765,546.72,100.44
2025-08-19 12:36:17.766,546.72,100.44
2025-08-19 12:36:18.767,546.72,100.44
2025-08-19 12:36:19.768,546.72,100.44
2025-08-19 12:36:20.770,546.72,100.44
2025-08-19 12:36:21.771,546.72,100.44
2025-08-19 12:36:22.772,546.72,104.80
2025-08-19 12:36:23.773,546.72,104.80
2025-08-19 12:36:24.774,546.72,104.80
2025-08-19 12:36:25.775,546.72,104.80
2025-08-19 12:36:26.776,546.72,104.80
2025-08-19 12:36:27.777,546.72,104.80
2025-08-19 12:36:28.778,546.72,104.80
2025-08-19 12:36:29.779,546.72,104.80
2025-08-19 12:36:30.780,546.72,100.44
2025-08-19 12:36:31.781,546.72,100.44
2025-08-19 12:36:32.782,546.72,100.44
2025-08-19 12:36:33.784,546.72,100.44
2025-08-19 12:36:34.785,546.72,104.80
2025-08-19 12:36:35.786,546.72,104.80
2025-08-19 12:36:36.790,546.72,104.80
2025-08-19 12:36:37.788,546.72,104.80
2025-08-19 12:36:38.789,546.72,104.80
2025-08-19 12:36:39.790,546.72,104.80
2025-08-19 12:36:40.791,546.72,100.44
2025-08-19 12:36:41.792,546.72,100.44
2025-08-19 12:36:42.793,546.72,100.44
2025-08-19 12:36:43.794,546.72,104.80
2025-08-19 12:36:44.795,546.72,100.44
2025-08-19 12:36:45.796,546.72,100.44
2025-08-19 12:36:46.798,546.72,100.44
2025-08-19 12:36:47.799,546.72,104.80
2025-08-19 12:36:48.800,546.72,100.44
2025-08-19 12:36:49.801,546.72,100.44
2025-08-19 12:36:50.802,546.72,100.44
2025-08-19 12:36:51.803,546.72,100.44
2025-08-19 12:36:52.804,546.72,100.44
2025-08-19 12:36:53.805,546.72,104.80
2025-08-19 12:36:54.806,546.72,104.80
2025-08-19 12:36:55.807,546.72,100.44
2025-08-19 12:36:56.807,546.72,100.44
2025-08-19 12:36:57.808,546.72,100.44
2025-08-19 12:36:58.809,546.72,104.80
2025-08-19 12:36:59.809,546.72,104.80
2025-08-19 12:37:00.810,546.72,104.80
2025-08-19 12:37:01.811,546.72,104.80
2025-08-19 12:37:02.811,546.72,104.80
2025-08-19 12:37:03.812,546.72,100.44
2025-08-19 12:37:04.812,546.72,100.44
2025-08-19 12:37:05.813,546.72,104.80
2025-08-19 12:37:06.814,546.72,104.80
2025-08-19 12:37:07.814,546.72,104.80
2025-08-19 12:37:08.815,546.72,100.44
2025-08-19 12:37:09.816,546.72,100.44
2025-08-19 12:37:10.817,546.72,100.44
2025-08-19 12:37:11.817,546.72,100.44
2025-08-19 12:37:12.818,546.72,100.44
2025-08-19 12:37:13.819,546.72,100.44
2025-08-19 12:37:14.819,546.72,100.44
2025-08-19 12:37:15.820,546.72,100.44
2025-08-19 12:37:16.821,546.72,100.44
2025-08-19 12:37:17.821,546.72,100.44
2025-08-19 12:37:18.822,546.72,100.44
2025-08-19 12:37:19.823,546.72,100.44
2025-08-19 12:37:20.825,546.72,100.44
2025-08-19 12:37:21.825,546.72,100.44
2025-08-19 12:37:22.826,546.72,100.44
2025-08-19 12:37:23.827,546.72,100.44
2025-08-19 12:37:24.828,546.72,100.44
2025-08-19 12:37:25.829,546.72,100.44
2025-08-19 12:37:26.830,546.72,100.44
2025-08-19 12:37:27.831,546.72,100.44
2025-08-19 12:37:28.833,546.72,100.44
2025-08-19 12:37:29.834,546.72,100.44
2025-08-19 12:37:30.834,546.72,104.80
2025-08-19 12:37:31.835,546.72,104.80
2025-08-19 12:37:32.836,546.72,104.80
2025-08-19 12:37:33.837,546.72,100.44
2025-08-19 12:37:34.838,546.72,104.80
2025-08-19 12:37:35.840,546.72,100.44
2025-08-19 12:37:36.841,546.72,100.44
2025-08-19 12:37:37.842,546.72,104.80
2025-08-19 12:37:38.843,546.72,100.44
2025-08-19 12:37:39.843,546.72,100.44
2025-08-19 12:37:40.844,546.72,104.80
2025-08-19 12:37:41.845,546.72,100.44
2025-08-19 12:37:42.846,546.72,100.44
2025-08-19 12:37:43.847,546.72,100.44
2025-08-19 12:37:44.848,546.72,100.44
2025-08-19 12:37:45.849,546.72,100.44
2025-08-19 12:37:46.850,546.72,100.44
2025-08-19 12:37:47.851,546.72,100.44
2025-08-19 12:37:48.852,546.72,100.44
2025-08-19 12:37:49.852,546.72,100.44
2025-08-19 12:37:50.853,546.72,100.44
2025-08-19 12:37:51.854,546.72,100.44
2025-08-19 12:37:52.855,546.72,100.44
2025-08-19 12:37:53.856,546.72,100.44
2025-08-19 12:37:54.857,546.72,100.44
2025-08-19 12:37:55.858,546.72,100.44
2025-08-19 12:37:56.859,546.72,100.44
2025-08-19 12:37:57.860,546.72,100.44
2025-08-19 12:37:58.861,546.72,100.44
2025-08-19 12:37:59.863,546.72,100.44
2025-08-19 12:38:00.863,546.72,100.44
2025-08-19 12:38:01.864,546.72,100.44
2025-08-19 12:38:02.865,546.72,100.44
2025-08-19 12:38:03.866,546.72,100.44
2025-08-19 12:38:04.868,546.72,100.44
2025-08-19 12:38:05.869,546.72,100.44
2025-08-19 12:38:06.870,546.72,100.44
2025-08-19 12:38:07.871,546.72,100.44
2025-08-19 12:38:08.872,546.72,100.44
2025-08-19 12:38:09.874,546.72,100.44
2025-08-19 12:38:10.875,546.72,100.44
2025-08-19 12:38:11.876,546.72,100.44
2025-08-19 12:38:12.877,546.72,100.44
2025-08-19 12:38:13.879,546.72,100.44
2025-08-19 12:38:14.880,546.72,100.44
2025-08-19 12:38:15.880,546.72,100.44
2025-08-19 12:38:16.881,546.72,100.44
2025-08-19 12:38:17.882,546.72,100.44
2025-08-19 12:38:18.883,546.72,100.44
2025-08-19 12:38:19.884,546.72,100.44
2025-08-19 12:38:20.885,546.72,100.44
2025-08-19 12:38:21.886,546.72,100.44
2025-08-19 12:38:22.887,546.72,100.44
2025-08-19 12:38:23.888,546.72,104.80
2025-08-19 12:38:24.889,546.72,104.80
2025-08-19 12:38:25.890,546.72,100.44
2025-08-19 12:38:26.891,546.72,100.44
2025-08-19 12:38:27.892,546.72,100.44
2025-08-19 12:38:28.893,546.72,100.44
2025-08-19 12:38:29.894,546.72,100.44
2025-08-19 12:38:30.895,546.72,100.44
2025-08-19 12:38:31.896,546.72,100.44
2025-08-19 12:38:32.897,546.72,100.44
2025-08-19 12:38:33.898,546.72,100.44
2025-08-19 12:38:34.899,546.72,100.44
2025-08-19 12:38:35.900,546.72,100.44
2025-08-19 12:38:36.900,546.72,100.44
2025-08-19 12:38:37.902,546.72,100.44
2025-08-19 12:38:38.903,546.72,100.44
2025-08-19 12:38:39.904,546.72,100.44
2025-08-19 12:38:40.905,546.72,100.44
2025-08-19 12:38:41.906,546.72,100.44
2025-08-19 12:38:42.907,546.72,100.44
2025-08-19 12:38:43.908,546.72,100.44
2025-08-19 12:38:44.909,546.72,100.44
2025-08-19 12:38:45.909,546.72,100.44
2025-08-19 12:38:46.910,546.72,100.44
2025-08-19 12:38:47.911,546.72,100.44
2025-08-19 12:38:48.912,546.72,100.44
2025-08-19 12:38:49.913,546.72,100.44
2025-08-19 12:38:50.914,546.72,100.44
2025-08-19 12:38:51.914,546.72,100.44
2025-08-19 12:38:52.915,546.72,100.44
2025-08-19 12:38:53.916,546.72,100.44
2025-08-19 12:38:54.917,546.72,100.44
2025-08-19 12:38:55.918,546.72,100.44
2025-08-19 12:38:56.919,546.72,100.44
2025-08-19 12:38:57.919,546.72,100.44
2025-08-19 12:38:58.920,546.72,100.44
2025-08-19 12:38:59.921,546.72,100.44
2025-08-19 12:39:00.922,546.72,100.44
2025-08-19 12:39:01.922,546.72,96.07
2025-08-19 12:39:02.924,546.72,100.44
2025-08-19 12:39:03.925,546.72,100.44
2025-08-19 12:39:04.926,546.72,100.44
2025-08-19 12:39:05.927,546.72,100.44
2025-08-19 12:39:06.928,546.72,100.44
2025-08-19 12:39:07.929,546.72,100.44
2025-08-19 12:39:08.929,546.72,100.44
2025-08-19 12:39:09.930,546.72,100.44
2025-08-19 12:39:10.930,546.72,96.07
2025-08-19 12:39:11.932,546.72,100.44
2025-08-19 12:39:12.933,546.72,100.44
2025-08-19 12:39:13.934,546.72,100.44
2025-08-19 12:39:14.935,546.72,100.44
2025-08-19 12:39:15.936,546.72,100.44
2025-08-19 12:39:16.937,546.72,100.44
2025-08-19 12:39:17.937,546.72,100.44
2025-08-19 12:39:18.938,546.72,100.44
2025-08-19 12:39:19.939,546.72,100.44
2025-08-19 12:39:20.940,546.72,100.44
2025-08-19 12:39:21.941,546.72,100.44
2025-08-19 12:39:22.942,546.72,100.44
2025-08-19 12:39:23.943,546.72,100.44
2025-08-19 12:39:24.944,546.72,100.44
2025-08-19 12:39:25.944,546.72,96.07
2025-08-19 12:39:26.944,546.72,96.07
2025-08-19 12:39:27.945,546.72,96.07
2025-08-19 12:39:28.947,546.72,100.44
2025-08-19 12:39:29.948,546.72,100.44
2025-08-19 12:39:30.949,546.72,100.44
2025-08-19 12:39:31.950,546.72,100.44
2025-08-19 12:39:32.951,546.72,100.44
2025-08-19 12:39:33.951,546.72,100.44
2025-08-19 12:39:34.952,546.72,100.44
2025-08-19 12:39:35.953,546.72,100.44
2025-08-19 12:39:36.954,546.72,100.44
2025-08-19 12:39:37.955,546.72,100.44
2025-08-19 12:39:38.956,546.72,100.44
2025-08-19 12:39:39.957,546.72,100.44
2025-08-19 12:39:40.958,546.72,100.44
2025-08-19 12:39:41.959,546.72,100.44
2025-08-19 12:39:42.960,546.72,100.44
2025-08-19 12:39:43.962,546.72,100.44
2025-08-19 12:39:44.963,546.72,100.44
2025-08-19 12:39:45.964,546.72,100.44
2025-08-19 12:39:46.965,546.72,100.44
2025-08-19 12:39:47.966,546.72,100.44
2025-08-19 12:39:48.967,546.72,100.44
2025-08-19 12:39:49.967,546.72,100.44
2025-08-19 12:39:50.968,546.72,100.44
2025-08-19 12:39:51.969,546.72,100.44
2025-08-19 12:39:52.970,546.72,100.44
2025-08-19 12:39:53.971,546.72,104.80
2025-08-19 12:39:54.972,546.72,104.80
2025-08-19 12:39:55.973,546.72,104.80
2025-08-19 12:39:56.974,546.72,104.80
2025-08-19 12:39:57.975,546.72,104.80
2025-08-19 12:39:58.976,546.72,104.80
2025-08-19 12:39:59.977,546.72,104.80
2025-08-19 12:40:00.978,546.72,100.44
2025-08-19 12:40:01.979,546.72,100.44
2025-08-19 12:40:02.980,546.72,100.44
2025-08-19 12:40:03.981,546.72,109.17
2025-08-19 12:40:04.982,546.72,113.54
2025-08-19 12:40:05.983,546.72,109.17
2025-08-19 12:40:06.983,546.72,104.80
2025-08-19 12:40:07.984,546.72,104.80
2025-08-19 12:40:08.985,546.72,104.80
2025-08-19 12:40:09.986,546.72,104.80
2025-08-19 12:40:10.987,546.72,104.80
2025-08-19 12:40:11.987,546.72,104.80
2025-08-19 12:40:12.988,546.72,100.44
2025-08-19 12:40:13.989,546.72,109.17
2025-08-19 12:40:14.990,546.72,109.17
2025-08-19 12:40:15.991,546.72,109.17
2025-08-19 12:40:16.991,546.72,109.17
2025-08-19 12:40:17.992,546.72,113.54
2025-08-19 12:40:18.993,546.72,109.17
2025-08-19 12:40:19.994,546.72,109.17
2025-08-19 12:40:20.995,546.72,109.17
2025-08-19 12:40:21.995,546.72,109.17
2025-08-19 12:40:22.996,546.72,109.17
2025-08-19 12:40:23.997,546.72,104.80
2025-08-19 12:40:24.998,546.72,104.80
2025-08-19 12:40:25.999,546.72,104.80
2025-08-19 12:40:27.000,546.72,104.80
2025-08-19 12:40:28.001,546.72,104.80
2025-08-19 12:40:29.002,546.72,104.80
2025-08-19 12:40:30.003,546.72,104.80
2025-08-19 12:40:31.003,546.72,104.80
2025-08-19 12:40:32.004,546.72,104.80
2025-08-19 12:40:33.005,546.72,104.80
2025-08-19 12:40:34.006,546.72,104.80
2025-08-19 12:40:35.007,546.72,100.44
2025-08-19 12:40:36.008,546.72,100.44
2025-08-19 12:40:37.009,546.72,100.44
2025-08-19 12:40:38.010,546.72,104.80
2025-08-19 12:40:39.011,546.72,104.80
2025-08-19 12:40:40.012,546.72,104.80
2025-08-19 12:40:41.013,546.72,104.80
2025-08-19 12:40:42.014,546.72,104.80
2025-08-19 12:40:43.015,546.72,104.80
2025-08-19 12:40:44.015,546.72,109.17
2025-08-19 12:40:45.016,546.72,109.17
2025-08-19 12:40:46.017,546.72,104.80
2025-08-19 12:40:47.018,546.72,100.44
2025-08-19 12:40:48.019,546.72,100.44
2025-08-19 12:40:49.020,546.72,100.44
2025-08-19 12:40:50.021,546.72,100.44
2025-08-19 12:40:51.022,546.72,100.44
2025-08-19 12:40:52.022,546.72,100.44
2025-08-19 12:40:53.023,546.72,104.80
2025-08-19 12:40:54.024,546.72,104.80
2025-08-19 12:40:55.026,546.72,100.44
2025-08-19 12:40:56.027,546.72,104.80
2025-08-19 12:40:57.028,546.72,104.80
2025-08-19 12:40:58.028,546.72,100.44
2025-08-19 12:40:59.029,546.72,100.44
2025-08-19 12:41:00.030,546.72,100.44
2025-08-19 12:41:01.031,546.72,100.44
2025-08-19 12:41:02.032,546.72,100.44
2025-08-19 12:41:03.033,546.72,100.44
2025-08-19 12:41:04.034,546.72,100.44
2025-08-19 12:41:05.035,546.72,100.44
2025-08-19 12:41:06.036,546.72,100.44
2025-08-19 12:41:07.038,546.72,100.44
2025-08-19 12:41:08.039,546.72,100.44
2025-08-19 12:41:09.040,546.72,100.44
2025-08-19 12:41:10.042,546.72,100.44
2025-08-19 12:41:11.043,546.72,100.44
2025-08-19 12:41:12.044,546.72,100.44
2025-08-19 12:41:13.045,546.72,100.44
2025-08-19 12:41:14.046,546.72,100.44
2025-08-19 12:41:15.047,546.72,104.80
2025-08-19 12:41:16.048,546.72,117.90
2025-08-19 12:41:17.049,546.72,117.90
2025-08-19 12:41:18.050,546.72,117.90
2025-08-19 12:41:19.050,546.72,113.54
2025-08-19 12:41:20.051,546.72,113.54
2025-08-19 12:41:21.052,546.72,109.17
2025-08-19 12:41:22.053,546.72,109.17
2025-08-19 12:41:23.054,546.72,104.80
2025-08-19 12:41:24.055,546.72,104.80
2025-08-19 12:41:25.056,546.72,104.80
2025-08-19 12:41:26.057,546.72,100.44
2025-08-19 12:41:27.058,546.72,104.80
2025-08-19 12:41:28.059,546.72,104.80
2025-08-19 12:41:29.060,546.72,104.80
2025-08-19 12:41:30.062,546.72,104.80
2025-08-19 12:41:31.063,546.72,104.80
2025-08-19 12:41:32.064,546.72,104.80
2025-08-19 12:41:33.065,546.72,104.80
2025-08-19 12:41:34.066,546.72,100.44
2025-08-19 12:41:35.067,546.72,100.44
2025-08-19 12:41:36.068,546.72,100.44
2025-08-19 12:41:37.070,546.72,100.44
2025-08-19 12:41:38.071,546.72,100.44
2025-08-19 12:41:39.072,546.72,100.44
2025-08-19 12:41:40.073,546.72,100.44
2025-08-19 12:41:41.075,546.72,100.44
2025-08-19 12:41:42.076,546.72,100.44
2025-08-19 12:41:43.077,546.72,100.44
2025-08-19 12:41:44.078,546.72,100.44
2025-08-19 12:41:45.079,546.72,100.44
2025-08-19 12:41:46.080,546.72,100.44
2025-08-19 12:41:47.081,546.72,100.44
2025-08-19 12:41:48.083,546.72,100.44
2025-08-19 12:41:49.084,546.72,100.44
2025-08-19 12:41:50.085,546.72,100.44
2025-08-19 12:41:51.086,546.72,100.44
2025-08-19 12:41:52.087,546.72,100.44
2025-08-19 12:41:53.088,546.72,100.44
2025-08-19 12:41:54.089,546.72,100.44
2025-08-19 12:41:55.090,546.72,100.44
2025-08-19 12:41:56.091,546.72,100.44
2025-08-19 12:41:57.093,546.72,100.44
2025-08-19 12:41:58.094,546.72,100.44
2025-08-19 12:41:59.095,546.72,104.80
2025-08-19 12:42:00.096,546.72,104.80
2025-08-19 12:42:01.097,546.72,104.80
2025-08-19 12:42:02.098,546.72,104.80
2025-08-19 12:42:03.099,546.72,104.80
2025-08-19 12:42:04.100,546.72,100.44
2025-08-19 12:42:05.101,546.72,100.44
2025-08-19 12:42:06.102,546.72,100.44
2025-08-19 12:42:07.103,546.72,100.44
2025-08-19 12:42:08.104,546.72,100.44
2025-08-19 12:42:09.105,546.72,100.44
2025-08-19 12:42:10.105,546.72,100.44
2025-08-19 12:42:11.106,546.72,100.44
2025-08-19 12:42:12.107,546.72,100.44
2025-08-19 12:42:13.108,546.72,100.44
2025-08-19 12:42:14.109,546.72,100.44
2025-08-19 12:42:15.110,546.72,100.44
2025-08-19 12:42:16.111,546.72,100.44
2025-08-19 12:42:17.112,546.72,100.44
2025-08-19 12:42:18.112,546.72,100.44
2025-08-19 12:42:19.113,546.72,100.44
2025-08-19 12:42:20.114,546.72,100.44
2025-08-19 12:42:21.115,546.72,100.44
2025-08-19 12:42:22.116,546.72,100.44
2025-08-19 12:42:23.117,546.72,100.44
2025-08-19 12:42:24.118,546.72,100.44
2025-08-19 12:42:25.119,546.72,100.44
2025-08-19 12:42:26.120,546.72,100.44
2025-08-19 12:42:27.121,546.72,100.44
2025-08-19 12:42:28.122,546.72,100.44
2025-08-19 12:42:29.122,546.72,96.07
2025-08-19 12:42:30.124,546.72,100.44
2025-08-19 12:42:31.125,546.72,100.44
2025-08-19 12:42:32.127,546.72,100.44
2025-08-19 12:42:33.128,546.72,100.44
2025-08-19 12:42:34.129,546.72,100.44
2025-08-19 12:42:35.130,546.72,100.44
2025-08-19 12:42:36.131,546.72,100.44
2025-08-19 12:42:37.132,546.72,100.44
2025-08-19 12:42:38.133,546.72,100.44
2025-08-19 12:42:39.135,546.72,100.44
2025-08-19 12:42:40.136,546.72,100.44
2025-08-19 12:42:41.138,546.72,100.44
2025-08-19 12:42:42.138,546.72,96.07
2025-08-19 12:42:43.139,546.72,96.07
2025-08-19 12:42:44.141,546.72,96.07
2025-08-19 12:42:45.142,546.72,96.07
2025-08-19 12:42:46.144,546.72,100.44
2025-08-19 12:42:47.145,546.72,100.44
2025-08-19 12:42:48.146,546.72,100.44
2025-08-19 12:42:49.146,546.72,96.07
2025-08-19 12:42:50.147,546.72,96.07
2025-08-19 12:42:51.148,546.72,96.07
2025-08-19 12:42:52.149,546.72,96.07
2025-08-19 12:42:53.150,546.72,96.07
2025-08-19 12:42:54.150,546.72,96.07
2025-08-19 12:42:55.151,546.72,96.07
2025-08-19 12:42:56.153,546.72,100.44
2025-08-19 12:42:57.153,546.72,96.07
2025-08-19 12:42:58.154,546.72,96.07
2025-08-19 12:42:59.155,546.72,96.07
2025-08-19 12:43:00.156,546.72,96.07
2025-08-19 12:43:01.158,546.72,100.44
2025-08-19 12:43:02.159,546.72,100.44
2025-08-19 12:43:03.159,546.72,100.44
2025-08-19 12:43:04.160,546.72,100.44
2025-08-19 12:43:05.160,546.72,96.07
2025-08-19 12:43:06.162,546.72,100.44
2025-08-19 12:43:07.162,546.72,96.07
2025-08-19 12:43:08.164,546.72,100.44
2025-08-19 12:43:09.164,546.72,100.44
2025-08-19 12:43:10.165,546.72,100.44
2025-08-19 12:43:11.166,546.72,100.44
2025-08-19 12:43:12.168,546.72,100.44
2025-08-19 12:43:13.169,546.72,100.44
2025-08-19 12:43:14.169,546.72,100.44
2025-08-19 12:43:15.170,546.72,100.44
2025-08-19 12:43:16.170,546.72,96.07
2025-08-19 12:43:17.171,546.72,96.07
2025-08-19 12:43:18.172,546.72,96.07
2025-08-19 12:43:19.174,546.72,100.44
2025-08-19 12:43:20.174,546.72,96.07
2025-08-19 12:43:21.175,546.72,100.44
2025-08-19 12:43:22.176,546.72,100.44
2025-08-19 12:43:23.177,546.72,100.44
2025-08-19 12:43:24.178,546.72,100.44
2025-08-19 12:43:25.179,546.72,100.44
2025-08-19 12:43:26.179,546.72,96.07
2025-08-19 12:43:27.180,546.72,96.07
2025-08-19 12:43:28.181,539.74,96.07
2025-08-19 12:43:29.182,539.74,96.07
2025-08-19 12:43:30.183,539.74,96.07
2025-08-19 12:43:31.184,539.74,96.07
2025-08-19 12:43:32.185,539.74,96.07
2025-08-19 12:43:33.186,539.74,96.07
2025-08-19 12:43:34.187,539.74,96.07
2025-08-19 12:43:35.187,539.74,96.07
2025-08-19 12:43:36.189,539.74,100.44
2025-08-19 12:43:37.189,539.74,96.07
2025-08-19 12:43:38.190,539.74,96.07
2025-08-19 12:43:39.191,539.74,96.07
2025-08-19 12:43:40.192,539.74,96.07
2025-08-19 12:43:41.193,539.74,96.07
2025-08-19 12:43:42.194,539.74,96.07
2025-08-19 12:43:43.194,539.74,96.07
2025-08-19 12:43:44.195,539.74,96.07
2025-08-19 12:43:45.196,539.74,96.07
2025-08-19 12:43:46.197,539.74,96.07
2025-08-19 12:43:47.198,539.74,96.07
2025-08-19 12:43:48.198,539.74,96.07
2025-08-19 12:43:49.199,539.74,96.07
2025-08-19 12:43:50.200,539.74,96.07
2025-08-19 12:43:51.201,539.74,96.07
2025-08-19 12:43:52.202,539.74,96.07
2025-08-19 12:43:53.203,539.74,96.07
2025-08-19 12:43:54.204,539.74,96.07
2025-08-19 12:43:55.204,539.74,96.07
2025-08-19 12:43:56.205,539.74,96.07
2025-08-19 12:43:57.206,539.74,96.07
2025-08-19 12:43:58.207,539.74,96.07
2025-08-19 12:43:59.208,539.74,96.07
2025-08-19 12:44:00.209,539.74,96.07
2025-08-19 12:44:01.210,539.74,96.07
2025-08-19 12:44:02.212,539.74,100.44
2025-08-19 12:44:03.213,539.74,100.44
2025-08-19 12:44:04.213,539.74,100.44
2025-08-19 12:44:05.214,539.74,100.44
2025-08-19 12:44:06.215,539.74,100.44
2025-08-19 12:44:07.215,539.74,96.07
2025-08-19 12:44:08.216,539.74,96.07
2025-08-19 12:44:09.218,539.74,100.44
2025-08-19 12:44:10.217,539.74,96.07
2025-08-19 12:44:11.218,539.74,96.07
2025-08-19 12:44:12.220,539.74,100.44
2025-08-19 12:44:13.221,539.74,100.44
2025-08-19 12:44:14.222,539.74,100.44
2025-08-19 12:44:15.223,539.74,100.44
2025-08-19 12:44:16.224,539.74,100.44
2025-08-19 12:44:17.225,539.74,100.44
2025-08-19 12:44:18.226,539.74,100.44
2025-08-19 12:44:19.227,539.74,100.44
2025-08-19 12:44:20.228,539.74,100.44
2025-08-19 12:44:21.229,539.74,100.44
2025-08-19 12:44:22.230,539.74,100.44
2025-08-19 12:44:23.231,539.74,100.44
2025-08-19 12:44:24.231,539.74,96.07
2025-08-19 12:44:25.232,539.74,96.07
2025-08-19 12:44:26.233,539.74,96.07
2025-08-19 12:44:27.234,539.74,96.07
2025-08-19 12:44:28.236,539.74,96.07
2025-08-19 12:44:29.237,539.74,96.07
2025-08-19 12:44:30.238,539.74,100.44
2025-08-19 12:44:31.239,539.74,100.44
2025-08-19 12:44:32.240,539.74,100.44
2025-08-19 12:44:33.241,539.74,100.44
2025-08-19 12:44:34.242,539.74,100.44
2025-08-19 12:44:35.243,539.74,100.44
2025-08-19 12:44:36.243,539.74,100.44
2025-08-19 12:44:37.244,539.74,100.44
2025-08-19 12:44:38.245,539.74,100.44
2025-08-19 12:44:39.246,539.74,100.44
2025-08-19 12:44:40.247,539.74,100.44
2025-08-19 12:44:41.248,539.74,100.44
2025-08-19 12:44:42.249,539.74,100.44
2025-08-19 12:44:43.250,539.74,100.44
2025-08-19 12:44:44.251,539.74,100.44
2025-08-19 12:44:45.252,539.74,100.44
2025-08-19 12:44:46.253,539.74,100.44
2025-08-19 12:44:47.254,539.74,100.44
2025-08-19 12:44:48.255,539.74,100.44
2025-08-19 12:44:49.256,539.74,100.44
2025-08-19 12:44:50.257,539.74,100.44
2025-08-19 12:44:51.258,539.74,100.44
2025-08-19 12:44:52.259,539.74,100.44
2025-08-19 12:44:53.260,539.74,100.44
2025-08-19 12:44:54.261,539.74,100.44
2025-08-19 12:44:55.262,539.74,100.44
2025-08-19 12:44:56.263,539.74,100.44
2025-08-19 12:44:57.264,539.74,100.44
2025-08-19 12:44:58.265,539.74,100.44
2025-08-19 12:44:59.265,539.74,100.44
2025-08-19 12:45:00.266,539.74,100.44
2025-08-19 12:45:01.267,539.74,100.44
2025-08-19 12:45:02.268,539.74,100.44
2025-08-19 12:45:03.268,539.74,100.44
2025-08-19 12:45:04.269,539.74,100.44
2025-08-19 12:45:05.270,539.74,100.44
2025-08-19 12:45:06.271,539.74,100.44
2025-08-19 12:45:07.271,539.74,100.44
2025-08-19 12:45:08.272,539.74,100.44
2025-08-19 12:45:09.272,539.74,100.44
2025-08-19 12:45:10.273,539.74,100.44
2025-08-19 12:45:11.274,539.74,100.44
2025-08-19 12:45:12.275,539.74,100.44
2025-08-19 12:45:13.275,539.74,100.44
2025-08-19 12:45:14.276,539.74,100.44
2025-08-19 12:45:15.278,539.74,100.44
2025-08-19 12:45:16.278,539.74,100.44
2025-08-19 12:45:17.280,539.74,100.44
2025-08-19 12:45:18.281,539.74,100.44
2025-08-19 12:45:19.281,539.74,100.44
2025-08-19 12:45:20.282,539.74,100.44
2025-08-19 12:45:21.283,539.74,100.44
2025-08-19 12:45:22.284,539.74,100.44
2025-08-19 12:45:23.284,539.74,100.44
2025-08-19 12:45:24.285,539.74,100.44
2025-08-19 12:45:25.286,539.74,100.44
2025-08-19 12:45:26.286,539.74,100.44
2025-08-19 12:45:27.287,539.74,100.44
2025-08-19 12:45:28.288,539.74,100.44
2025-08-19 12:45:29.288,539.74,100.44
2025-08-19 12:45:30.289,539.74,100.44
2025-08-19 12:45:31.290,539.74,100.44
2025-08-19 12:45:32.291,539.74,100.44
2025-08-19 12:45:33.291,539.74,100.44
2025-08-19 12:45:34.292,539.74,100.44
2025-08-19 12:45:35.293,539.74,100.44
2025-08-19 12:45:36.294,539.74,100.44
2025-08-19 12:45:37.294,539.74,100.44
2025-08-19 12:45:38.295,539.74,100.44
2025-08-19 12:45:39.296,539.74,100.44
2025-08-19 12:45:40.297,539.74,104.80
2025-08-19 12:45:41.297,539.74,104.80
2025-08-19 12:45:42.298,539.74,104.80
2025-08-19 12:45:43.299,539.74,104.80
2025-08-19 12:45:44.300,539.74,104.80
2025-08-19 12:45:45.301,539.74,104.80
2025-08-19 12:45:46.302,539.74,100.44
2025-08-19 12:45:47.303,539.74,100.44
2025-08-19 12:45:48.303,539.74,100.44
2025-08-19 12:45:49.304,539.74,100.44
2025-08-19 12:45:50.305,539.74,100.44
2025-08-19 12:45:51.306,539.74,100.44
2025-08-19 12:45:52.308,539.74,100.44
2025-08-19 12:45:53.309,539.74,100.44
2025-08-19 12:45:54.310,539.74,100.44
2025-08-19 12:45:55.311,539.74,100.44
2025-08-19 12:45:56.312,539.74,100.44
2025-08-19 12:45:57.313,539.74,100.44
2025-08-19 12:45:58.314,539.74,100.44
2025-08-19 12:45:59.315,539.74,100.44
2025-08-19 12:46:00.316,539.74,100.44
2025-08-19 12:46:01.317,539.74,100.44
2025-08-19 12:46:02.318,539.74,100.44
2025-08-19 12:46:03.319,539.74,100.44
2025-08-19 12:46:04.320,539.74,100.44
2025-08-19 12:46:05.321,539.74,100.44
2025-08-19 12:46:06.322,539.74,100.44
2025-08-19 12:46:07.323,539.74,100.44
2025-08-19 12:46:08.324,539.74,100.44
2025-08-19 12:46:09.325,539.74,100.44
2025-08-19 12:46:10.326,539.74,100.44
2025-08-19 12:46:11.327,539.74,100.44
2025-08-19 12:46:12.328,539.74,100.44
2025-08-19 12:46:13.329,539.74,100.44
2025-08-19 12:46:14.329,539.74,100.44
2025-08-19 12:46:15.330,539.74,100.44
2025-08-19 12:46:16.331,539.74,100.44
2025-08-19 12:46:17.332,539.74,100.44
2025-08-19 12:46:18.333,539.74,100.44
2025-08-19 12:46:19.334,539.74,100.44
2025-08-19 12:46:20.335,539.74,100.44
2025-08-19 12:46:21.336,539.74,100.44
2025-08-19 12:46:22.337,539.74,100.44
2025-08-19 12:46:23.338,539.74,100.44
2025-08-19 12:46:24.338,539.74,100.44
2025-08-19 12:46:25.339,539.74,100.44
2025-08-19 12:46:26.340,539.74,100.44
2025-08-19 12:46:27.341,539.74,100.44
2025-08-19 12:46:28.341,539.74,100.44
2025-08-19 12:46:29.342,539.74,100.44
2025-08-19 12:46:30.343,539.74,100.44
2025-08-19 12:46:31.343,539.74,100.44
2025-08-19 12:46:32.344,539.74,100.44
2025-08-19 12:46:33.345,539.74,100.44
2025-08-19 12:46:34.346,539.74,100.44
2025-08-19 12:46:35.347,539.74,100.44
2025-08-19 12:46:36.347,539.74,100.44
2025-08-19 12:46:37.348,539.74,100.44
2025-08-19 12:46:38.349,539.74,104.80
2025-08-19 12:46:39.350,539.74,104.80
2025-08-19 12:46:40.350,539.74,104.80
2025-08-19 12:46:41.351,539.74,104.80
2025-08-19 12:46:42.352,539.74,104.80
2025-08-19 12:46:43.353,539.74,104.80
2025-08-19 12:46:44.353,539.74,104.80
2025-08-19 12:46:45.354,539.74,104.80
2025-08-19 12:46:46.355,539.74,104.80
2025-08-19 12:46:47.356,539.74,104.80
2025-08-19 12:46:48.356,539.74,104.80
2025-08-19 12:46:49.357,539.74,104.80
2025-08-19 12:46:50.358,539.74,104.80
2025-08-19 12:46:51.358,539.74,104.80
2025-08-19 12:46:52.359,539.74,104.80
2025-08-19 12:46:53.360,539.74,104.80
2025-08-19 12:46:54.360,539.74,104.80
2025-08-19 12:46:55.361,539.74,104.80
2025-08-19 12:46:56.362,539.74,104.80
2025-08-19 12:46:57.363,539.74,104.80
2025-08-19 12:46:58.364,539.74,104.80
2025-08-19 12:46:59.365,539.74,104.80
2025-08-19 12:47:00.366,539.74,104.80
2025-08-19 12:47:01.367,539.74,104.80
2025-08-19 12:47:02.368,539.74,104.80
2025-08-19 12:47:03.368,539.74,104.80
2025-08-19 12:47:04.369,539.74,104.80
2025-08-19 12:47:05.370,539.74,104.80
2025-08-19 12:47:06.371,539.74,104.80
2025-08-19 12:47:07.372,539.74,104.80
2025-08-19 12:47:08.373,539.74,104.80
2025-08-19 12:47:09.374,539.74,104.80
2025-08-19 12:47:10.376,539.74,104.80
2025-08-19 12:47:11.377,539.74,104.80
2025-08-19 12:47:12.378,539.74,104.80
2025-08-19 12:47:13.379,539.74,109.17
2025-08-19 12:47:14.380,539.74,104.80
2025-08-19 12:47:15.382,539.74,109.17
2025-08-19 12:47:16.383,539.74,109.17
2025-08-19 12:47:17.384,539.74,109.17
2025-08-19 12:47:18.385,539.74,109.17
2025-08-19 12:47:19.386,539.74,109.17
2025-08-19 12:47:20.387,539.74,109.17
2025-08-19 12:47:21.387,539.74,109.17
2025-08-19 12:47:22.388,539.74,109.17
2025-08-19 12:47:23.389,539.74,109.17
2025-08-19 12:47:24.390,539.74,109.17
2025-08-19 12:47:25.391,539.74,109.17
2025-08-19 12:47:26.392,539.74,109.17
2025-08-19 12:47:27.392,539.74,109.17
2025-08-19 12:47:28.393,539.74,109.17
2025-08-19 12:47:29.394,539.74,109.17
2025-08-19 12:47:30.395,539.74,109.17
2025-08-19 12:47:31.396,539.74,109.17
2025-08-19 12:47:32.397,539.74,109.17
2025-08-19 12:47:33.398,539.74,109.17
2025-08-19 12:47:34.398,539.74,109.17
2025-08-19 12:47:35.399,539.74,113.54
2025-08-19 12:47:36.400,539.74,109.17
2025-08-19 12:47:37.401,539.74,109.17
2025-08-19 12:47:38.402,539.74,109.17
2025-08-19 12:47:39.403,539.74,109.17
2025-08-19 12:47:40.404,539.74,109.17
2025-08-19 12:47:41.405,539.74,109.17
2025-08-19 12:47:42.406,539.74,109.17
2025-08-19 12:47:43.407,539.74,109.17
2025-08-19 12:47:44.408,539.74,109.17
2025-08-19 12:47:45.409,539.74,109.17
2025-08-19 12:47:46.410,539.74,113.54
2025-08-19 12:47:47.411,539.74,113.54
2025-08-19 12:47:48.412,539.74,113.54
2025-08-19 12:47:49.413,539.74,113.54
2025-08-19 12:47:50.414,539.74,113.54
2025-08-19 12:47:51.415,539.74,113.54
2025-08-19 12:47:52.416,539.74,113.54
2025-08-19 12:47:53.417,539.74,113.54
2025-08-19 12:47:54.418,546.72,113.54
2025-08-19 12:47:55.419,546.72,113.54
2025-08-19 12:47:56.420,546.72,113.54
2025-08-19 12:47:57.420,546.72,113.54
2025-08-19 12:47:58.421,546.72,113.54
2025-08-19 12:47:59.422,546.72,113.54
2025-08-19 12:48:00.423,546.72,113.54
2025-08-19 12:48:01.424,546.72,117.90
2025-08-19 12:48:02.425,546.72,117.90
2025-08-19 12:48:03.426,546.72,113.54
2025-08-19 12:48:04.427,546.72,113.54
2025-08-19 12:48:05.428,546.72,113.54
2025-08-19 12:48:06.429,546.72,113.54
2025-08-19 12:48:07.430,546.72,113.54
2025-08-19 12:48:08.431,546.72,113.54
2025-08-19 12:48:09.432,546.72,113.54
2025-08-19 12:48:10.432,546.72,113.54
2025-08-19 12:48:11.433,546.72,113.54
2025-08-19 12:48:12.434,546.72,113.54
2025-08-19 12:48:13.435,546.72,113.54
2025-08-19 12:48:14.436,546.72,113.54
2025-08-19 12:48:15.437,546.72,113.54
2025-08-19 12:48:16.438,546.72,113.54
2025-08-19 12:48:17.439,546.72,117.90
2025-08-19 12:48:18.440,546.72,117.90
2025-08-19 12:48:19.441,546.72,117.90
2025-08-19 12:48:20.442,546.72,117.90
2025-08-19 12:48:21.443,546.72,117.90
2025-08-19 12:48:22.444,546.72,113.54
2025-08-19 12:48:23.445,546.72,113.54
2025-08-19 12:48:24.446,546.72,113.54
2025-08-19 12:48:25.447,546.72,113.54
2025-08-19 12:48:26.448,546.72,113.54
2025-08-19 12:48:27.449,546.72,117.90
2025-08-19 12:48:28.450,546.72,117.90
2025-08-19 12:48:29.450,546.72,117.90
2025-08-19 12:48:30.451,546.72,117.90
2025-08-19 12:48:31.452,546.72,117.90
2025-08-19 12:48:32.453,546.72,117.90
2025-08-19 12:48:33.454,546.72,117.90
2025-08-19 12:48:34.455,546.72,117.90
2025-08-19 12:48:35.456,546.72,117.90
2025-08-19 12:48:36.457,546.72,122.27
2025-08-19 12:48:37.458,546.72,122.27
2025-08-19 12:48:38.459,546.72,122.27
2025-08-19 12:48:39.460,546.72,122.27
2025-08-19 12:48:40.461,546.72,122.27
2025-08-19 12:48:41.462,546.72,122.27
2025-08-19 12:48:42.463,546.72,117.90
2025-08-19 12:48:43.463,546.72,117.90
2025-08-19 12:48:44.464,546.72,117.90
2025-08-19 12:48:45.465,546.72,117.90
2025-08-19 12:48:46.466,553.71,117.90
2025-08-19 12:48:47.467,553.71,122.27
2025-08-19 12:48:48.467,553.71,122.27
2025-08-19 12:48:49.468,553.71,122.27
2025-08-19 12:48:50.469,553.71,122.27
2025-08-19 12:48:51.469,553.71,122.27
2025-08-19 12:48:52.470,553.71,122.27
2025-08-19 12:48:53.471,553.71,122.27
2025-08-19 12:48:54.471,553.71,122.27
2025-08-19 12:48:55.472,553.71,122.27
2025-08-19 12:48:56.473,553.71,122.27
2025-08-19 12:48:57.474,553.71,126.64
2025-08-19 12:48:58.474,553.71,126.64
2025-08-19 12:48:59.475,553.71,126.64
2025-08-19 12:49:00.476,553.71,126.64
2025-08-19 12:49:01.477,553.71,126.64
2025-08-19 12:49:02.477,553.71,126.64
2025-08-19 12:49:03.478,553.71,126.64
2025-08-19 12:49:04.479,553.71,126.64
2025-08-19 12:49:05.480,553.71,126.64
2025-08-19 12:49:06.481,553.71,126.64
2025-08-19 12:49:07.481,553.71,126.64
2025-08-19 12:49:08.482,553.71,126.64
2025-08-19 12:49:09.483,553.71,126.64
2025-08-19 12:49:10.484,553.71,126.64
2025-08-19 12:49:11.485,553.71,126.64
2025-08-19 12:49:12.486,553.71,126.64
2025-08-19 12:49:13.486,553.71,126.64
2025-08-19 12:49:14.487,553.71,126.64
2025-08-19 12:49:15.488,553.71,126.64
2025-08-19 12:49:16.489,553.71,126.64
2025-08-19 12:49:17.490,553.71,126.64
2025-08-19 12:49:18.491,553.71,126.64
2025-08-19 12:49:19.491,553.71,131.00
2025-08-19 12:49:20.492,560.70,126.64
2025-08-19 12:49:21.493,560.70,131.00
2025-08-19 12:49:22.494,560.70,131.00
2025-08-19 12:49:23.495,560.70,131.00
2025-08-19 12:49:24.495,560.70,126.64
2025-08-19 12:49:25.496,560.70,126.64
2025-08-19 12:49:26.497,560.70,126.64
2025-08-19 12:49:27.498,560.70,126.64
2025-08-19 12:49:28.499,560.70,131.00
2025-08-19 12:49:29.499,560.70,131.00
2025-08-19 12:49:30.500,560.70,126.64
2025-08-19 12:49:31.501,560.70,131.00
2025-08-19 12:49:32.502,560.70,131.00
2025-08-19 12:49:33.503,560.70,126.64
2025-08-19 12:49:34.503,560.70,126.64
2025-08-19 12:49:35.504,560.70,131.00
2025-08-19 12:49:36.505,560.70,131.00
2025-08-19 12:49:37.506,560.70,131.00
2025-08-19 12:49:38.506,560.70,131.00
2025-08-19 12:49:39.507,560.70,131.00
2025-08-19 12:49:40.508,560.70,131.00
2025-08-19 12:49:41.509,560.70,131.00
2025-08-19 12:49:42.510,560.70,131.00
2025-08-19 12:49:43.510,560.70,131.00
2025-08-19 12:49:44.511,560.70,131.00
2025-08-19 12:49:45.512,560.70,131.00
2025-08-19 12:49:46.513,560.70,126.64
2025-08-19 12:49:47.514,560.70,131.00
2025-08-19 12:49:48.514,560.70,131.00
2025-08-19 12:49:49.515,560.70,131.00
2025-08-19 12:49:50.516,567.69,131.00
2025-08-19 12:49:51.517,567.69,131.00
2025-08-19 12:49:52.518,567.69,131.00
2025-08-19 12:49:53.519,567.69,131.00
2025-08-19 12:49:54.520,567.69,131.00
2025-08-19 12:49:55.521,567.69,131.00
2025-08-19 12:49:56.522,567.69,131.00
2025-08-19 12:49:57.523,567.69,131.00
2025-08-19 12:49:58.525,567.69,131.00
2025-08-19 12:49:59.526,567.69,131.00
2025-08-19 12:50:00.527,567.69,131.00
2025-08-19 12:50:01.528,567.69,131.00
2025-08-19 12:50:02.528,567.69,131.00
2025-08-19 12:50:03.529,567.69,131.00
2025-08-19 12:50:04.530,567.69,131.00
2025-08-19 12:50:05.530,567.69,131.00
2025-08-19 12:50:06.531,567.69,131.00
2025-08-19 12:50:07.532,567.69,131.00
2025-08-19 12:50:08.533,567.69,131.00
2025-08-19 12:50:09.533,567.69,131.00
2025-08-19 12:50:10.535,567.69,131.00
2025-08-19 12:50:11.535,567.69,135.37
2025-08-19 12:50:12.536,567.69,131.00
2025-08-19 12:50:13.537,567.69,131.00
2025-08-19 12:50:14.538,567.69,135.37
2025-08-19 12:50:15.539,567.69,135.37
2025-08-19 12:50:16.539,567.69,135.37
2025-08-19 12:50:17.540,567.69,135.37
2025-08-19 12:50:18.541,567.69,135.37
2025-08-19 12:50:19.542,574.67,135.37
2025-08-19 12:50:20.543,574.67,135.37
2025-08-19 12:50:21.544,574.67,135.37
2025-08-19 12:50:22.545,574.67,135.37
2025-08-19 12:50:23.546,574.67,135.37
2025-08-19 12:50:24.546,574.67,131.00
2025-08-19 12:50:25.547,574.67,135.37
2025-08-19 12:50:26.548,574.67,135.37
2025-08-19 12:50:27.549,574.67,131.00
2025-08-19 12:50:28.550,574.67,131.00
2025-08-19 12:50:29.551,574.67,135.37
2025-08-19 12:50:30.552,574.67,131.00
2025-08-19 12:50:31.552,574.67,131.00
2025-08-19 12:50:32.553,574.67,135.37
2025-08-19 12:50:33.554,574.67,135.37
2025-08-19 12:50:34.555,574.67,131.00
2025-08-19 12:50:35.556,574.67,131.00
2025-08-19 12:50:36.557,574.67,131.00
2025-08-19 12:50:37.558,574.67,131.00
2025-08-19 12:50:38.559,574.67,135.37
2025-08-19 12:50:39.560,574.67,135.37
2025-08-19 12:50:40.561,574.67,135.37
2025-08-19 12:50:41.562,574.67,135.37
2025-08-19 12:50:42.562,574.67,135.37
2025-08-19 12:50:43.563,574.67,135.37
2025-08-19 12:50:44.564,574.67,135.37
2025-08-19 12:50:45.565,581.66,135.37
2025-08-19 12:50:46.566,581.66,135.37
2025-08-19 12:50:47.567,581.66,135.37
2025-08-19 12:50:48.568,581.66,135.37
2025-08-19 12:50:49.569,581.66,135.37
2025-08-19 12:50:50.570,581.66,135.37
2025-08-19 12:50:51.571,581.66,135.37
2025-08-19 12:50:52.573,581.66,135.37
2025-08-19 12:50:53.574,581.66,135.37
2025-08-19 12:50:54.575,581.66,135.37
2025-08-19 12:50:55.576,581.66,139.74
2025-08-19 12:50:56.577,581.66,139.74
2025-08-19 12:50:57.578,581.66,135.37
2025-08-19 12:50:58.579,581.66,135.37
2025-08-19 12:50:59.581,581.66,131.00
2025-08-19 12:51:00.582,581.66,135.37
2025-08-19 12:51:01.583,581.66,139.74
2025-08-19 12:51:02.584,581.66,139.74
2025-08-19 12:51:03.585,581.66,139.74
2025-08-19 12:51:04.586,581.66,139.74
2025-08-19 12:51:05.587,581.66,139.74
2025-08-19 12:51:06.587,581.66,139.74
2025-08-19 12:51:07.588,581.66,139.74
2025-08-19 12:51:08.589,581.66,139.74
2025-08-19 12:51:09.590,581.66,139.74
2025-08-19 12:51:10.591,581.66,135.37
2025-08-19 12:51:11.592,588.65,135.37
2025-08-19 12:51:12.593,588.65,135.37
2025-08-19 12:51:13.594,588.65,139.74
2025-08-19 12:51:14.595,588.65,139.74
2025-08-19 12:51:15.596,588.65,139.74
2025-08-19 12:51:16.597,588.65,139.74
2025-08-19 12:51:17.597,588.65,135.37
2025-08-19 12:51:18.598,588.65,135.37
2025-08-19 12:51:19.599,588.65,135.37
2025-08-19 12:51:20.600,588.65,135.37
2025-08-19 12:51:21.601,588.65,135.37
2025-08-19 12:51:22.602,588.65,139.74
2025-08-19 12:51:23.603,588.65,135.37
2025-08-19 12:51:24.604,588.65,131.00
2025-08-19 12:51:25.604,588.65,131.00
2025-08-19 12:51:26.605,588.65,131.00
2025-08-19 12:51:27.606,588.65,135.37
2025-08-19 12:51:28.606,588.65,135.37
2025-08-19 12:51:29.607,588.65,135.37
2025-08-19 12:51:30.608,588.65,139.74
2025-08-19 12:51:31.608,588.65,139.74
2025-08-19 12:51:32.609,588.65,135.37
2025-08-19 12:51:33.610,588.65,139.74
2025-08-19 12:51:34.610,588.65,139.74
2025-08-19 12:51:35.611,588.65,139.74
2025-08-19 12:51:36.612,588.65,139.74
2025-08-19 12:51:37.613,588.65,139.74
2025-08-19 12:51:38.614,595.63,139.74
2025-08-19 12:51:39.615,595.63,139.74
2025-08-19 12:51:40.616,595.63,139.74
2025-08-19 12:51:41.618,595.63,139.74
2025-08-19 12:51:42.618,595.63,139.74
2025-08-19 12:51:43.620,595.63,139.74
2025-08-19 12:51:44.620,595.63,139.74
2025-08-19 12:51:45.621,595.63,139.74
2025-08-19 12:51:46.622,595.63,135.37
2025-08-19 12:51:47.623,595.63,139.74
2025-08-19 12:51:48.624,595.63,139.74
2025-08-19 12:51:49.624,595.63,139.74
2025-08-19 12:51:50.625,595.63,139.74
2025-08-19 12:51:51.627,595.63,139.74
2025-08-19 12:51:52.628,595.63,139.74
2025-08-19 12:51:53.629,595.63,139.74
2025-08-19 12:51:54.630,595.63,144.10
2025-08-19 12:51:55.631,595.63,144.10
2025-08-19 12:51:56.632,595.63,139.74
2025-08-19 12:51:57.633,595.63,139.74
2025-08-19 12:51:58.634,595.63,139.74
2025-08-19 12:51:59.634,595.63,139.74
2025-08-19 12:52:00.635,595.63,139.74
2025-08-19 12:52:01.636,595.63,139.74
2025-08-19 12:52:02.637,595.63,139.74
2025-08-19 12:52:03.638,602.62,139.74
2025-08-19 12:52:04.639,602.62,139.74
2025-08-19 12:52:05.640,602.62,135.37
2025-08-19 12:52:06.640,602.62,135.37
2025-08-19 12:52:07.641,602.62,139.74
2025-08-19 12:52:08.642,602.62,139.74
2025-08-19 12:52:09.643,602.62,139.74
2025-08-19 12:52:10.644,602.62,144.10
2025-08-19 12:52:11.645,602.62,144.10
2025-08-19 12:52:12.645,602.62,144.10
2025-08-19 12:52:13.646,602.62,144.10
2025-08-19 12:52:14.647,602.62,144.10
2025-08-19 12:52:15.647,602.62,144.10
2025-08-19 12:52:16.648,602.62,139.74
2025-08-19 12:52:17.649,602.62,139.74
2025-08-19 12:52:18.650,602.62,144.10
2025-08-19 12:52:19.650,602.62,144.10
2025-08-19 12:52:20.651,602.62,144.10
2025-08-19 12:52:21.652,602.62,144.10
2025-08-19 12:52:22.653,602.62,144.10
2025-08-19 12:52:23.654,602.62,144.10
2025-08-19 12:52:24.655,602.62,144.10
2025-08-19 12:52:25.656,602.62,144.10
2025-08-19 12:52:26.656,602.62,144.10
2025-08-19 12:52:27.657,602.62,144.10
2025-08-19 12:52:28.658,609.61,144.10
2025-08-19 12:52:29.659,609.61,144.10
2025-08-19 12:52:30.660,609.61,144.10
2025-08-19 12:52:31.661,609.61,144.10
2025-08-19 12:52:32.662,609.61,144.10
2025-08-19 12:52:33.663,609.61,144.10
2025-08-19 12:52:34.664,609.61,144.10
2025-08-19 12:52:35.664,609.61,139.74
2025-08-19 12:52:36.665,609.61,144.10
2025-08-19 12:52:37.666,609.61,144.10
2025-08-19 12:52:38.666,609.61,144.10
2025-08-19 12:52:39.667,609.61,144.10
2025-08-19 12:52:40.668,609.61,144.10
2025-08-19 12:52:41.669,609.61,144.10
2025-08-19 12:52:42.669,609.61,144.10
2025-08-19 12:52:43.670,609.61,144.10
2025-08-19 12:52:44.671,609.61,144.10
2025-08-19 12:52:45.671,609.61,144.10
2025-08-19 12:52:46.672,609.61,144.10
2025-08-19 12:52:47.673,609.61,144.10
2025-08-19 12:52:48.673,609.61,144.10
2025-08-19 12:52:49.674,609.61,144.10
2025-08-19 12:52:50.675,609.61,144.10
2025-08-19 12:52:51.676,609.61,144.10
2025-08-19 12:52:52.677,609.61,144.10
2025-08-19 12:52:53.678,616.59,144.10
2025-08-19 12:52:54.679,616.59,144.10
2025-08-19 12:52:55.680,616.59,144.10
2025-08-19 12:52:56.681,616.59,144.10
2025-08-19 12:52:57.682,616.59,144.10
2025-08-19 12:52:58.682,616.59,144.10
2025-08-19 12:52:59.683,616.59,144.10
2025-08-19 12:53:00.683,616.59,144.10
2025-08-19 12:53:01.684,616.59,139.74
2025-08-19 12:53:02.685,616.59,139.74
2025-08-19 12:53:03.685,616.59,139.74
2025-08-19 12:53:04.686,616.59,144.10
2025-08-19 12:53:05.686,616.59,144.10
2025-08-19 12:53:06.687,616.59,139.74
2025-08-19 12:53:07.687,616.59,144.10
2025-08-19 12:53:08.688,616.59,144.10
2025-08-19 12:53:09.688,616.59,144.10
2025-08-19 12:53:10.689,616.59,144.10
2025-08-19 12:53:11.690,616.59,144.10
2025-08-19 12:53:12.690,616.59,139.74
2025-08-19 12:53:13.691,616.59,144.10
2025-08-19 12:53:14.692,616.59,144.10
2025-08-19 12:53:15.693,616.59,144.10
2025-08-19 12:53:16.693,616.59,144.10
2025-08-19 12:53:17.694,616.59,144.10
2025-08-19 12:53:18.695,623.58,144.10
2025-08-19 12:53:19.696,623.58,144.10
2025-08-19 12:53:20.696,623.58,144.10
2025-08-19 12:53:21.697,623.58,144.10
2025-08-19 12:53:22.698,623.58,144.10
2025-08-19 12:53:23.699,623.58,144.10
2025-08-19 12:53:24.700,623.58,144.10
2025-08-19 12:53:25.701,623.58,144.10
2025-08-19 12:53:26.702,623.58,144.10
2025-08-19 12:53:27.703,623.58,144.10
2025-08-19 12:53:28.704,623.58,144.10
2025-08-19 12:53:29.705,623.58,144.10
2025-08-19 12:53:30.706,623.58,144.10
2025-08-19 12:53:31.707,623.58,139.74
2025-08-19 12:53:32.708,623.58,139.74
2025-08-19 12:53:33.708,623.58,144.10
2025-08-19 12:53:34.709,623.58,139.74
2025-08-19 12:53:35.710,623.58,139.74
2025-08-19 12:53:36.711,623.58,139.74
2025-08-19 12:53:37.711,623.58,139.74
2025-08-19 12:53:38.712,623.58,144.10
2025-08-19 12:53:39.713,623.58,144.10
2025-08-19 12:53:40.713,623.58,144.10
2025-08-19 12:53:41.714,623.58,139.74
2025-08-19 12:53:42.715,623.58,144.10
2025-08-19 12:53:43.715,623.58,144.10
2025-08-19 12:53:44.716,630.57,148.47
2025-08-19 12:53:45.717,630.57,148.47
2025-08-19 12:53:46.718,630.57,144.10
2025-08-19 12:53:47.719,630.57,144.10
2025-08-19 12:53:48.719,630.57,144.10
2025-08-19 12:53:49.720,630.57,144.10
2025-08-19 12:53:50.721,630.57,144.10
2025-08-19 12:53:51.721,630.57,144.10
2025-08-19 12:53:52.722,630.57,144.10
2025-08-19 12:53:53.722,630.57,144.10
2025-08-19 12:53:54.723,630.57,144.10
2025-08-19 12:53:55.724,630.57,139.74
2025-08-19 12:53:56.724,630.57,139.74
2025-08-19 12:53:57.725,630.57,139.74
2025-08-19 12:53:58.726,630.57,139.74
2025-08-19 12:53:59.727,630.57,144.10
2025-08-19 12:54:00.728,630.57,144.10
2025-08-19 12:54:01.728,630.57,144.10
2025-08-19 12:54:02.729,630.57,144.10
2025-08-19 12:54:03.730,630.57,144.10
2025-08-19 12:54:04.731,630.57,144.10
2025-08-19 12:54:05.732,630.57,144.10
2025-08-19 12:54:06.733,630.57,148.47
2025-08-19 12:54:07.733,630.57,148.47
2025-08-19 12:54:08.734,630.57,148.47
2025-08-19 12:54:09.735,630.57,144.10
2025-08-19 12:54:10.736,630.57,148.47
2025-08-19 12:54:11.737,637.55,148.47
2025-08-19 12:54:12.737,637.55,148.47
2025-08-19 12:54:13.738,637.55,148.47
2025-08-19 12:54:14.739,637.55,144.10
2025-08-19 12:54:15.740,637.55,148.47
2025-08-19 12:54:16.741,637.55,144.10
2025-08-19 12:54:17.742,637.55,144.10
2025-08-19 12:54:18.743,637.55,144.10
2025-08-19 12:54:19.743,637.55,139.74
2025-08-19 12:54:20.744,637.55,144.10
2025-08-19 12:54:21.745,637.55,148.47
2025-08-19 12:54:22.746,637.55,144.10
2025-08-19 12:54:23.747,637.55,144.10
2025-08-19 12:54:24.747,637.55,144.10
2025-08-19 12:54:25.748,637.55,144.10
2025-08-19 12:54:26.749,637.55,144.10
2025-08-19 12:54:27.749,637.55,139.74
2025-08-19 12:54:28.750,637.55,139.74
2025-08-19 12:54:29.750,637.55,144.10
2025-08-19 12:54:30.751,637.55,144.10
2025-08-19 12:54:31.752,637.55,148.47
2025-08-19 12:54:32.753,637.55,144.10
2025-08-19 12:54:33.754,637.55,139.74
2025-08-19 12:54:34.754,637.55,144.10
2025-08-19 12:54:35.755,637.55,144.10
2025-08-19 12:54:36.756,637.55,139.74
2025-08-19 12:54:37.756,637.55,139.74
2025-08-19 12:54:38.757,644.54,144.10
2025-08-19 12:54:39.758,644.54,144.10
2025-08-19 12:54:40.758,644.54,144.10
2025-08-19 12:54:41.759,644.54,144.10
2025-08-19 12:54:42.760,644.54,144.10
2025-08-19 12:54:43.760,644.54,148.47
2025-08-19 12:54:44.761,644.54,148.47
2025-08-19 12:54:45.762,644.54,148.47
2025-08-19 12:54:46.762,644.54,148.47
2025-08-19 12:54:47.763,644.54,148.47
2025-08-19 12:54:48.764,644.54,148.47
2025-08-19 12:54:49.765,644.54,148.47
2025-08-19 12:54:50.765,644.54,148.47
2025-08-19 12:54:51.766,644.54,148.47
2025-08-19 12:54:52.767,644.54,148.47
2025-08-19 12:54:53.768,644.54,148.47
2025-08-19 12:54:54.768,644.54,148.47
2025-08-19 12:54:55.769,644.54,148.47
2025-08-19 12:54:56.770,644.54,148.47
2025-08-19 12:54:57.771,644.54,148.47
2025-08-19 12:54:58.771,644.54,148.47
2025-08-19 12:54:59.772,644.54,148.47
2025-08-19 12:55:00.773,644.54,148.47
2025-08-19 12:55:01.773,644.54,148.47
2025-08-19 12:55:02.774,644.54,148.47
2025-08-19 12:55:03.775,651.53,148.47
2025-08-19 12:55:04.776,651.53,148.47
2025-08-19 12:55:05.777,651.53,148.47
2025-08-19 12:55:06.778,651.53,148.47
2025-08-19 12:55:07.779,651.53,148.47
2025-08-19 12:55:08.780,651.53,148.47
2025-08-19 12:55:09.781,651.53,148.47
2025-08-19 12:55:10.782,651.53,148.47
2025-08-19 12:55:11.783,651.53,148.47
2025-08-19 12:55:12.784,651.53,148.47
2025-08-19 12:55:13.785,651.53,148.47
2025-08-19 12:55:14.785,651.53,148.47
2025-08-19 12:55:15.786,651.53,148.47
2025-08-19 12:55:16.786,651.53,148.47
2025-08-19 12:55:17.787,651.53,148.47
2025-08-19 12:55:18.787,651.53,148.47
2025-08-19 12:55:19.788,651.53,148.47
2025-08-19 12:55:20.789,651.53,148.47
2025-08-19 12:55:21.789,651.53,144.10
2025-08-19 12:55:22.790,651.53,144.10
2025-08-19 12:55:23.791,651.53,144.10
2025-08-19 12:55:24.791,651.53,144.10
2025-08-19 12:55:25.792,651.53,148.47
2025-08-19 12:55:26.793,651.53,148.47
2025-08-19 12:55:27.794,651.53,148.47
2025-08-19 12:55:28.795,651.53,148.47
2025-08-19 12:55:29.795,658.52,148.47
2025-08-19 12:55:30.796,658.52,148.47
2025-08-19 12:55:31.797,658.52,148.47
2025-08-19 12:55:32.797,658.52,148.47
2025-08-19 12:55:33.798,658.52,148.47
2025-08-19 12:55:34.798,658.52,152.84
2025-08-19 12:55:35.799,658.52,148.47
2025-08-19 12:55:36.800,658.52,148.47
2025-08-19 12:55:37.801,658.52,148.47
2025-08-19 12:55:38.802,658.52,148.47
2025-08-19 12:55:39.803,658.52,148.47
2025-08-19 12:55:40.804,658.52,148.47
2025-08-19 12:55:41.805,658.52,144.10
2025-08-19 12:55:42.805,658.52,144.10
2025-08-19 12:55:43.806,658.52,144.10
2025-08-19 12:55:44.807,658.52,139.74
2025-08-19 12:55:45.807,658.52,148.47
2025-08-19 12:55:46.808,658.52,148.47
2025-08-19 12:55:47.809,658.52,148.47
2025-08-19 12:55:48.809,658.52,148.47
2025-08-19 12:55:49.811,658.52,148.47
2025-08-19 12:55:50.812,658.52,148.47
2025-08-19 12:55:51.813,658.52,148.47
2025-08-19 12:55:52.814,658.52,148.47
2025-08-19 12:55:53.815,658.52,148.47
2025-08-19 12:55:54.816,658.52,152.84
2025-08-19 12:55:55.816,665.50,152.84
2025-08-19 12:55:56.817,665.50,148.47
2025-08-19 12:55:57.818,665.50,152.84
2025-08-19 12:55:58.818,665.50,148.47
2025-08-19 12:55:59.819,665.50,148.47
2025-08-19 12:56:00.820,665.50,152.84
2025-08-19 12:56:01.821,665.50,152.84
2025-08-19 12:56:02.822,665.50,152.84
2025-08-19 12:56:03.822,665.50,148.47
2025-08-19 12:56:04.823,665.50,148.47
2025-08-19 12:56:05.824,665.50,148.47
2025-08-19 12:56:06.824,665.50,148.47
2025-08-19 12:56:07.825,665.50,144.10
2025-08-19 12:56:08.826,665.50,148.47
2025-08-19 12:56:09.827,665.50,152.84
2025-08-19 12:56:10.827,665.50,152.84
2025-08-19 12:56:11.828,665.50,152.84
2025-08-19 12:56:12.829,665.50,152.84
2025-08-19 12:56:13.829,665.50,152.84
2025-08-19 12:56:14.830,665.50,152.84
2025-08-19 12:56:15.830,665.50,148.47
2025-08-19 12:56:16.831,665.50,148.47
2025-08-19 12:56:17.831,665.50,148.47
2025-08-19 12:56:18.832,665.50,148.47
2025-08-19 12:56:19.833,665.50,152.84
2025-08-19 12:56:20.833,665.50,148.47
2025-08-19 12:56:21.834,672.49,152.84
2025-08-19 12:56:22.835,672.49,152.84
2025-08-19 12:56:23.836,672.49,152.84
2025-08-19 12:56:24.836,672.49,152.84
2025-08-19 12:56:25.837,672.49,148.47
2025-08-19 12:56:26.837,672.49,148.47
2025-08-19 12:56:27.838,672.49,148.47
2025-08-19 12:56:28.839,672.49,148.47
2025-08-19 12:56:29.839,672.49,144.10
2025-08-19 12:56:30.840,672.49,144.10
2025-08-19 12:56:31.840,672.49,148.47
2025-08-19 12:56:32.841,672.49,152.84
2025-08-19 12:56:33.842,672.49,152.84
2025-08-19 12:56:34.842,672.49,152.84
2025-08-19 12:56:35.843,672.49,152.84
2025-08-19 12:56:36.844,672.49,152.84
2025-08-19 12:56:37.845,672.49,148.47
2025-08-19 12:56:38.845,672.49,148.47
2025-08-19 12:56:39.846,672.49,148.47
2025-08-19 12:56:40.847,672.49,148.47
2025-08-19 12:56:41.848,672.49,148.47
2025-08-19 12:56:42.849,672.49,152.84
2025-08-19 12:56:43.850,672.49,152.84
2025-08-19 12:56:44.850,672.49,152.84
2025-08-19 12:56:45.851,672.49,152.84
2025-08-19 12:56:46.852,672.49,152.84
2025-08-19 12:56:47.853,672.49,152.84
2025-08-19 12:56:48.853,679.48,152.84
2025-08-19 12:56:49.854,679.48,157.21
2025-08-19 12:56:50.855,679.48,161.57
2025-08-19 12:56:51.855,679.48,157.21
2025-08-19 12:56:52.856,679.48,157.21
2025-08-19 12:56:53.857,679.48,157.21
2025-08-19 12:56:54.857,679.48,157.21
2025-08-19 12:56:55.858,679.48,152.84
2025-08-19 12:56:56.859,679.48,152.84
2025-08-19 12:56:57.860,679.48,152.84
2025-08-19 12:56:58.861,679.48,152.84
2025-08-19 12:56:59.861,679.48,152.84
2025-08-19 12:57:00.862,679.48,152.84
2025-08-19 12:57:01.863,679.48,152.84
2025-08-19 12:57:02.864,679.48,152.84
2025-08-19 12:57:03.864,679.48,152.84
2025-08-19 12:57:04.865,679.48,152.84
2025-08-19 12:57:05.866,679.48,152.84
2025-08-19 12:57:06.866,679.48,152.84
2025-08-19 12:57:07.867,679.48,152.84
2025-08-19 12:57:08.868,679.48,152.84
2025-08-19 12:57:09.869,679.48,152.84
2025-08-19 12:57:10.870,679.48,157.21
2025-08-19 12:57:11.871,679.48,152.84
2025-08-19 12:57:12.872,679.48,152.84
2025-08-19 12:57:13.873,686.46,152.84
2025-08-19 12:57:14.874,686.46,152.84
2025-08-19 12:57:15.875,686.46,148.47
2025-08-19 12:57:16.876,686.46,157.21
2025-08-19 12:57:17.876,686.46,161.57
2025-08-19 12:57:18.877,686.46,161.57
2025-08-19 12:57:19.878,686.46,157.21
2025-08-19 12:57:20.878,686.46,157.21
2025-08-19 12:57:21.879,686.46,157.21
2025-08-19 12:57:22.880,686.46,152.84
2025-08-19 12:57:23.881,686.46,152.84
2025-08-19 12:57:24.881,686.46,152.84
2025-08-19 12:57:25.882,686.46,152.84
2025-08-19 12:57:26.883,686.46,152.84
2025-08-19 12:57:27.884,686.46,152.84
2025-08-19 12:57:28.885,686.46,152.84
2025-08-19 12:57:29.885,686.46,152.84
2025-08-19 12:57:30.886,686.46,152.84
2025-08-19 12:57:31.887,686.46,152.84
2025-08-19 12:57:32.888,686.46,152.84
2025-08-19 12:57:33.889,686.46,148.47
2025-08-19 12:57:34.889,686.46,152.84
2025-08-19 12:57:35.890,686.46,152.84
2025-08-19 12:57:36.890,686.46,148.47
2025-08-19 12:57:37.891,686.46,148.47
2025-08-19 12:57:38.892,686.46,148.47
2025-08-19 12:57:39.893,693.45,161.57
2025-08-19 12:57:40.893,693.45,161.57
2025-08-19 12:57:41.894,693.45,157.21
2025-08-19 12:57:42.895,693.45,157.21
2025-08-19 12:57:43.896,693.45,157.21
2025-08-19 12:57:44.896,693.45,152.84
2025-08-19 12:57:45.897,693.45,152.84
2025-08-19 12:57:46.898,693.45,152.84
2025-08-19 12:57:47.899,693.45,152.84
2025-08-19 12:57:48.899,693.45,152.84
2025-08-19 12:57:49.900,693.45,152.84
2025-08-19 12:57:50.901,693.45,152.84
2025-08-19 12:57:51.902,693.45,152.84
2025-08-19 12:57:52.903,693.45,152.84
2025-08-19 12:57:53.903,693.45,152.84
2025-08-19 12:57:54.904,693.45,152.84
2025-08-19 12:57:55.905,693.45,152.84
2025-08-19 12:57:56.906,693.45,152.84
2025-08-19 12:57:57.906,693.45,152.84
2025-08-19 12:57:58.908,693.45,152.84
2025-08-19 12:57:59.908,693.45,152.84
2025-08-19 12:58:00.909,693.45,152.84
2025-08-19 12:58:01.910,693.45,152.84
2025-08-19 12:58:02.912,693.45,152.84
2025-08-19 12:58:03.913,693.45,152.84
2025-08-19 12:58:04.914,693.45,152.84
2025-08-19 12:58:05.915,700.44,152.84
2025-08-19 12:58:06.916,700.44,152.84
2025-08-19 12:58:07.916,700.44,152.84
2025-08-19 12:58:08.917,700.44,152.84
2025-08-19 12:58:09.918,700.44,152.84
2025-08-19 12:58:10.918,700.44,152.84
2025-08-19 12:58:11.919,700.44,152.84
2025-08-19 12:58:12.920,700.44,152.84
2025-08-19 12:58:13.920,700.44,152.84
2025-08-19 12:58:14.921,700.44,157.21
2025-08-19 12:58:15.922,700.44,157.21
2025-08-19 12:58:16.922,700.44,157.21
2025-08-19 12:58:17.923,700.44,157.21
2025-08-19 12:58:18.923,700.44,152.84
2025-08-19 12:58:19.924,700.44,148.47
2025-08-19 12:58:20.924,700.44,148.47
2025-08-19 12:58:21.925,700.44,152.84
2025-08-19 12:58:22.925,700.44,152.84
2025-08-19 12:58:23.926,700.44,157.21
2025-08-19 12:58:24.926,700.44,157.21
2025-08-19 12:58:25.927,700.44,157.21
2025-08-19 12:58:26.928,700.44,157.21
2025-08-19 12:58:27.928,700.44,157.21
2025-08-19 12:58:28.929,700.44,157.21
2025-08-19 12:58:29.929,700.44,157.21
2025-08-19 12:58:30.930,700.44,152.84
2025-08-19 12:58:31.930,700.44,152.84
2025-08-19 12:58:32.931,700.44,152.84
2025-08-19 12:58:33.931,707.42,152.84
2025-08-19 12:58:34.932,707.42,152.84
2025-08-19 12:58:35.933,707.42,157.21
2025-08-19 12:58:36.933,707.42,157.21
2025-08-19 12:58:37.934,707.42,157.21
2025-08-19 12:58:38.935,707.42,157.21
2025-08-19 12:58:39.936,707.42,157.21
2025-08-19 12:58:40.937,707.42,157.21
2025-08-19 12:58:41.937,707.42,157.21
2025-08-19 12:58:42.938,707.42,157.21
2025-08-19 12:58:43.939,707.42,152.84
2025-08-19 12:58:44.939,707.42,152.84
2025-08-19 12:58:45.940,707.42,152.84
2025-08-19 12:58:46.941,707.42,152.84
2025-08-19 12:58:47.941,707.42,152.84
2025-08-19 12:58:48.942,707.42,152.84
2025-08-19 12:58:49.943,707.42,152.84
2025-08-19 12:58:50.943,707.42,152.84
2025-08-19 12:58:51.944,707.42,152.84
2025-08-19 12:58:52.945,707.42,152.84
2025-08-19 12:58:53.946,707.42,152.84
2025-08-19 12:58:54.947,707.42,152.84
2025-08-19 12:58:55.948,707.42,152.84
2025-08-19 12:58:56.949,707.42,152.84
2025-08-19 12:58:57.950,707.42,152.84
2025-08-19 12:58:58.951,707.42,152.84
2025-08-19 12:58:59.952,707.42,152.84
2025-08-19 12:59:00.953,707.42,152.84
2025-08-19 12:59:01.954,707.42,152.84
2025-08-19 12:59:02.955,714.41,152.84
2025-08-19 12:59:03.956,714.41,157.21
2025-08-19 12:59:04.957,714.41,152.84
2025-08-19 12:59:05.957,714.41,157.21
2025-08-19 12:59:06.958,714.41,161.57
2025-08-19 12:59:07.959,714.41,161.57
2025-08-19 12:59:08.959,714.41,157.21
2025-08-19 12:59:09.960,714.41,157.21
2025-08-19 12:59:10.961,714.41,157.21
2025-08-19 12:59:11.961,714.41,157.21
2025-08-19 12:59:12.962,714.41,157.21
2025-08-19 12:59:13.962,714.41,157.21
2025-08-19 12:59:14.963,714.41,157.21
2025-08-19 12:59:15.964,714.41,157.21
2025-08-19 12:59:16.965,714.41,157.21
2025-08-19 12:59:17.965,714.41,157.21
2025-08-19 12:59:18.966,714.41,157.21
2025-08-19 12:59:19.966,714.41,157.21
2025-08-19 12:59:20.967,714.41,157.21
2025-08-19 12:59:21.967,714.41,157.21
2025-08-19 12:59:22.967,714.41,157.21
2025-08-19 12:59:23.968,714.41,152.84
2025-08-19 12:59:24.969,714.41,152.84
2025-08-19 12:59:25.969,714.41,152.84
2025-08-19 12:59:26.970,714.41,157.21
2025-08-19 12:59:27.970,714.41,157.21
2025-08-19 12:59:28.971,714.41,157.21
2025-08-19 12:59:29.971,721.40,157.21
2025-08-19 12:59:30.972,721.40,157.21
2025-08-19 12:59:31.972,721.40,152.84
2025-08-19 12:59:32.973,721.40,157.21
2025-08-19 12:59:33.973,721.40,152.84
2025-08-19 12:59:34.974,721.40,148.47
2025-08-19 12:59:35.974,721.40,152.84
2025-08-19 12:59:36.975,721.40,157.21
2025-08-19 12:59:37.975,721.40,157.21
2025-08-19 12:59:38.976,721.40,152.84
2025-08-19 12:59:39.976,721.40,152.84
2025-08-19 12:59:40.977,721.40,152.84
2025-08-19 12:59:41.977,721.40,152.84
2025-08-19 12:59:42.978,721.40,152.84
2025-08-19 12:59:43.978,721.40,152.84
2025-08-19 12:59:44.979,721.40,152.84
2025-08-19 12:59:45.979,721.40,152.84
2025-08-19 12:59:46.980,721.40,152.84
2025-08-19 12:59:47.980,721.40,157.21
2025-08-19 12:59:48.981,721.40,157.21
2025-08-19 12:59:49.981,721.40,157.21
2025-08-19 12:59:50.982,721.40,157.21
2025-08-19 12:59:51.983,721.40,157.21
2025-08-19 12:59:52.983,721.40,157.21
2025-08-19 12:59:53.983,721.40,152.84
2025-08-19 12:59:54.984,721.40,157.21
2025-08-19 12:59:55.984,721.40,157.21
2025-08-19 12:59:56.985,721.40,157.21
2025-08-19 12:59:57.985,721.40,157.21
2025-08-19 12:59:58.986,721.40,157.21
2025-08-19 12:59:59.987,728.38,157.21
2025-08-19 13:00:00.987,728.38,157.21
2025-08-19 13:00:01.987,728.38,152.84
2025-08-19 13:00:02.988,728.38,152.84
2025-08-19 13:00:03.988,728.38,157.21
2025-08-19 13:00:04.988,728.38,157.21
2025-08-19 13:00:05.989,728.38,157.21
2025-08-19 13:00:06.989,728.38,157.21
2025-08-19 13:00:07.989,728.38,157.21
2025-08-19 13:00:08.990,728.38,157.21
2025-08-19 13:00:09.990,728.38,157.21
2025-08-19 13:00:10.990,728.38,152.84
2025-08-19 13:00:11.991,728.38,152.84
2025-08-19 13:00:12.991,728.38,152.84
2025-08-19 13:00:13.992,728.38,152.84
2025-08-19 13:00:14.992,728.38,152.84
2025-08-19 13:00:15.993,728.38,152.84
2025-08-19 13:00:16.993,728.38,152.84
